COG,A,B,C,D,E,F,G,H,I,J,K,L,M,N,O,P,Q,S,T,U,V,W,Y,Z
SRR8742861_quant,38996.69393,14773.59573,57713.63459,17583.34692,42510.93152,7624.608814,57418.97241,15329.60884,28485.31865,145505.1762,37027.73856,49740.3122,5819.294126,262.57189,96931.75285,22483.30556,37217.12652,122128.7426,97623.96087,43164.97625,10456.36034,219.90459,1671.963212,17033.85735
SRR8742862_quant,40616.93551,14958.26242,48814.67796,15869.41957,51553.89101,7450.318369,74057.18245,14014.9809,27995.18792,165087.1698,35291.84278,45762.42811,6376.051294,184.27327,104465.8096,20494.21721,34251.05993,125549.0106,79343.68371,44401.41227,39127.58302,187.30644,1751.50549,18776.29375
SRR8742863_quant,40580.95248,15981.22552,55291.71226,17879.5988,42312.74478,8180.560454,60593.94168,15920.55393,31308.1823,164036.1502,42555.70025,51921.69107,7225.56052,275.93398,119260.9335,22835.43855,38325.75018,121125.9503,95230.7643,47119.34821,9972.951239,246.94008,1997.90732,17495.07977
SRR8742864_quant,32567.46311,16346.93051,52674.88655,15006.8646,40458.5256,5973.800086,54067.40111,13311.36539,23923.36771,150926.7817,32079.09818,41784.19735,4755.280291,193.91288,87673.73981,21730.1072,39105.02348,123068.8598,99960.01016,41425.1028,9481.28272,268.9081,1922.58427,14889.45041
SRR8742865_quant,44301.54418,17486.8593,60544.55526,18948.96637,41333.12226,8241.22608,57323.14346,15914.23645,29689.35105,188758.4441,35794.73777,48325.38688,5799.728642,147.41509,104321.731,20658.80183,38340.00097,124774.7128,89296.05863,46572.49952,10207.42907,228.37432,2018.73085,18384.923
SRR8742866_quant,37952.54001,15411.77458,55134.84099,15172.36673,49069.11109,7056.378762,72374.20717,15474.87568,25030.8418,170487.5459,32653.71843,47150.12961,5418.468729,160.70924,89470.16943,18423.50235,33936.04866,114050.2319,76137.65559,43688.7706,44403.02676,187.75495,1845.681612,17720.45505
SRR8742867_quant,36178.0019,13032.59626,57834.83357,17364.57888,36924.99635,7885.371029,50481.6905,17097.69946,27334.17144,166979.7052,33516.74552,52785.40512,5107.567327,113.130767,173940.0436,20661.90925,41591.59854,106952.0945,96577.61271,35857.5353,9527.96331,305.66647,1663.230939,17936.98773
SRR8742868_quant,29060.0008,11823.99861,53652.25489,14347.01959,45741.14433,5921.032275,70673.43874,13688.58946,20026.80733,158147.399,28126.14882,43895.13209,3899.513946,73.858787,65661.26312,14914.71926,31628.14158,97057.43037,80343.31922,30898.63502,48968.52137,284.56046,1499.105829,15646.18327
SRR8742869_quant,41073.95596,14501.91269,55202.65795,21791.98456,36285.70886,8519.14958,60459.51543,17058.28143,27062.36298,165870.2317,38126.20831,65702.41125,5767.644583,103.60242,89638.17366,20486.87367,48130.18436,117758.4313,105270.6407,40108.10503,10522.04918,283.64776,1814.94492,17158.78733
SRR8742870_quant,41131.72225,14764.14968,49159.57728,18237.58772,48781.38264,8157.643657,70391.95156,15384.46889,25610.54047,164896.0647,37725.35353,60281.97879,5893.705366,175.71226,93929.82922,22164.35801,38485.45258,112920.8502,98637.41624,39786.68551,39153.44136,288.91974,1714.07499,18260.97163
SRR8742871_quant,43063.07663,16719.75904,51396.13859,19325.25652,41611.09194,8310.241631,54551.35837,17579.70416,28262.85804,171078.055,39410.47635,62823.82978,6692.908898,215.38359,108090.9843,23129.40076,44600.04849,115704.747,101086.8379,42865.50574,9763.051084,299.90731,2067.346861,17759.34953
SRR8742872_quant,39306.9962,12717.24306,41412.77984,17256.69229,54567.83656,7153.532451,75855.07323,14920.1884,23953.32878,176209.4205,34483.09362,54341.26398,5248.056855,121.8908,82691.50989,19428.60551,32826.66106,111872.128,94166.55171,34358.99505,66399.34719,262.66895,1532.518271,18352.53849
SRR8742873_quant,37357.11647,21293.44736,53461.57073,17795.40321,37794.93309,7268.528563,50765.60603,14240.21032,25042.13362,178013.2567,40141.28362,65478.39697,6041.833418,115.12553,107484.5586,19798.54882,43955.90408,123486.1941,94002.94339,54691.74704,9114.768195,230.24783,1820.493569,16044.47756
SRR8742874_quant,32237.24022,17260.93334,46190.0508,14687.76449,56219.25954,5946.679232,88636.43072,11294.72265,21321.61934,170339.7013,35338.1405,59477.33571,5257.368315,101.27026,94078.60423,17954.02532,38091.92593,118198.8317,79897.10241,45195.3185,44480.8318,169.30895,1737.048393,17101.26714
SRR8742875_quant,38668.34993,17581.68703,40801.95041,14717.24279,32051.75495,6353.36674,42646.57348,11937.85945,20824.94718,141449.4313,34800.6165,55259.3449,5966.15727,140.2563,106151.237,16679.55446,34215.1099,105847.5261,70894.63674,48615.28177,7025.17334,202.32275,1829.017828,13420.35749
SRR8742876_quant,27050.9707,14719.53747,67804.7533,13997.88973,61398.18989,5126.223872,97094.25131,10722.90335,20236.38387,155795.6851,33905.99306,57542.58763,4698.574942,118.24669,77539.40126,17116.49223,40844.06285,117635.5146,80473.25736,38531.57815,60314.7774,273.95512,1423.211498,16842.73896
SRR8742877_quant,31617.48342,18290.81695,89375.15295,16236.32319,39205.15012,5789.401017,56587.52505,12086.79902,24737.95957,147117.3729,43508.12932,70606.98291,5896.54906,124.679631,91662.30017,21246.87835,53254.60675,115671.1522,101691.414,47924.09167,10477.37934,354.75906,1646.802211,16265.69544
SRR8742878_quant,28386.20845,12822.42252,44118.89756,11716.53165,54745.49567,4230.063795,84884.21925,8655.361941,17197.63202,153963.4713,28890.0317,48562.56394,4030.494896,96.6674,67491.91806,13288.99144,37842.61027,93425.89572,63381.19146,32853.27141,72585.00645,253.7429,1177.731309,13294.86346
SRR8742879_quant,29313.1619,15084.32998,86787.74778,15106.10584,56951.63092,6197.445822,84813.86369,12100.60654,21438.12308,152059.8009,33749.93254,64205.38897,4476.65585,47.63591,77965.25811,17471.62762,37228.54093,113208.1429,83333.65023,37663.16751,44198.8704,279.544822,1410.579274,18039.03701
SRR8742880_quant,29801.0067,14503.80415,75656.00604,14421.76116,58085.15173,6037.284901,91622.95314,11074.16989,19133.10105,162595.0219,36799.38475,59357.42861,4257.882362,57.137409,74094.61678,17060.83184,40830.24607,109659.9231,82983.48661,34682.7478,51312.15554,286.94118,1404.353962,17989.21096
SRR8742881_quant,22995.21022,13432.14166,46057.95887,9893.599316,62377.48184,3971.795515,107068.5381,8125.238726,12897.78848,183526.9085,25269.29615,32152.54125,3560.451973,51.435502,61679.95566,10284.45195,36002.75625,103748.5419,44191.91588,27744.61519,71568.55586,288.7906,1039.992303,13296.37667
SRR8742882_quant,35189.26958,18553.12915,57391.95403,16350.68691,41687.66901,7129.38465,50896.98798,12791.08369,26275.12674,161956.5842,43967.90985,64035.67117,7074.132324,230.852448,99414.5799,22451.09903,60244.39122,120550.499,94842.89838,44632.49356,9768.906382,442.604933,1556.222686,15354.85216
SRR8742883_quant,26626.41755,15668.48444,44485.66593,13102.82346,62444.52199,6268.048657,93777.62984,11006.24428,20906.56291,168452.9902,35484.97898,54800.44492,4934.499482,133.248622,73803.73556,17514.6715,38451.26327,130569.517,69525.23153,36655.71607,44516.15624,410.76514,1410.613257,15898.68194
SRR8742884_quant,39910.37374,18352.51968,45138.93506,18212.43845,44001.1559,7792.786946,49722.53067,13686.34628,29055.86417,157512.923,48981.43266,67454.22626,8315.191006,339.94221,100086.4119,22183.31341,53613.62313,112604.5985,97936.99008,45150.862,9472.08566,258.29891,1683.111939,14830.79829
SRR8742885_quant,24031.92574,9101.695543,36752.33733,11182.65696,178342.7073,6370.247649,83567.04791,11348.80667,18804.19013,150940.1822,28447.9129,38433.32384,4584.043324,120.863633,60251.45752,17465.13897,36336.82403,113139.4245,48399.34307,26549.29058,51390.05189,618.606548,1150.597559,26578.01093
SRR8742886_quant,35919.33025,13211.56101,53165.97873,17910.35432,41548.57125,8801.914305,51605.58106,15575.75903,26376.47022,167707.6644,34149.58779,54537.33112,6373.290379,148.204809,91810.66244,23391.55319,54408.58558,138039.6996,87132.2303,37298.9531,9392.835413,793.351842,1692.257886,15968.8762
SRR8742887_quant,24696.16263,11720.41312,53051.23208,11040.80997,55436.90186,6847.473786,80063.01644,13043.17273,22708.2632,180040.7456,26814.03236,36431.68065,5749.869462,182.141869,71982.04069,21549.73465,44969.86721,142578.1926,58179.49255,31237.61882,33884.15558,1068.809272,1429.487996,14287.74852
SRR8742888_quant,22232.03472,9980.047902,45862.36602,9446.733336,55377.80566,6999.936631,73808.33731,12016.71192,21007.7918,169892.2427,25211.87769,29195.33297,5372.868863,144.537721,64736.72067,20278.52718,47120.10035,148758.1081,47009.91319,28887.62608,43890.28794,902.629336,1287.887166,13429.14667
SRR8742889_quant,22331.01559,10567.671,43130.41944,9021.310485,55306.75364,6238.795873,77560.34041,10648.26849,19236.5074,174320.1893,25972.4933,31458.74871,5181.222125,163.082282,69982.29133,18641.91242,44031.49657,131517.0872,42366.45917,27680.47499,42171.47803,798.233293,1177.335874,12360.63527
SRR8742890_quant,26497.51311,12915.28471,61623.44019,10782.12484,41577.20864,7418.763019,52677.66984,14425.16565,23737.25747,161259.0917,29819.33262,33726.05599,6319.938487,202.717943,77585.42883,23905.36117,57008.9289,166221.526,64087.25787,33805.8326,6619.517748,1240.744474,1591.600432,13169.75232
SRR8742891_quant,30143.95394,11545.44688,63931.87087,12790.06043,43686.15122,8633.977415,57261.35057,16408.79962,27636.27205,170797.6514,30605.43028,40098.2024,6150.768978,123.77173,80512.7399,25152.79048,51238.0159,149366.3266,63784.43073,34941.93224,6189.636283,888.558761,1591.989051,14270.7594
SRR8742892_quant,29029.28025,10715.02857,56382.13482,10892.55351,41211.35129,8916.565461,48999.22918,16062.99793,25176.40045,198124.885,27483.50462,23120.01468,6266.221063,198.318642,77161.61885,25169.78969,48890.00546,157887.9959,53136.35876,33299.4651,5452.392476,1137.006806,1675.788536,15197.14238
SRR8742893_quant,16893.23609,8714.052012,55731.21727,7088.530198,52761.55911,8052.781711,73928.45027,14362.82661,19863.66881,214345.4224,16925.07088,12128.08051,5473.324071,191.565063,67947.09733,19573.08534,48840.58176,162709.7232,27183.3018,27819.61635,27446.38738,996.967139,1299.577844,14832.3826
SRR8742894_quant,22484.29346,9627.033319,52251.49412,9087.136804,53383.85895,8339.620277,69440.435,14623.40041,23394.06867,189508.081,20480.32477,20379.77046,5545.858312,193.837303,73403.80598,22440.55965,45133.92678,165717.3909,40226.72703,32009.98225,23837.78141,725.092994,1551.435576,16247.0162
SRR8742895_quant,28081.25281,11123.13717,58774.48294,10935.70257,45225.63031,9580.871214,54188.12014,16150.82141,26443.72154,191716.4967,25331.29494,28137.91614,6425.229566,160.842008,81992.93398,25499.23494,48291.5828,160617.0425,54022.5435,36118.44636,5071.494318,930.634849,1715.199629,16681.83225
SRR8742896_quant,22915.78,9979.404318,57246.5084,9292.332681,47937.91688,8951.866301,60364.88132,15812.99428,25623.82828,187558.0994,21669.80534,20559.60785,6314.736828,199.316426,79938.37327,25930.13382,47254.172,174099.379,39342.89461,36038.44643,3766.475692,789.151934,1864.664037,16506.65665
SRR8742897_quant,22476.08439,10728.17606,52092.8527,10283.55295,71495.90091,6043.619303,115535.7347,8988.40958,16623.97645,202219.6031,27144.59449,38330.76877,3193.551142,69.420323,65534.94605,13629.18934,35238.02124,103048.7484,59652.80996,28315.79332,79420.74744,309.620285,1191.987599,22777.57228
SRR8742898_quant,23746.25733,11655.35661,42370.96226,11192.80849,66253.97748,5677.819633,97767.1506,9303.072451,26683.57183,185615.4176,28890.24648,46941.54878,4993.535306,102.980716,88058.00475,15019.82385,44435.68485,128509.8447,55216.93513,29364.15672,63300.37972,246.220933,1237.574909,19477.49561
SRR8742899_quant,38441.78182,13144.87738,34667.23002,17002.05314,47878.33506,6237.002997,69933.34906,10908.1714,20411.04618,171354.1601,31006.43418,58873.4503,4770.718972,118.023744,76452.11698,16040.03861,45614.53975,97881.14273,75365.25995,32756.54903,61136.40708,231.59698,1399.221474,16568.82852
SRR8742900_quant,35315.87197,15532.45952,48113.61614,16109.1401,38550.40115,8746.145469,51741.59628,15779.21436,24028.48755,170441.7419,41398.05826,64137.90282,5938.786033,123.47753,84452.25272,21854.48657,41891.89557,127937.2541,107136.2452,43748.16173,7820.989465,404.061353,1767.67586,16069.125
SRR8742901_quant,31953.13588,19052.19267,46028.83045,13845.31078,37931.24237,7852.64158,47862.61146,13679.0207,22077.14692,224646.9066,34401.37654,42433.6383,6164.714486,194.316122,92830.48962,19449.68591,43517.76126,135263.7577,62620.68658,38889.88809,7041.291689,462.59364,1709.421652,15500.89449
SRR8742902_quant,32869.2194,17585.23878,37026.38901,12947.97754,30960.81161,6754.765956,41631.01856,11801.41676,19098.37088,159797.5091,30585.18224,46229.67231,5446.113178,106.945547,81308.80089,16739.43633,34433.36492,110825.7105,63686.78807,38793.55184,6422.367951,307.04042,1574.620216,13694.50275
SRR8742903_quant,25346.2716,16316.28086,54112.81528,10791.8467,41856.09888,8480.701739,53041.03706,15899.87363,23922.10002,202290.8126,29004.03784,30987.42462,6563.255366,167.424887,83096.47805,21142.69066,48784.94876,154273.0333,52561.84097,38941.39743,4712.225263,446.433989,1733.124797,13949.54988
SRR8742904_quant,22356.11095,14043.46714,46051.11868,8830.154089,47477.74237,7946.331677,67889.22877,12339.24879,19646.36675,211794.0912,24996.30423,24931.62321,5685.741264,183.406575,80869.39206,19247.09986,41848.9387,153620.1479,37824.67589,34345.27183,23475.1965,455.012667,1449.020242,13060.64583
SRR8742905_quant,25705.64898,11631.65432,51433.70953,11101.08068,39699.50669,8392.304319,50510.16242,14556.77786,23916.93632,177501.5673,25145.72617,27509.82489,6912.348905,261.264672,83282.6766,21835.2538,45942.87812,152934.8923,43541.58715,36567.9369,4087.094478,591.018707,1963.132847,12769.51196
SRR8742906_quant,24003.68507,11941.85177,56009.48923,9651.557684,40090.86831,8277.554851,48643.4701,15679.15975,23912.11763,181232.796,22596.68324,21738.18111,6766.057257,240.672895,84887.08133,22980.36765,54123.99826,172340.523,38867.19732,35887.46317,3972.630394,1005.63156,1814.86179,12384.46812
SRR8742907_quant,18587.88774,9765.82153,60027.61484,7315.465501,45764.4226,9022.671437,58448.48631,15560.21416,22116.8746,236688.0314,18546.27579,10857.38202,6603.67678,239.729072,69143.30736,21197.14286,53917.05041,160146.7967,27659.85955,32365.91827,2715.46504,684.949221,1641.931182,11509.21535
SRR8742908_quant,18984.45764,9467.764704,55475.78561,7653.167431,45698.70354,8551.56176,63548.53159,15820.09541,22971.19884,195601.3236,19246.28202,14178.80016,6738.024718,208.143021,69423.43518,21876.78585,57247.23844,173056.209,34937.34986,33195.16607,3077.349749,585.724198,1530.825183,11136.2767
SRR8742909_quant,18565.71295,9812.356001,57453.0371,7402.2453,50292.67678,8757.585823,65540.60622,14907.47199,20984.49256,206601.4527,18154.22876,15085.57116,6325.267105,231.938112,70602.84978,21820.0506,52821.07791,162434.6833,28538.14953,32486.54816,17878.48902,1020.208866,1554.441189,11803.12607
SRR8742910_quant,22044.61785,10912.99672,57920.5332,8387.982708,46748.79569,8491.679263,62433.41368,15612.87887,24293.46465,191366.6425,20158.68789,15507.9903,6826.2882,226.268533,76126.66493,26018.4879,49004.68766,170160.2643,32260.22293,33593.6074,9428.782408,1210.008688,1645.167323,12669.11383
SRR8742911_quant,16873.03871,9324.597392,54500.26105,6545.181986,50184.4844,8721.283674,63523.12175,17225.20795,21938.98451,176069.4174,18921.66583,10524.16289,5887.558668,155.752093,67797.93838,22671.80298,55209.38821,179527.9003,28147.26114,31310.3349,16523.63503,859.686596,1396.05406,11655.4731
SRR8742912_quant,17491.88177,9289.158944,56403.22305,6710.480486,42777.65977,8881.998586,54223.43061,14107.72188,21048.66688,245995.6704,17204.05276,9799.371774,6170.897303,191.572916,65681.60275,19983.57998,50973.3323,156012.7604,25128.68475,31912.11323,2585.026085,663.534464,1580.521257,10888.78896
SRR8742913_quant,21407.91074,10074.24012,61234.97997,8155.686151,48542.43288,9030.75458,57284.63544,17952.34931,25077.99962,194768.3241,19722.36723,12167.87224,6958.211183,255.668326,74586.48757,25915.10391,55893.94828,170536.887,31441.73859,34249.10897,3433.210315,1166.015498,1683.658919,12284.29044
SRR8742914_quant,20162.78309,8870.845513,51431.52824,9665.537867,70790.91925,8385.445821,81131.93656,15879.43607,25664.01145,169952.6483,21192.53763,14510.36779,7341.599479,211.188017,76552.38077,26636.01343,52507.89074,165521.0879,39587.2154,33432.4208,7196.378512,606.241069,1519.974064,15702.03312
SRR8742915_quant,17078.69718,10604.76128,52615.03882,7282.757332,46027.74214,7433.175859,91876.03504,15113.48392,23334.25687,132965.7621,17879.8679,11584.34123,6495.549042,176.90953,75083.36515,27074.99661,59189.57285,197993.6817,29635.64225,34695.17826,2911.130031,954.414505,1337.467069,11082.26777
SRR8742916_quant,18821.35598,11247.80731,57334.13752,7804.442992,51926.18411,8599.172911,69442.26174,17319.93398,24007.78305,150081.5222,19137.37115,13094.65793,6387.521173,220.650477,72340.37986,26460.64945,57562.82106,192428.9792,30349.23989,35273.36197,9071.944743,976.72756,1583.383182,11861.73569
SRR8742917_quant,26898.07572,11774.02052,136742.1537,11728.59721,32659.91443,7674.229265,60069.70032,23082.71718,26591.74824,162938.3911,31334.9123,31975.00426,4649.769965,108.31199,69022.09173,15725.86785,32679.7133,116452.3333,85759.88452,35707.11573,12252.90165,332.510524,1681.941983,15727.01851
SRR8742918_quant,17855.23064,8264.359467,127585.0273,7636.465664,54455.3347,3903.173382,105215.568,15114.51104,16351.47105,164013.4043,22527.08778,23134.27574,2742.653729,30.828624,47583.33779,9901.702518,28216.42951,103590.2902,46425.26939,30725.70471,57300.69192,218.36773,1127.285786,13661.16946
SRR8742919_quant,20318.83969,11088.70038,118074.9099,10037.25833,51962.03254,6779.016878,96050.3849,20748.09867,23225.24474,159062.9407,33048.35436,30048.05906,3993.921138,37.46927,59292.0886,13501.92009,31033.35912,107042.1606,83695.27584,34057.24237,69886.56723,297.76465,1697.025267,16756.98406
SRR8742920_quant,41302.8815,15280.815,68377.74771,17919.7249,41352.3744,7543.834912,64891.27517,15383.74257,28767.36675,163962.8675,36044.99504,51393.0751,5872.967122,218.13124,95559.2703,21826.90855,42279.2502,119318.3939,89531.74471,46573.86045,11831.70913,246.20301,1786.273417,17350.99239
SRR8742921_quant,32773.79067,15392.57529,82872.09483,16242.26582,42407.59335,6395.00165,66944.77301,14542.96338,26242.37584,151909.3769,36847.73816,49025.1228,4516.52104,159.88914,87290.00366,19945.57043,41085.9712,118989.198,94344.10269,46082.59847,12213.21323,215.14539,1778.75106,15634.12394
SRR8742922_quant,31696.31383,12539.36359,82208.4891,15626.96644,54106.77143,6912.382771,83819.10389,15113.93572,25039.98808,158812.1902,33481.68575,44846.67715,4446.267722,124.09243,78295.00459,20213.60067,34252.19674,110239.3315,86317.29027,39055.95034,54510.29221,226.72519,1490.995425,18212.37322
SRR8742923_quant,30463.65564,13163.83014,55765.44401,14367.11738,53604.89089,6473.769037,81931.99648,14346.37999,24392.92245,164760.043,30892.34884,43321.9696,4706.921439,130.41746,76064.10187,17998.86514,35816.99747,113152.5331,83431.64404,35978.52597,57304.73852,224.47671,1686.944545,16948.94048
SRR8742924_quant,31425.29984,13475.5626,43220.24348,12986.15212,54050.87779,5506.057622,80868.02506,12244.38343,23023.09208,163766.2116,33164.84806,43411.25365,5165.411564,159.54556,87139.09795,17399.03959,35435.04884,109674.7599,71449.36961,38127.31343,55862.39003,174.24822,1696.67502,16164.83799
SRR8742925_quant,35914.97176,14674.6996,63842.17278,18589.79131,41569.71407,8449.628946,58220.22966,17517.03105,30468.71143,169035.3541,34530.78303,50714.38484,5710.761906,193.61262,87052.82336,22488.3665,39098.15158,120768.9284,96926.25993,40250.69578,10848.06759,253.51186,1837.192347,18506.52647
SRR8742926_quant,34069.15341,12509.37101,119986.7667,19693.98058,36731.42198,8248.24186,62979.11961,17898.49944,28741.91392,136899.2954,37880.81629,61749.55045,5411.830552,89.30354,80295.76269,22389.87287,48498.61132,119537.9622,111004.3778,36773.76358,10031.41319,360.645048,1546.677535,17115.26302
SRR8742927_quant,29604.74689,9321.711609,79264.87834,17879.44801,85840.81176,10628.17347,101540.3035,14736.76042,30399.21422,163463.0735,33732.02447,34059.36879,11875.94374,221.93925,104074.2629,30498.02553,30040.03171,99900.24778,79577.66239,36183.25976,11609.42459,255.19307,1307.967521,22477.38656
SRR8742928_quant,39425.05555,13884.14885,72857.44594,19999.48747,40170.92371,8316.818375,60042.80477,16630.22619,29529.62377,152695.0737,39342.20489,65488.4369,6219.949325,205.841291,94774.49058,24396.63514,48192.8962,121469.4635,108222.2765,39922.59859,10731.49918,292.90761,1511.33175,17175.29015
SRR8742929_quant,36094.80701,12893.89718,77858.59218,16698.9393,50764.16318,6723.792082,71702.74727,13223.96268,23216.68669,151650.7821,36411.57356,49476.72898,5152.509839,153.74371,80806.07975,18665.16464,53301.70229,110848.4869,89757.80215,34940.22775,48352.35686,258.95578,1576.155469,17243.09245
SRR8742930_quant,33396.88787,17652.55724,93728.36527,17527.70138,37835.91877,6161.392124,54170.86542,13475.45376,27162.87504,154379.9438,45028.60562,49280.57026,5910.023673,186.25594,89834.27062,19261.58874,67190.05036,106968.7346,87454.64894,38889.61001,11171.98533,253.35326,1765.639922,15079.8342
SRR8742931_quant,32905.4104,12145.16113,67707.3974,17771.42583,52556.77126,7559.618431,71690.94979,14613.55256,24594.51863,153608.3929,36238.62472,50217.75853,5424.626562,156.43789,82278.6259,20314.00574,57212.60841,106794.5535,95284.78969,35001.05736,56211.51638,237.87912,1694.35316,18509.79288
SRR8742932_quant,44996.23395,15209.95697,60367.84082,19377.21641,37215.44727,8286.812233,49124.67337,14324.25327,27313.95745,196235.3761,42833.28544,54698.46268,6331.595688,197.46583,102658.8008,22699.78303,50955.1096,102681.0374,101350.2074,38957.27208,10409.53302,316.88934,1840.210352,20131.22867
SRR8742933_quant,29923.1572,16244.13798,44302.75141,15249.54957,59171.38108,5534.037923,87168.1352,9297.5372,21956.10529,162224.0962,37433.88097,57930.00672,5029.270936,168.55161,84857.36583,16955.73417,59862.33394,112237.548,81936.06924,40455.20485,42937.9461,190.40572,1456.813359,15777.9449
SRR8742934_quant,27302.2332,16045.0236,46720.90076,14972.62273,57961.13181,5450.072829,87816.14059,9522.281342,23357.14089,167941.7376,40591.80016,59540.01707,5770.711851,208.19004,83494.34226,18776.09813,58593.70614,108661.669,89311.24068,37662.47508,43917.23711,228.80124,1329.851659,23284.1968
SRR8742935_quant,41087.64399,18456.44251,49145.60877,20354.42098,37559.94941,7802.707966,50734.93862,12747.07594,26569.32681,160294.5065,45846.29371,61445.06277,6624.312097,278.865403,99675.00062,22705.79254,63543.62996,108130.8419,114648.4784,42613.12052,9741.14004,226.50036,1746.022929,16701.55281
SRR8742936_quant,30269.43756,16711.134,55737.45089,15134.11661,35930.92952,7648.244982,48898.40626,11610.7999,22241.99249,214075.2584,38586.33008,51904.61129,5782.291031,138.838993,94761.47825,19745.31116,60536.3574,120990.3318,84628.13398,37312.25548,7863.044356,449.33664,1599.328706,17682.65111
SRR8742937_quant,34409.02749,16888.29809,49697.19923,17168.62499,38498.33057,7678.552479,49698.90371,12862.2655,25807.6984,186218.3736,43290.46466,66554.51182,6734.4354,157.128145,94861.81453,21492.15379,58399.01997,120899.2587,89794.75444,42795.12528,9086.73053,374.9877,1776.723556,16657.90381
SRR8742938_quant,38004.44907,13353.49571,49597.43215,16797.17366,34119.78896,7064.284609,44292.29806,13049.49242,22292.42256,148885.0915,36943.73072,54657.13235,5382.120442,114.472071,82831.52498,19930.83411,40772.68,100838.2892,100217.7509,36888.48637,9042.114165,293.90806,1576.8884,18211.81793
SRR8742939_quant,26795.97364,13512.16151,55924.49637,11411.25842,43646.40316,8135.935076,59041.55546,13083.93378,20004.61893,227544.0362,26459.65345,30112.00863,5849.090727,223.611222,79742.67312,18788.36981,53530.41651,136132.1331,48500.38693,32814.35665,17145.00605,837.52928,1376.355963,14853.97184
SRR8742940_quant,29919.87195,13723.03451,57122.34729,14493.14262,36243.71857,8462.134683,49536.93133,14935.64531,22649.18398,204495.3299,31507.89524,44761.48407,6330.222513,266.261892,78988.72813,20629.51894,45496.63176,143219.271,68878.7755,35158.905,7538.401986,831.27271,1667.074514,14408.38159
SRR8742941_quant,30572.96122,10841.9167,52461.97495,14577.05245,50648.94052,7857.096183,70079.18979,11483.9186,21051.96426,190103.566,32026.13786,47078.98559,4666.358884,104.123803,74017.61538,17151.26404,36423.19509,96580.83468,73444.75692,30496.15098,66447.25596,369.08505,1378.708638,21886.72653
SRR8742942_quant,22010.65242,11070.75863,54974.45998,9302.703779,47471.206,8290.996481,64077.3269,12906.49272,21669.25412,213058.518,24297.24822,21615.9004,6170.857731,222.778286,74087.35166,21804.39513,48017.79258,155763.9246,36285.12884,30658.06462,20372.81277,1152.295638,1393.496642,13339.18241
SRR8742943_quant,23208.99907,11338.63749,54229.1141,9847.918092,48366.42528,7804.183409,63372.07295,13317.13454,22660.92462,202005.3599,23922.38001,21462.99923,6213.61041,217.778695,74978.70749,23823.24155,48307.80429,158294.1679,39673.07664,31929.28823,20736.68409,1215.481464,1468.208083,12952.75201
SRR8742944_quant,24426.07622,10168.73933,48100.84258,10448.97706,47565.55448,8108.589288,65658.71451,13381.4816,21737.18146,191323.6304,23221.52972,27189.65886,5889.758279,155.497011,68422.56958,19951.19978,48206.7215,148195.148,48314.50745,32441.87547,31068.79539,814.526428,1580.380512,13804.35643
SRR8742945_quant,31810.81227,9705.201792,64653.45508,15038.12386,47268.9894,11311.65579,67947.12346,17192.86762,30793.54437,155025.6885,26842.51403,23958.16211,10500.88735,264.187437,105730.1423,29709.67857,44811.25042,144422.0085,55039.41548,38453.30627,5430.626248,1252.69318,2021.435546,16575.08781
SRR8742946_quant,23627.68307,9108.240564,53854.691,9645.708691,104584.3935,8011.510256,68634.39717,14436.25406,24706.06062,165608.9071,25330.78072,22508.98315,6671.190053,242.008273,73414.95806,25929.14851,44206.5903,141033.1136,46952.01513,30843.96294,23015.04296,1181.176281,1643.732301,17824.96899
SRR8742947_quant,24037.41674,9612.188795,57187.29567,9441.943725,51730.8458,8077.569921,68956.12668,14624.06092,24927.92153,183057.3996,21399.02865,21861.40774,7216.204147,216.059817,70937.04563,27573.56545,48098.11833,159698.4539,41550.90161,32826.32436,21229.89665,1911.156041,1654.033155,13180.7474
SRR8742948_quant,20944.0174,9546.130994,47528.10071,8326.67201,48428.49156,7209.779715,63180.35224,13044.53437,21303.39999,176856.7234,19477.35134,19155.88119,6262.056075,175.927734,66770.85698,22869.04848,46963.95287,162015.0481,35251.43121,30785.34625,26286.50384,1722.813196,1437.490789,13786.32182
SRR8742949_quant,25566.98241,9638.039108,54723.50479,10914.44486,41863.52474,8857.59809,50326.01663,15382.54257,25484.88826,173663.5262,24151.17112,23428.96089,6942.44326,216.584017,77063.05534,27215.10034,51899.83778,165844.9227,50869.5497,34351.01758,5040.677153,1484.421177,1659.820933,14564.35817
SRR8742950_quant,22987.51673,9430.271985,54638.35096,8848.254895,49694.8276,7879.865365,69182.6265,14484.26729,23831.13994,185007.8405,20725.8046,18931.50686,6733.298349,202.033947,72236.8927,26800.18242,46872.63754,163903.183,40802.62556,31476.43545,18604.50008,1954.222011,1521.801133,16294.00656
SRR8742951_quant,25657.519,9918.777231,64804.65974,9675.913184,48480.59627,9258.21913,55873.30095,17751.26224,28107.02324,209237.1562,22438.19637,17302.34236,6901.125134,247.452674,78226.97182,28658.68977,44755.77737,156405.8917,41022.40083,34481.85887,3851.753121,1453.971103,1824.71577,15416.25087
SRR8742952_quant,23475.54178,8468.419347,54548.17334,8391.206684,38904.27441,7715.109583,49591.88105,15499.52388,22250.22422,248260.799,18196.41403,10073.04876,5445.911166,165.236375,80643.20188,21713.05949,47803.43119,147375.4097,33755.68566,31496.97877,3459.305734,1023.596251,1700.109128,20944.43652
SRR8742953_quant,26755.7124,9938.38716,56335.09525,9925.560883,42253.86196,8728.155278,49430.8536,16523.2603,25273.28795,226060.0924,21558.19335,14887.70061,6033.630907,183.533292,80831.20538,23324.47296,48566.31985,151774.0694,42182.72579,33700.28782,4267.390434,1011.533209,1765.242194,18865.4889
SRR8742954_quant,27380.1509,9035.809707,56688.16733,8191.853335,46177.40643,7939.023201,55782.95592,17688.40428,21663.79512,233623.8086,19300.36507,10122.87076,4937.298437,185.112244,71569.3966,21879.92496,48200.67163,152174.9879,29357.19517,28526.94732,13103.95685,790.439934,1787.685409,14643.82612
SRR8742955_quant,23063.53846,10006.54288,57162.49958,9285.924006,46573.55088,9288.57579,59865.52543,16956.49323,26314.30863,174311.8596,20968.5095,16536.28594,6428.514586,197.028751,77183.48936,26934.05664,50507.01648,182418.6392,40219.2815,36001.53436,3639.402622,921.979367,1780.08176,15336.90824
SRR8742956_quant,20394.14204,9560.355969,57020.77812,8042.338858,48007.7657,8488.425505,62724.51261,16134.67002,24308.65613,182008.7353,19300.51934,15168.05822,5911.85107,215.498444,72948.62932,24856.1825,50242.468,180400.291,33714.0784,33676.49672,8972.48209,936.012126,1550.014359,14891.15632
SRR8742957_quant,21897.40487,9805.459605,55536.71569,8715.463942,49467.88778,8716.161126,61896.06873,16610.09627,25781.96299,174485.6063,20916.82759,16580.63743,6204.871479,213.237512,74096.76279,26359.13541,48459.21687,180514.2542,38583.33824,34962.59573,10817.21752,1023.433566,1699.323245,15862.37258
SRR8742958_quant,40489.05013,16273.02737,51981.58057,16153.9014,47706.51435,9755.663746,67497.85415,14129.76434,32275.35973,110195.1209,47337.10882,53639.99136,7379.154969,353.25428,114547.9286,25564.87695,34038.64181,125685.0922,109030.0368,47396.50803,9746.31751,278.46025,2478.46185,18546.38007
SRR8742959_quant,37723.05812,14658.14757,47117.63268,14060.07065,63662.06119,8764.455708,91132.04811,12517.56417,28925.89801,122615.006,43107.35588,47877.28713,6633.751664,321.68348,105946.3942,22957.51816,29134.74819,119637.402,91992.65766,45503.31785,54857.3102,275.95792,2024.398635,19366.20165
SRR8742960_quant,48336.19044,16709.29829,52268.21861,16673.6515,44873.95048,10018.16461,65395.14458,14696.46457,30581.49264,126833.985,42833.74971,48966.05558,6809.075558,223.13548,136366.6101,23265.72586,31855.01759,123266.2304,93329.10411,52437.22559,10017.39747,234.99792,2248.40448,18906.95598
SRR8742961_quant,34769.48782,14797.12021,51327.49591,12603.21652,54649.34378,8058.349644,73737.40512,12926.18781,23715.43347,126556.3565,32996.98334,42228.599,5157.715784,167.915117,85680.62994,19258.90842,27629.95185,108796.404,91694.93963,36756.41315,46602.62155,253.11504,1902.261739,17263.08513
SRR8742962_quant,48870.38117,19110.50214,55795.25428,17976.42576,46921.31549,10471.81974,60500.99487,16202.72724,32142.5507,123683.4872,43301.7041,56594.06104,7145.834513,216.82921,113802.0615,24572.71875,33789.33352,130040.9371,100475.5845,49139.90053,9485.644618,267.70969,2153.1726,19614.27475
SRR8742963_quant,40015.67924,16607.98301,47539.4935,14007.09402,59564.02126,7890.912952,84885.07382,13305.26857,24836.52451,138211.8837,35250.72582,45162.94648,5766.610144,191.02956,99181.29561,19823.52133,27562.24498,115213.0194,80212.85516,41575.85736,67077.05101,214.29621,2225.894772,19633.80777
SRR8742964_quant,45683.7513,15315.28604,53451.92664,15983.19707,45326.49807,9798.399767,54074.92472,15895.65215,27248.28609,129934.0064,39747.21518,45875.79985,5291.351023,159.2635,92245.91533,22193.16632,33302.01105,125194.5041,129851.1467,37412.50736,11229.15993,301.14437,2254.093191,18107.80452
SRR8742965_quant,31936.03123,11096.19584,40870.23117,12366.92778,184673.7618,8337.976402,78766.79282,12513.26889,21582.0806,110133.4677,34603.82564,45538.7842,4286.064891,89.358271,72533.09862,18403.33066,25619.91495,116987.6632,98082.19741,29766.40203,38693.00265,252.49956,1684.467736,27881.40946
SRR8742966_quant,45035.26053,18165.0513,52589.85863,16404.80572,50678.74314,9768.306165,59426.66817,14800.76169,27328.08527,143131.935,39542.90328,55320.83569,5749.075975,104.97658,104454.8493,21602.95038,35154.48332,134316.1121,128575.5351,46507.95725,10616.67546,302.44542,2711.03803,18001.44551
SRR8742967_quant,40410.90597,14881.17683,45036.14932,14020.6643,56311.49151,9027.074885,73717.42751,14513.32713,25179.34327,137334.4702,37411.28418,46206.98996,5194.900272,107.65247,84738.56104,19981.0272,31151.02666,119223.6039,113811.0964,35959.63835,48601.02221,272.13156,1891.37421,18569.26162
SRR8742968_quant,43364.8382,15572.81107,43867.42558,14740.49304,56528.713,10076.77517,76844.71131,15297.06414,26621.17463,136474.5616,38936.679,48077.01358,5543.627322,97.001,89752.79137,20292.2394,29559.52159,120640.7635,113152.1318,37015.04681,49456.56736,282.32948,1878.356249,19602.35143
SRR8742969_quant,49363.23181,17134.81597,47594.09435,16933.29125,43133.77297,10804.1034,56626.37321,16870.01763,28586.51784,131664.2056,40775.96046,55317.27361,6494.977638,141.64472,104280.5116,21449.82686,32045.03368,127031.7461,118512.6397,42685.16634,9023.028607,344.01816,2224.40562,17834.02566
SRR8742970_quant,52126.31912,16059.25558,51146.35035,16867.72238,43415.7624,10505.53858,55260.83489,17051.35308,29168.84464,131690.7976,42783.50882,49807.68281,6208.948289,144.1076,102404.4128,23697.51633,33850.05587,127101.4276,137029.9794,40411.20869,10377.73687,413.5692,2285.55584,18707.30837
SRR8742971_quant,42593.98519,21890.77782,47479.14806,16849.52631,44869.14978,9486.016432,56765.51927,14060.07602,26903.55002,133078.0524,45836.27538,62320.60586,7254.277662,177.70137,116656.6772,22526.69772,32508.2236,137142.9868,112701.688,49116.23394,9197.997487,260.1332,2470.723342,18392.42764
SRR8742972_quant,35679.72236,19140.79508,49148.92112,13831.40876,56092.48008,7801.779807,85342.03082,12076.41353,23481.24039,158336.2135,36389.32319,50518.37134,4957.770555,98.87732,107886.5101,18767.32232,28523.71851,120629.056,90914.57516,41318.63396,38599.70061,215.69393,2108.225734,24925.83711
SRR8742973_quant,41385.77866,15778.56766,41925.58799,15939.98323,37371.88643,9729.486395,47820.97419,13642.73671,25362.0983,108236.5902,39151.60694,52545.05496,6372.908094,208.07244,105842.3132,21124.55007,28144.38495,110156.7784,94243.61317,40602.5713,8519.465361,273.71149,2108.163718,16246.37621
SRR8742974_quant,33071.87282,21092.68667,78857.67546,13101.92384,53186.07203,7463.131234,82839.17447,13317.28077,24218.30602,131959.1438,44859.28343,49469.68513,5145.850653,129.73363,88928.47593,20069.89472,31960.57757,118518.4559,109938.2714,37568.8497,36537.48464,310.65168,1641.18409,17473.35398
SRR8742975_quant,39078.73949,21130.83728,81104.71747,16497.58779,41336.99886,9595.63945,60946.78025,14391.41305,27850.39806,94241.53189,50461.81639,70791.1679,6832.927948,149.55159,98302.00704,25413.71559,35151.34585,123246.2872,149504.7039,44088.24535,8468.67269,398.81792,2085.73171,18457.27396
SRR8742976_quant,30552.63667,12729.58506,43864.99276,10374.28435,62638.05614,6092.47278,96378.58135,9161.185076,18550.22019,141231.0111,31499.26757,43125.10901,4063.305105,114.358419,69542.17219,15860.92273,26925.48502,102328.4799,90810.03381,27115.27267,95187.76877,303.4053,1542.461138,17478.2229
SRR8742977_quant,38011.91864,17101.65234,53583.52799,14863.7198,56714.60946,8921.605122,84355.11885,12326.69417,26444.89637,113378.1136,44779.40311,60791.74008,5562.864022,166.67431,92301.06413,23191.71028,32914.94783,124595.6728,121347.2568,37860.09454,40887.86078,352.11087,1838.793252,19492.31115
SRR8742978_quant,36028.47606,14886.45452,46870.15071,13207.35971,64304.54796,8126.874072,98405.72249,10556.6528,21791.39542,114893.7695,42309.6485,61489.64017,4697.837189,101.666434,79340.31762,18799.23344,31347.21851,118531.5469,121988.1656,34588.93545,53239.9433,283.88754,1625.552269,19048.05401
SRR8742979_quant,45909.38319,18775.72464,59589.00684,16109.66348,39675.37412,9391.99094,65347.63693,13706.06194,28228.68924,118676.0457,44117.17449,56547.00501,5762.897337,131.654879,103369.2954,22493.08962,36965.12874,116254.5326,130169.9043,41110.34951,11268.01734,366.90594,2294.201311,18002.59938
SRR8742980_quant,39561.9011,20612.98129,47993.13224,14863.48031,41802.56087,8907.44912,59441.2742,13077.66848,28915.37406,129052.6249,53518.11872,62700.53375,6735.812633,241.833354,111832.0409,24624.29079,35173.51884,125993.4738,139570.3686,42221.08072,10173.28675,365.35563,2611.416699,19797.2822
SRR8742981_quant,25969.28771,14698.07878,35834.52629,9804.882166,78040.5523,5966.627501,124451.9069,8257.738033,19646.93431,129998.3068,37921.79742,51730.59359,5099.762546,140.2132,72416.52678,17813.65295,27046.48211,124762.5798,94169.7142,27425.24705,78170.59765,382.70548,2233.122862,18595.03432
SRR8742982_quant,38282.73702,15515.84556,48982.23081,14288.13274,39944.85042,8228.970591,57545.6647,13131.36689,31230.53467,128344.0298,46689.46342,50984.41022,8590.790336,351.3017,135331.1272,25937.17849,35095.61107,113102.3012,121859.6873,42845.4082,9094.791185,837.36963,2313.129303,23700.30693
SRR8742983_quant,28971.71508,14042.39411,42577.82088,11150.9385,65421.09774,7422.996188,104562.9585,10414.74249,20685.80524,123192.1262,36394.37205,49083.24442,4818.224539,100.674592,75130.47978,19542.03696,33474.99991,137749.1558,104589.1365,31213.31201,61442.55081,611.610378,1821.01503,17025.25197
SRR8742984_quant,37767.37502,14706.53297,52332.20416,15259.38627,41413.01792,10054.66604,58439.67078,15119.26375,27658.09276,133699.071,39541.12315,49718.72073,7134.145058,202.119034,96533.69046,26357.15811,39565.64495,137964.0771,131753.6304,37804.35605,9263.52034,826.02674,2272.021111,17496.18992
SRR8742985_quant,29503.87715,10585.6645,32744.80987,11074.79702,180685.5196,6493.457205,86635.73914,9874.937776,19274.7447,112667.4366,35505.16387,41750.57837,4498.012425,162.465758,69898.50099,18068.19947,25280.63457,107808.6755,97986.10813,26207.78638,56714.27713,408.067613,1586.356192,29957.00123
SRR8742986_quant,20768.18865,9318.259393,35197.54468,7467.809571,54960.00355,5679.774293,80592.05136,9161.198606,17676.75571,142897.8636,24709.20751,28485.62926,4122.27329,129.485452,58645.27778,17025.89415,28473.05847,117885.2824,66743.12079,22301.25901,54261.97929,669.366483,1301.702697,12948.13374
SRR8742987_quant,29792.16717,10812.07435,41196.9705,9468.391603,55385.07946,6626.887567,77662.77951,11276.91294,21308.63898,147378.5422,28888.07819,33727.92488,5080.446326,202.677526,75789.8039,20355.72275,34464.42778,125686.1837,91150.87556,29696.45086,61190.61816,672.316391,1659.872295,15785.29727
SRR8742988_quant,33187.62741,14140.40871,60147.03997,11275.556,42952.21395,8889.272845,56648.70287,14346.61221,26518.96881,143442.0301,34799.08351,35205.57358,6602.335283,163.180281,86336.99725,26693.44385,45298.59759,152020.2369,99544.79331,35755.88449,6563.666474,1236.50118,2156.741034,15438.4806
SRR8742989_quant,34689.59306,13457.98081,61685.14012,11762.33398,41057.26468,9319.148576,55420.61921,14949.52813,28253.73517,161005.1471,34818.92457,35195.73667,6285.970284,148.591882,85991.62181,26138.02242,41158.45868,147055.182,96725.28103,35446.63435,7116.378165,1036.27046,2060.006386,15780.15934
SRR8742990_quant,20807.9685,8530.373173,55145.6431,7574.539797,52707.759,7446.677272,73788.02212,13564.07958,21725.73715,214101.2272,21579.02734,13894.17047,4828.297891,207.263563,63986.21683,20236.30775,38251.28307,145129.9716,36860.00036,26413.89973,41165.88796,795.784163,1363.104081,15456.4024
SRR8742991_quant,12918.24763,4902.271354,25858.95679,4898.448277,18472.01776,4189.695322,24661.01301,6901.470735,12336.89335,86268.27959,12436.60815,9896.962071,2681.414485,97.398294,38386.86507,11108.28717,19222.47602,68275.24127,32408.82803,15468.2527,2707.260711,386.894312,793.489995,8991.252067
SRR8742992_quant,32073.91152,10935.44243,49550.0415,11089.90391,47738.46428,9443.592504,62502.05119,15133.15235,25589.45248,173292.6934,28977.09061,28446.4618,5897.79906,180.114381,79400.7263,23674.2305,40387.33565,142382.9914,81716.66389,33140.23506,31519.26235,802.439468,1731.857333,17349.02045
SRR8742993_quant,24451.30932,11896.21932,60837.16533,8903.502419,45276.16933,9116.805489,57178.44541,14757.32419,24915.58295,185121.5471,25305.09259,19956.9072,6018.141441,176.141544,76770.95347,24815.93414,48783.22516,167048.4248,58463.6285,33784.60985,5441.154831,1099.072937,1703.648163,15588.59343
SRR8742994_quant,30751.44222,11370.33064,58173.46215,10933.29473,45600.49242,9933.134306,57097.36549,16250.28697,27202.82366,164209.0401,27717.43258,26815.9521,6488.224931,217.054903,85271.57072,26764.18446,45144.58205,165244.5447,76185.13883,36262.32851,5145.550926,935.075743,1824.095798,18485.28698
SRR8742995_quant,26180.09957,9978.301544,55900.73363,9157.753683,47715.4482,8745.721934,66955.11095,15188.88171,25067.57663,195059.8753,23156.52708,19982.33391,5830.211445,201.585297,82762.80207,24236.55575,43726.87986,155057.4605,56520.98461,34572.38326,15946.81788,732.328952,1768.404539,20369.75288
SRR8742996_quant,25387.15979,10246.70188,59716.00824,9154.148093,47229.95331,9604.812458,58672.58277,16326.00333,26315.095,179870.2916,23380.59283,19608.51611,6481.600733,228.009271,81303.13006,26675.02918,47438.65051,169610.4877,52767.99274,35846.5531,4148.282226,848.694858,2007.656156,16799.01785
SRR8742997_quant,29455.72276,12152.83206,44072.51904,11389.53098,61897.63628,7537.952027,90587.04714,11345.93392,20524.97496,164023.5042,34913.77528,39249.1854,4687.956312,134.58467,79256.53209,18656.22585,30589.41654,125423.5343,115634.8169,29510.42228,49336.67422,336.38805,1788.487151,19299.91854
SRR8742998_quant,35559.03598,16320.43014,39905.56987,13170.84151,52584.07646,8288.006171,79787.11388,11802.20547,24807.95847,129354.9087,45165.87008,62378.04622,6088.534588,189.741804,88362.18345,21771.62461,34967.15464,120523.5136,142435.5319,34309.97482,34588.68736,366.934643,2074.513354,16988.24347
SRR8742999_quant,42131.66243,14907.3795,43187.18972,13402.68408,36462.88094,9511.613707,49980.04771,12897.16392,26480.5282,135650.5953,41014.12957,50852.87903,6438.660927,214.606669,92833.23316,22898.07539,35041.33483,118668.0754,142064.6202,35335.9514,8353.556804,423.90285,2137.986455,17378.06327
SRR8743000_quant,35083.11543,16964.67873,50441.10516,12565.30444,35659.35538,8304.742081,46773.17062,12611.52803,23747.51067,207131.1065,39377.21473,42650.86842,5172.284874,154.412429,94806.35316,20010.91181,36627.66428,121229.6668,117513.9196,33795.89892,8257.961397,393.706696,1559.560661,26033.89388
SRR8743001_quant,36024.47393,18641.96223,50671.96135,12765.78398,38490.41023,9140.006915,52280.80389,13113.9659,25539.29197,143026.9221,40203.15629,49356.91489,6858.427408,215.5581,90765.70823,23673.51287,44665.34755,141877.1406,109062.5687,38652.17045,7639.100385,625.88388,2172.53482,16504.77606
SRR8743002_quant,40312.85158,19159.64781,45678.44845,14227.12336,38840.70716,9109.827067,51792.20984,13599.82981,24769.19713,145461.5215,38786.64566,48177.31394,6530.682458,197.14303,87906.81151,22432.51526,40145.09085,136703.3809,96220.37698,41814.1572,8264.66372,560.509917,2059.307417,16686.04138
SRR8743003_quant,30321.21641,14390.73398,52397.68097,12115.71831,45074.42953,10044.61116,55938.33819,15977.75791,26632.86717,153353.6098,34186.22559,39105.34883,7197.914071,241.031971,87503.56632,26179.24179,45024.84479,159563.048,78013.33571,38500.29477,5861.157511,616.794436,2092.778626,14803.00346
SRR8743004_quant,28284.68215,15502.04468,48201.35278,10495.51625,49393.4823,8193.089032,68089.20005,13641.1716,23346.15253,160798.8148,32832.39153,33407.12942,6397.101943,221.750855,91949.94992,23176.76036,42537.3384,152450.1625,60378.33427,34295.7138,25051.41294,652.365104,1725.840547,14250.21467
SRR8743005_quant,27693.54937,13784.43289,41803.1464,9179.740279,50057.01832,7554.403034,76036.74803,12119.2045,19948.86598,177012.9065,25411.99689,31429.58297,5790.5283,211.216581,78266.54319,19088.02083,37617.23558,142056.5569,48815.83731,36585.72403,32498.12758,551.081066,1864.095053,13162.87706
SRR8743006_quant,30370.56295,13827.60858,55499.13772,10365.15622,41540.31807,8894.169639,52792.72536,15279.78486,25748.91,169880.0379,26181.96275,26287.04457,6719.961305,254.91332,86369.32403,25313.64299,50926.16432,165718.7269,54047.31474,35582.70529,5497.734199,909.643781,1956.075402,13208.30571
SRR8743007_quant,28816.59408,11258.58047,53931.32109,10385.50272,44573.38211,9125.104302,54203.38612,16711.30667,25105.20313,150028.7373,26024.06272,24118.05056,6786.532596,211.155813,77692.51627,25542.45324,52082.59362,169672.3121,62616.00104,34567.97396,4936.198716,843.531002,1855.308325,13057.96647
SRR8743008_quant,23663.65089,10895.75564,50000.87669,8438.616048,52554.05129,8098.396165,69826.79337,13904.82338,22501.33753,169561.9385,22924.25819,21252.93731,6425.546114,226.175968,75681.95191,23007.00165,49475.26975,160887.9584,48420.67871,32389.02482,27927.42427,714.455781,1706.560091,13222.96947
SRR8743009_quant,24985.94974,11597.36784,55917.44273,9161.859038,47909.41438,8816.782284,64503.48553,15293.04408,23789.28975,187656.3137,22526.79922,21542.14676,6279.229533,254.807885,77162.94933,23791.93899,49008.97133,162109.8002,41891.33374,34350.09944,15867.69472,795.949019,1823.965293,13872.85042
SRR8743010_quant,27861.05482,12092.22426,56223.65624,9700.7948,49041.06446,8933.723033,64209.58934,16020.89244,25423.40329,175747.9786,24602.83154,22213.82004,6563.243319,256.719693,83182.28011,26056.22979,46397.76117,166440.5836,45397.62228,34620.35009,11553.34277,1025.50491,1856.61142,13810.81595
SRR8743011_quant,24237.67295,10464.28238,56406.27603,9387.650189,47423.89373,9656.559294,61630.76069,18106.40838,26648.81096,156202.4017,25229.46655,17418.58981,6962.020225,189.417345,77945.42284,27735.76414,51490.60669,171327.2592,57811.75932,35446.57117,4463.779814,828.678045,1710.812062,13047.13675
SRR8743012_quant,20392.93731,10096.05276,54175.29583,7563.014128,52862.54236,8737.417401,77261.17605,17262.42979,24726.01997,170482.4853,19814.41577,11918.50528,6690.132503,204.768601,77081.6966,27144.64628,51839.90758,170683.08,34721.35378,33646.15141,11014.08685,717.191219,1646.463225,11918.84851
SRR8743013_quant,22585.65683,10850.61826,57319.80371,8725.413997,52929.75255,8918.703269,70430.49049,17205.69858,25382.64971,173276.6266,21089.59649,15346.33943,6971.299415,231.585904,80455.59427,27835.69989,49679.72657,167460.9561,39943.91826,34706.97622,12123.08555,919.093872,1776.167641,13722.72838
SRR8743014_quant,21253.22129,11054.21047,60846.38933,8651.730321,51920.32858,8223.904754,71513.90639,17038.18568,25445.4069,159870.6072,20296.47461,15183.56621,7028.129651,224.640882,77196.43403,26932.50766,56918.90489,174717.7264,35304.84427,34707.09006,10111.69562,986.896258,1637.85178,13371.42672
SRR8743015_quant,20280.65864,11177.64756,56934.13144,8187.532374,48871.76028,8589.891396,67862.20973,17582.66041,25859.16101,133833.1215,20948.7491,13549.48206,6262.015989,209.657878,76546.28484,28560.79891,56397.8323,198546.9071,40105.28741,36449.00906,3197.662983,863.378653,1626.917261,11932.89529
SRR8743016_quant,15927.47587,10421.17603,52492.8547,6602.444825,47920.05198,7282.766817,85856.99484,14974.33115,23135.71849,131331.5674,17859.03611,9656.208769,5996.695316,183.619421,71568.02619,28221.19682,56020.24975,203502.8025,27860.1073,33270.94546,7831.502335,941.170585,1239.661248,11311.07226
SRR8743017_quant,23186.9358,12663.69845,56077.96723,9060.854484,50044.64807,8799.427666,68555.87064,15851.04998,25020.76044,152819.0905,22779.45717,19536.23748,6244.816534,198.659206,78424.12645,26218.11082,51521.60491,182056.7294,39235.15001,36239.55913,12311.106,815.790228,1787.691905,13225.45235
SRR8743018_quant,32222.83022,14995.23255,100514.0289,12069.31198,37288.06345,9558.644559,73871.26163,21371.39941,25482.95286,143752.5893,34108.58965,34215.87587,5064.397343,90.48075,73965.59355,17874.09398,32224.68792,128737.6083,109385.1744,39127.18326,13033.58845,436.81332,2034.912939,17767.88296
SRR8743019_quant,31175.83002,13454.12753,84814.32634,12259.49503,51572.78446,9741.449848,89875.85054,20346.82003,27201.29616,148366.158,30825.89604,37272.7022,5044.197375,166.32344,74908.13612,17646.46241,30266.57063,127759.8687,84697.55786,34244.50035,55585.10726,355.97777,1794.284094,19498.33408
SRR8743020_quant,27714.32283,12803.22769,94025.31862,11253.97043,50677.829,8824.764183,97693.22111,19410.92575,24146.09341,137224.746,31945.94918,32066.52059,4688.892322,120.75952,64842.58283,16550.89432,30175.86965,121818.2602,100762.3366,34598.04422,55326.81438,326.15644,1736.454859,17998.65814
SRR8743021_quant,43722.91757,16478.20301,75434.57893,15148.40892,43371.59197,9455.219858,67362.17537,14392.18342,29745.01547,120260.8679,37935.86188,46031.53728,5403.048451,210.05709,101404.0814,23780.88274,33983.3402,122568.9048,100679.1075,44961.80812,11814.75174,305.8864,2344.143684,18097.75237
SRR8743022_quant,39323.71252,15892.61195,81447.13619,15771.07753,45865.84954,9679.444734,73022.02669,14735.80887,30520.72066,114666.4638,41988.69182,45102.68773,5710.274989,266.18533,99792.0583,24881.66566,35367.31829,127495.8321,108664.6239,48591.76084,11420.10557,307.38913,2179.24045,18886.04406
SRR8743023_quant,28089.83539,10134.08182,56958.56492,12165.47268,34151.53975,8214.179172,48300.69357,11971.50266,21456.40039,77462.86269,27380.52818,31881.34764,4086.373005,121.67444,68654.51071,18366.96645,24300.19178,91720.91924,78752.04773,30329.35387,8289.76925,201.66293,1404.992781,13751.15242
SRR8743024_quant,40119.64282,15158.00738,50004.32033,13774.62096,56572.65991,8223.64616,79443.00952,12305.83327,26921.82156,125343.1548,40482.289,50602.62261,5996.149012,323.72688,113863.8925,21496.43753,28688.74174,115837.9984,87865.38263,39449.6709,49770.01087,237.244052,2105.54111,19063.23231
SRR8743025_quant,46143.03122,14949.43551,54744.0916,17518.35592,47636.55053,11142.04422,62111.71372,17483.39844,32297.34425,113607.9619,44569.90365,58758.20899,7774.900743,263.56443,99756.4826,27371.52041,34775.88108,125943.1071,112605.6384,42261.06721,8977.372742,354.33365,2040.120844,19860.29706
SRR8743026_quant,37685.51049,15966.49482,106466.9708,15055.78538,39921.59091,10757.24817,58011.21043,17867.84878,28365.63679,106302.147,40836.26292,46499.47578,5861.227928,113.08969,89643.86792,22985.60422,32974.62545,124257.8136,124912.9499,39485.71394,10564.56148,438.04369,1896.640765,17482.37472
SRR8743027_quant,37123.77238,14517.67993,145683.016,17267.226,43063.55987,12620.14645,61011.16415,18248.1965,29833.47836,95598.50348,40717.45982,44240.56044,5682.638483,128.62669,87074.72058,23752.37277,32852.6228,127844.7086,134005.5732,38001.81561,10343.56556,392.109239,1911.060798,18561.63949
SRR8743028_quant,44525.59578,17380.91671,72076.12618,18260.86376,46372.3341,10862.67196,63047.62549,14257.84238,31554.16904,96576.45995,50249.45304,59609.7209,7060.197617,211.922571,106467.9619,28126.53906,36152.82664,129046.7189,144528.7454,43131.47298,10285.07767,372.80821,2326.710352,19143.26129
SRR8743029_quant,38454.20479,14186.17982,61191.65695,14170.73262,54062.5621,9406.77356,75701.21548,13125.36328,23979.98291,128907.8478,37621.24402,45465.75409,4768.434305,155.82302,85363.51714,21092.91495,29525.65929,121216.8083,120539.5646,34729.62154,51953.42966,291.79415,2135.023115,18747.50698
SRR8743030_quant,36490.97346,18458.91161,74860.70081,14905.727,39506.44834,9199.9833,54508.44214,14209.89956,29099.81888,109597.9226,49139.85326,48321.51483,5786.462737,251.208131,99938.70432,22961.36908,34349.68306,114574.3641,121981.466,38854.91552,10963.57755,319.8929,2330.97922,17429.16828
SRR8743031_quant,39788.47742,13497.33609,62595.65033,13708.45175,54549.05348,9253.130671,77674.60077,13685.92036,25481.33662,123246.3241,41837.97664,45267.86547,5518.169033,228.67828,89574.96295,22821.21694,30197.30836,116237.6937,123957.4659,36167.84498,52857.2236,299.18603,1870.5036,19104.67016
SRR8743032_quant,49090.93632,14935.1276,61168.69648,17337.37931,40204.60568,11498.21279,56047.38839,15609.3461,28776.81494,118065.1871,45738.45623,50787.90354,6012.308761,151.42425,100188.9102,25270.25112,34527.19393,125820.0144,146609.0562,40615.53287,11812.04106,420.1121,2119.617122,19016.84891
SRR8743033_quant,35188.98588,17749.53952,45632.69158,13837.49553,57315.55524,7932.687137,86400.91978,10906.04463,25247.80948,124459.931,48474.7807,57764.38743,6317.668967,193.95108,95972.23908,22605.00136,32382.3256,119651.9355,130687.4587,32258.34058,42991.39149,331.75077,2134.703996,20685.9948
SRR8743034_quant,32291.0501,16789.07406,44055.85196,12659.90153,60621.72906,7150.909951,93021.823,9733.867324,23324.47787,129347.473,44189.20254,56302.44351,5345.351033,151.483869,90658.99705,21952.65274,31278.2128,119173.5036,134192.4686,32200.6615,45805.01152,230.73823,2234.475783,19333.89635
SRR8743035_quant,46948.02199,18822.11831,47049.70296,16269.75571,37199.66855,10541.63144,54179.77888,12639.40809,27054.62876,102211.4355,46126.42642,55649.55236,5907.72112,205.23927,108993.6802,24626.54738,32522.38371,116710.733,157559.9821,38523.54826,8911.519416,334.81957,2648.965162,18315.33117
SRR8743036_quant,35715.45752,18283.96623,50474.83237,13794.79903,40416.40835,8979.363303,54739.4707,12924.96372,26875.67401,144504.2297,45745.63664,56753.73281,6739.075521,226.69786,98753.42512,24230.72574,40060.66992,128723.2878,135623.9953,39800.86895,8811.584821,508.74071,2468.597322,17684.06861
SRR8743037_quant,34607.3037,14658.15904,52478.43776,13672.31329,40335.89693,9725.748621,53616.33768,14027.46924,25424.75528,161706.9118,42075.31284,47895.75512,6466.09693,161.209247,95656.07903,24733.88264,37156.20524,132741.7601,130451.8652,37109.42071,8864.944249,467.66397,1989.093262,18334.59827
SRR8743038_quant,3326.296977,1765.853413,3692.295512,833.916957,2527.742618,568.291031,3150.174854,801.175735,1658.924236,8964.516607,2722.674232,3406.016729,336.467346,9.557726,6172.138821,1291.280926,2381.489679,7262.58393,7844.823366,2707.218418,586.073352,21.033798,155.142065,879.919399
SRR8743039_quant,28909.74351,16780.46509,51706.98627,10662.46816,52336.84315,7871.894169,77191.79918,12718.27536,22364.86634,178289.8211,36023.55182,35612.01702,5699.43173,166.759052,87426.90659,20307.32179,37109.16712,129760.6424,91935.41746,31116.69789,34671.61431,580.329469,1982.191805,18117.09102
SRR8743040_quant,34862.80312,14778.11378,55047.68396,12911.43658,38712.26761,8820.322563,52356.07697,13618.42356,25087.52973,150486.5867,37041.95787,41327.33378,6037.613209,244.33124,84867.84694,23733.49615,42384.31608,146158.3899,115236.5686,35673.13639,8352.277076,822.8387,1738.408857,16987.87803
SRR8743041_quant,44149.56915,14837.16573,50542.12866,14701.9178,37783.34625,9473.222999,50769.01028,14089.56077,25355.83937,119720.1602,42310.63159,50472.89285,5737.722114,154.10789,85886.09722,23530.84498,38088.12365,122791.8464,155892.014,36803.75575,9175.315978,428.73547,2013.907513,17638.22063
SRR8743042_quant,29351.4634,12620.61443,51497.05021,10733.18537,52918.13688,7910.372848,69410.58064,13432.70191,25711.79735,166550.9103,31394.21329,31985.69265,6699.668405,285.181084,84196.954,25599.47663,39047.04202,148514.759,86383.08317,32170.96776,22546.61913,984.184701,1829.438697,14869.64449
SRR8743043_quant,30502.45203,14197.46947,47214.66095,10991.89492,53867.06932,8017.260815,75174.37452,12715.30691,24938.82535,151881.3693,35093.80704,39110.56438,6390.441328,264.139556,86506.19837,24107.64126,38142.6078,141046.9034,93711.50967,33395.54626,31905.63589,679.324544,1828.766727,15431.67501
SRR8743044_quant,32406.21593,11775.32236,43889.93108,10745.07415,50130.86924,7734.044394,68914.30663,12584.48387,23658.76913,151446.4579,32160.71237,35458.53768,6262.488102,212.303389,79975.08718,22242.36596,35388.60048,129675.0853,94840.05262,31665.08876,43757.20572,635.424816,1854.451462,16064.68656
SRR8743045_quant,26167.31416,10530.01939,52522.24727,9442.221474,54508.14524,7906.680979,75579.9507,13691.29409,23750.39668,173532.0631,24787.35546,23449.4424,6188.324176,206.839938,75300.66535,25005.15589,41343.0892,156444.7804,63266.23191,31579.62188,30095.04034,1077.648838,1629.956199,14909.18423
SRR8743046_quant,22808.38711,8866.643908,47717.18442,8032.299516,131989.8438,7004.855994,76463.98323,12586.48361,22043.26757,154246.0033,22387.47669,18754.57245,5655.311459,212.706555,64598.23532,23980.20428,39647.55962,142709.8873,51119.87575,27624.17228,34444.67886,1242.413121,1617.209873,20137.18091
SRR8743047_quant,31631.82624,10813.3686,61231.18521,11134.65259,45604.83228,9162.155008,57511.04904,16016.86263,29875.85421,156753.3971,28109.43498,25864.73386,7169.645681,266.843925,82441.99412,29362.03809,48724.84711,156225.3835,84118.79569,35527.56045,5797.432844,1232.505708,1994.24156,14544.88703
SRR8743048_quant,24785.32222,9267.701495,48971.88995,8709.188946,50828.06539,7764.999189,71789.88542,12852.05162,23301.71012,178352.143,21229.95029,20285.77681,5997.150641,219.369311,77111.69721,24044.54481,41662.83673,151083.08,59186.48946,30915.12532,29845.90336,990.847183,1599.083678,17214.65007
SRR8743049_quant,25360.21833,9977.030795,54786.48515,9149.752428,44665.59085,8200.024667,58655.7847,14939.66065,25410.3278,161950.7009,22279.00833,16920.76754,6332.686066,214.212767,75047.34969,26552.7476,50394.24892,173959.4495,59391.93482,33259.26012,4764.057152,862.797675,1693.922034,14064.7153
SRR8743050_quant,25812.40517,10150.41682,53760.70268,9095.239218,49469.94026,8340.043977,69037.01862,14303.24787,25094.201,174301.1406,23780.19933,21935.6541,6354.485898,194.652376,77036.81677,27450.78361,43310.21591,159685.3059,60417.37422,32733.52632,16707.27605,1296.657712,1808.382974,17038.6874
SRR8743051_quant,24612.85706,9775.194191,62746.7965,8894.736251,48208.18421,8974.677249,61816.62882,16509.99635,27027.3663,192465.395,21931.71569,14830.71993,6547.697417,274.408963,83368.33173,28580.1919,42367.66019,161918.8003,49287.04496,34615.71674,4315.923577,845.475816,2011.70558,14634.50867
SRR8743052_quant,26406.63003,9179.019727,50800.86389,9942.262911,47574.76732,8568.421797,62888.45915,15312.13521,25154.05608,196608.074,22484.97002,18737.51447,6096.085503,190.986128,81624.88466,23849.65832,43030.30053,150955.052,59469.44732,33903.96071,17338.02935,774.465697,1789.197019,20016.34569
SRR8743053_quant,29304.98315,10340.89324,68523.38153,8414.353602,51159.48626,8821.628544,47859.51432,18437.27749,25027.74502,248857.529,22114.1251,6313.452073,5408.395797,300.332043,73070.58408,27219.3679,40644.11606,157313.8714,27117.51005,33568.62813,2288.390359,478.850647,2072.450431,11337.98395
SRR8743054_quant,20492.25039,9200.199568,53498.93698,7303.803132,43706.65156,7453.305031,56852.24417,14761.48193,22222.67128,211480.1781,18149.32759,9730.511456,5102.278251,213.341331,72290.71356,21272.22811,45279.99865,158908.6469,32155.15869,29864.48311,11915.63894,762.087027,1438.491751,15588.01959
SRR8743055_quant,23605.33699,9797.505128,58150.13322,8717.252899,49919.75927,9361.416509,63741.88701,16917.84698,27188.14251,161050.3116,21769.59745,14560.7433,6573.688109,254.027742,78091.63077,28383.48297,49885.16187,184287.463,45527.87834,36423.93656,3475.362219,818.193271,1938.649799,15289.01053
SRR8743056_quant,23012.68143,9294.700214,54001.66968,8788.439099,48685.39286,8419.139231,69689.70151,15945.05039,26558.43255,152688.7928,21566.82124,14903.41938,6666.499214,211.48797,83085.89623,30635.27268,48890.76391,182403.8966,46446.15471,35952.27745,3780.126612,984.244872,1881.668793,15179.17445
SRR8743057_quant,23686.4674,10139.15674,55160.61043,8851.440677,48479.31374,8659.602056,62730.23073,16012.0008,26280.57214,163788.7433,22122.91967,17449.83268,6339.759914,206.472903,82675.60848,26367.77658,48873.37941,180056.5357,48502.485,36106.02223,3920.602721,791.548357,2070.353084,16390.78127
SRR8743058_unmaped__quant,31906.44691,12710.30883,30427.03655,14699.40703,45929.62582,7358.677659,93069.33038,13420.71618,25211.92883,177793.2633,37843.38385,47745.00978,11921.68835,194.226656,76655.77232,26417.06863,34209.29253,124193.5044,84329.0619,40461.71596,28497.17393,770.488696,2366.068698,21415.24139
SRR8743059_unmaped__quant,37201.37838,14922.73701,31425.26553,16783.01849,40926.52692,8144.111633,83942.8275,12287.73777,26059.64015,184494.7191,43177.9331,59306.01224,12181.52652,263.057415,93735.63789,26920.60732,32519.02615,120264.94,102193.7878,49314.84556,6160.688137,1190.57352,2705.09211,22141.22304
SRR8743060_unmaped__quant,33405.21415,13254.68138,27830.61439,15891.16944,48672.96964,7513.107063,119551.8001,10412.54424,23766.58404,181828.5815,41084.64227,52915.71828,10820.2523,155.764343,84828.68598,24154.98645,35165.25161,108888.7167,94743.2545,43172.61582,30931.20754,783.13055,2391.709614,21345.71122
SRR8743061_unmaped__quant,32099.40141,13174.20797,25610.32551,15066.40996,50767.53589,6957.270384,93949.26813,10332.81732,20470.6862,205806.9428,38647.63062,50730.65238,9158.060011,159.94449,76760.17481,22947.16323,27394.69446,106602.4414,88310.43223,44589.07038,47252.12808,640.66362,2716.174307,21080.83305
SRR8743062_unmaped__quant,34648.21808,14383.92659,27414.69617,15077.40905,47108.48973,7429.21215,94691.51817,10387.54712,21059.54696,202597.6414,40266.79919,55954.43193,9825.024215,232.953996,81334.4505,22892.27937,27267.89435,103556.4574,88406.54249,50749.69743,33483.92339,610.388714,2578.690801,21482.57777
SRR8743063_unmaped__quant,37930.64394,16150.94948,31024.80244,16584.69823,39883.82876,7965.194501,89700.60749,11892.48218,23423.69892,194543.2977,45320.51442,59310.33836,11832.97824,278.646678,90633.05405,25701.76757,33470.63358,111201.6584,99010.10654,61242.01438,5542.318402,770.38935,2863.990116,20875.68049
SRR8743064_unmaped__quant,39555.38875,14307.55227,29401.04752,17122.71765,40902.21069,8965.535437,76444.92515,11949.27397,20981.53783,207608.1387,42486.73197,65675.1238,9882.533756,198.077857,91010.17942,22412.23651,31057.22715,108109.2833,97905.58615,60701.69895,5397.369607,759.678724,2571.75004,20615.464
SRR8743065_unmaped__quant,38605.36377,12335.67774,25322.02206,16735.93793,72080.42192,8045.0515,80407.05696,10892.33448,19671.04437,209006.8548,42926.97259,61788.01799,9918.231816,192.439142,79837.67971,21644.96927,28193.56306,103638.2708,95447.90956,56299.52467,16117.63012,627.177975,2086.991716,22182.7436
SRR8743066_unmaped__quant,38330.94847,14284.9604,29393.77516,17610.8735,38480.47347,8904.57847,74910.62535,12900.77519,20066.51402,196968.4901,40912.10574,64716.87563,9164.459972,183.315502,87969.84314,23379.48304,31137.99358,117582.6304,104370.1276,52485.00095,5252.435742,913.45871,2708.253401,20730.81234
SRR8743067_unmaped__quant,39500.80009,14725.08241,28859.77577,17009.8785,39933.33653,8702.888841,72472.81382,12288.54129,20991.23807,201909.1083,43871.09214,58903.94581,10339.44372,226.903253,90925.47824,23355.02709,32807.31153,109662.2981,107173.4608,56857.37774,5993.04624,811.40478,2458.46712,19895.81297
SRR8743068_unmaped__quant,35651.45784,13135.61192,24530.91442,16446.75765,47075.88467,8453.144656,80025.93338,11664.72674,18562.70238,199472.0893,39158.94516,60470.83458,7859.707015,109.529905,78799.25723,20068.35135,33526.13522,103153.6161,94815.01422,46437.06778,33579.67192,785.21903,2082.650484,19480.01388
SRR8743069_unmaped__quant,37760.11549,13572.97373,28838.07181,16855.30464,47299.20889,7855.673101,83766.8928,11457.65875,20207.28674,186288.7066,43237.05477,59982.15394,10659.99413,236.390745,81985.58068,22724.03487,33109.79471,109472.7993,93986.38655,58296.84957,28229.86009,747.29869,2302.681405,19849.32231
SRR8743070_unmaped__quant,41137.74282,14849.95743,29844.51469,18315.49417,41447.41915,9111.740833,63818.37422,12468.84717,19861.47798,199978.7672,43081.82166,65579.11296,8113.250551,114.13249,90902.57962,22726.69414,33103.64424,112329.8004,98410.75066,66625.55941,5591.99721,739.13565,2383.461657,19808.69821
SRR8743071_unmaped__quant,38631.45912,13632.19468,29625.51697,17793.39816,51970.46065,7884.728965,75335.32397,10236.22464,18896.45137,176381.0733,46782.73909,70992.68861,9777.145741,173.70342,77594.61899,21371.99488,30732.59887,109388.0878,99756.87797,76533.25944,23950.30083,525.074856,2155.60792,18058.78681
SRR8743072_unmaped__quant,38996.7063,15360.11833,32030.54063,18310.51959,41979.73928,8387.248076,60729.54747,10467.45179,18851.3346,183431.5992,50775.97618,70696.73814,8804.705811,148.366259,86609.42539,22141.40986,36478.62583,107666.6385,97190.06059,87527.74483,5057.892733,495.686456,2165.520234,18319.63847
SRR8743073_unmaped__quant,40310.96632,13587.85494,29954.25006,17359.03782,48828.47637,8008.386805,74244.05302,10623.20548,21892.85531,180058.1565,45936.20335,66231.44731,12416.57987,343.13554,79844.91795,22407.99203,29695.22528,104081.3623,96387.28313,64358.97658,33218.91446,584.689788,2320.319551,19032.55092
SRR8743074_unmaped__quant,31662.36885,15622.78144,28430.40276,17084.72542,38417.02803,8172.486969,76979.98689,10675.87206,20589.92582,168028.1271,46831.74778,55795.55664,10117.92243,328.236608,76587.85111,26545.60218,38634.8554,162550.9238,81167.22512,37067.32687,17165.75789,579.509672,1531.049667,17972.92099
SRR8743075_unmaped__quant,35679.05714,15864.51954,29993.03067,17782.38709,32277.58701,8081.194792,68847.57919,11220.1952,23406.21577,199072.33,51994.08086,63433.05309,11253.14903,301.05058,83641.897,24835.42708,46145.86385,122783.1239,99252.0661,38024.47595,5465.671342,651.356647,1726.375143,19881.98993
SRR8743076_unmaped__quant,37870.23845,15614.61076,32114.66638,17558.8843,31946.80772,7859.60835,71766.97597,12057.61468,24691.93403,206815.7979,52152.51261,60840.91109,13136.8508,221.269153,85755.8703,26090.42028,40795.34888,117657.7807,98026.6325,39881.42951,5384.829009,750.7567,2162.580478,20458.69287
SRR8743077_unmaped__quant,35720.46702,15844.70602,32084.53092,17376.10894,33738.35669,8451.817302,62254.20374,12596.96526,22115.40921,194228.0718,50270.2996,59134.06643,9792.18233,266.408703,88305.86197,25227.98408,43198.84727,128901.7613,93314.07231,40925.89687,5263.803921,692.461464,1855.076658,20020.34443
SRR8743078_unmaped__quant,36320.51997,16624.46828,31066.40331,17774.95543,32096.52974,8766.793817,58668.45451,12622.33826,22047.1817,197290.7544,48876.42685,61988.57851,9513.670083,255.401499,86750.42222,24275.82632,45175.23757,125670.0925,96373.3792,40719.56708,5145.66575,652.15714,1911.736505,21208.46819
SRR8743079_unmaped__quant,32667.33432,14429.33066,36180.68359,18518.26404,31016.24234,8609.420866,56788.46629,11614.62716,23512.97365,187422.9317,45103.68832,51640.21594,10008.85786,291.294672,135464.45,26151.45242,38737.22639,112770.4494,90166.56473,36842.6206,4898.410438,590.945115,2068.583889,30969.25801
SRR8743080_unmaped__quant,27580.48096,15596.12921,40549.71144,14749.23934,38690.64112,6788.62317,69715.63396,12547.93539,23716.83313,167322.3934,37346.7326,36043.45532,9947.232481,543.349878,105554.0095,27199.36387,52512.18168,142506.8835,63325.96645,38298.76959,15869.74697,683.841747,1982.722124,25512.19259
SRR8743081_unmaped__quant,31100.18432,17173.16201,44673.36094,15463.82897,33598.1174,7508.805572,53949.05162,13952.50129,23928.89153,158254.8484,40734.83352,35000.07269,10335.78606,543.728363,99576.68532,28732.17004,53987.94282,160759.0876,62979.81665,38532.18475,4420.126533,738.367907,2110.706804,19728.23138
SRR8743082_unmaped__quant,26613.41319,16329.90945,42475.17527,13912.06199,37303.26029,6891.280938,70386.96075,12724.07666,23981.58589,145072.9593,35158.06636,26812.50741,9557.15334,574.077555,123312.4205,26582.07263,47406.19007,154720.4998,50903.93015,36545.90067,17024.45815,972.997812,1854.496127,20842.09564
SRR8743083_unmaped__quant,31908.48989,15044.05449,41532.4353,15757.60116,36312.29343,8061.764733,59154.41413,14080.7527,25891.17924,153099.0064,39540.13413,33872.69824,11352.39664,664.735213,93465.26429,28820.00125,54853.30789,155706.3142,67904.08785,39101.01373,4283.454317,925.197617,2027.814674,21143.49537
SRR8743084_quant,33035.91678,12254.65031,40866.44519,18034.77717,49558.92203,8787.550186,80556.7233,14704.34405,29255.051,179322.721,36799.66155,33039.55636,11064.02967,433.581639,100705.2214,24110.99924,38192.00436,130390.8745,69049.63627,40405.23742,6643.225468,1052.403792,2099.718321,27912.77421
SRR8743085_unmaped__quant,30386.11827,16925.6429,41322.26952,15590.48992,35051.58606,8228.468266,57024.89458,15013.76934,25184.63695,145436.7005,39283.14679,34823.30813,10861.62563,596.113176,84860.38337,28864.46535,54463.37314,169692.2954,64717.43921,40000.60414,4383.387338,1091.609062,2046.164985,18749.48226
SRR8743086_unmaped__quant,31739.11329,15645.12805,37197.75236,16136.29703,33829.5307,7678.81707,60023.19683,12553.13572,26048.50937,172054.2823,43402.02587,39793.63954,11964.90872,441.638308,84888.4363,30149.40511,53149.53948,141531.1287,77674.48062,36818.93835,4504.789812,817.034583,2115.728066,22137.09502
SRR8743087_unmaped__quant,29033.84293,16161.01658,32659.54081,15539.15747,40394.02208,7233.211026,79196.59573,12642.35123,22404.24918,167061.0027,43685.03522,45919.89571,9114.45434,281.363799,78658.29829,25328.28668,58220.67604,139648.8398,72399.60517,36713.63637,18852.2274,749.767507,1923.320406,21847.36597
SRR8743088_unmaped__quant,33167.25777,15347.278,34776.72626,16421.02957,32489.97661,7509.911476,56850.59421,12331.97895,24875.97089,170158.035,45344.41976,43664.47772,12408.72224,416.250903,89726.07254,27390.55923,54188.51523,144487.5626,78533.34165,37602.58947,4383.996133,1077.646682,2073.729433,21004.90328
SRR8743089_unmaped__quant,28894.76985,16608.56675,28680.35956,15855.15117,37860.0754,7292.463958,82410.20386,12436.08476,21196.42456,175288.9227,44007.24286,47268.7532,7733.561863,224.378181,80824.76704,21765.85416,55404.97015,133369.4215,72768.47365,35495.06311,17319.83333,726.566093,1774.2795,21692.67181
SRR8743090_unmaped__quant,27035.8807,16236.44359,35761.67191,13859.30388,43032.14818,8231.285467,76729.08179,14221.37811,23707.13624,165439.2703,39587.02038,29626.13461,8081.259662,265.552076,80411.59288,27223.27247,44682.19527,150854.779,62836.51742,37362.68702,21813.97894,768.41885,1737.232048,20763.87329
SRR8743091_unmaped__quant,16651.81589,13065.93171,37689.116,8722.498004,66691.46023,5661.811763,120219.8937,12782.92264,19161.49559,137385.1735,24560.77534,13040.00138,6006.907591,280.262633,66438.02041,24685.02895,28427.03889,165837.2443,31367.2945,29725.65393,59995.28684,545.041583,1292.745897,23653.81724
SRR8743092_unmaped__quant,23901.79399,18983.93728,36430.07155,12934.41329,36544.51161,7251.223579,70017.35927,11693.79214,21000.94986,199260.976,39696.24008,21660.53343,7442.002089,293.175971,88864.24123,22295.7023,39695.31681,146624.8422,50422.14105,34744.56551,17126.60536,573.064338,1434.055405,22962.27198
SRR8743093_unmaped__quant,29945.92593,14606.62149,33709.22296,15823.03541,39615.58951,8020.118056,68539.26343,12361.98341,22261.25437,179824.6193,40189.28474,38968.42268,8088.305023,306.793705,86677.61865,24252.13501,41274.5703,135034.1682,70619.7158,37360.9814,21823.67865,706.170269,1626.951343,26363.86914
SRR8743094_unmaped__quant,32669.92681,15765.77697,35617.63085,16917.84567,34190.25948,8944.898637,54795.66789,13913.36539,23204.44802,162560.6653,43717.0825,41508.90763,9884.599516,355.758897,84743.02957,27766.50789,43787.73147,152104.176,75519.25676,41594.68784,4289.852099,716.093917,1952.417702,19655.94728
SRR8743095_unmaped__quant,30055.44528,15558.24856,32967.47372,15607.44873,38130.36331,8293.405607,62980.0046,14090.86263,22288.51523,161192.7111,39372.98557,39718.3951,8374.340669,327.233084,81158.70797,24433.83859,47792.79598,150974.3046,68668.71029,40100.33666,17093.62495,850.999536,1757.392883,19894.57799
SRR8743096_unmaped__quant,28485.57827,16519.91901,51321.46118,12883.731,35141.07373,8239.64652,54116.47484,12506.33003,23297.70665,185509.8165,37748.68436,25077.58143,10121.07146,547.659834,87167.19164,29485.55822,41122.61751,150049.295,56425.22342,39153.34145,4112.335525,686.01333,1547.450679,22295.15508
SRR8743097_unmaped__quant,29072.70181,15803.76679,42662.67987,13647.39181,34096.49692,7436.632158,53483.23283,13763.09448,22184.47604,154920.3531,44603.41443,36365.50458,9946.451396,702.280795,116196.4823,32754.25318,44881.63034,157090.5679,58936.1529,35753.77825,4045.844848,667.796838,1937.973157,16549.07083
SRR8743098_unmaped__quant,29704.19946,16940.48884,43164.26701,13939.86284,34222.36694,6968.845698,57674.03405,14015.42136,22257.42946,146207.4957,44128.1649,32481.55158,10933.70696,831.741164,90169.3118,33215.06331,47626.19746,161293.6787,60320.54467,36797.3341,4135.210211,836.305626,2167.339512,16570.87997
SRR8743099_unmaped__quant,30807.60404,15972.88951,30211.85425,15248.31479,46259.30921,6942.340926,68140.02449,11962.93681,20473.11808,167893.6904,44060.22221,48240.14991,8190.670122,268.178116,76018.78326,24349.33032,43013.51211,147268.7684,75976.66591,47419.42474,20357.35182,620.152088,1946.409532,18026.88129
SRR8743100_unmaped__quant,32222.74954,14115.12454,44255.77768,13225.45685,43277.27934,7095.203056,64013.92265,13637.79422,20363.41262,164208.7093,42709.49025,38313.06869,9513.694891,616.314912,80861.0245,30890.20491,38367.82643,151849.3586,68811.00248,39386.29613,15814.98638,549.849924,1977.88661,25208.6276
SRR8743101_unmaped__quant,32492.81214,14458.10929,34048.86386,14633.66281,44479.05258,7125.16816,64712.45411,12188.8984,20164.12455,174695.9538,43436.00266,44053.91101,9557.172106,390.279489,77654.22,25839.91909,32734.59841,146085.5255,78452.1515,45508.78903,24849.73523,672.711026,2405.756589,16892.8592
SRR8743102_unmaped__quant,32368.35064,14476.49138,35276.92481,14747.80686,45756.23607,6993.661271,65431.82777,12856.6147,21556.87199,142617.0518,42050.34268,45066.77576,8994.670261,434.120149,78270.066,27341.37575,29299.91468,166888.5759,70324.06613,51555.99994,16031.57392,622.885381,1908.899568,16355.09204
SRR8743103_unmaped__quant,29509.53391,16509.09283,39807.03419,13501.84035,40245.37262,7013.28631,56059.60385,15125.0793,23934.7209,119231.8697,40263.2393,26214.32305,10253.83876,952.205091,87570.64655,36409.45138,30398.32573,197052.7553,55805.39804,44799.78348,3572.644577,568.625359,1941.854873,13790.03792
SRR8743104_unmaped__quant,30309.44435,12823.71595,38062.13513,13437.07387,38080.18676,6621.607976,68848.09063,15546.6528,21383.55526,141336.5847,36426.8066,32833.04656,8610.929571,561.285391,84109.61596,26540.81787,29023.34447,173412.6958,59194.88826,42765.20745,17558.48488,470.805048,1978.418484,15348.79106
SRR8743105_unmaped__quant,26953.75638,14213.60711,41184.12408,11733.38635,40930.77569,6795.616623,60079.42749,14784.62732,21964.66562,114181.4407,37934.11314,24576.83388,10807.22186,942.298868,93198.60321,39827.81533,29688.25385,199321.7971,50770.10604,39021.91625,10849.76225,569.400783,1893.264693,13286.115
SRR8743106_unmaped__quant,28243.99722,12652.12412,34420.63569,13215.06634,38519.93307,7245.786668,63385.73678,14802.94883,20815.90707,150311.0767,35187.71597,30140.87024,9621.790448,719.132547,74417.94183,29571.58916,29413.22931,183912.1626,55545.70426,41078.78455,18199.51235,708.391383,2167.198135,14850.21952
SRR8743107_unmaped__quant,21898.47423,12546.05645,45400.23184,10781.14903,33412.28248,6743.664047,60660.36074,18372.4792,20419.41733,122817.7319,31056.19884,12398.46237,9008.965923,903.954007,78518.15135,32573.51627,33087.24371,235567.0485,35353.68281,38662.5273,2432.429573,520.585126,2336.944715,11234.77368
SRR8743108_unmaped__quant,26857.95414,14229.58719,44646.6203,11850.84079,39155.59607,7155.320126,54069.57963,16148.19112,23988.2947,107356.2973,36405.37335,16836.62093,11149.57063,974.731021,93464.09238,41892.49335,28796.32485,218945.8654,40892.12731,39610.54087,2972.316431,778.16079,2066.345954,12416.18979
SRR8743109_unmaped__quant,25406.5496,14351.11656,41724.24474,11793.7453,36949.40157,7034.700187,56716.86062,17166.01479,20761.38963,112597.092,34661.81379,16111.88442,9906.147638,946.475838,81165.57196,38923.11089,32314.29471,215788.2991,44470.48228,41240.16046,3030.176037,452.004121,2106.473296,11864.51976
SRR8743110_unmaped__quant,19752.18904,14787.50137,42653.72428,10838.25032,36378.18853,6526.86913,69961.56358,18658.77964,20680.79945,134635.857,30550.62716,13462.91031,8083.401957,639.435888,74167.13792,30425.71513,33667.3477,213835.9392,35221.97831,39986.53095,8528.725265,719.67896,2163.480565,12020.19455
SRR8743111_unmaped__quant,18849.0349,14710.0866,38995.1663,10287.786,42065.93848,5759.31698,82345.17567,15308.92487,19984.76446,125103.9454,29661.59936,11769.27154,7830.929125,656.98089,70967.13948,28227.31399,26657.94924,213040.4022,32947.64771,35659.59278,20861.43941,718.508227,1795.167311,20464.47163
SRR8743112_unmaped__quant,20814.11239,14423.78065,44206.5275,11003.79552,35715.37992,6421.148888,66214.57676,19307.21494,20194.88646,115328.9465,31967.63112,11733.22311,8956.161611,841.911758,72929.60921,32779.72752,33102.39623,230913.7595,34796.82692,39361.98983,4338.868581,647.332451,2276.423246,11004.68122
SRR8743113_unmaped__quant,21359.66223,13555.19613,44668.70013,10411.272,32203.73404,6548.836344,61364.45747,17759.34994,17999.05647,145975.8373,32559.9831,15187.29721,8440.137009,761.830318,77449.98641,27459.88533,32016.03287,226062.3503,37641.91534,41645.99134,2295.213532,447.675501,2321.08445,10674.00855
SRR8743114_unmaped__quant,26830.20428,14115.53397,41441.94291,12140.20254,37293.71622,7181.696529,56527.22121,16519.76347,21942.65398,118380.9261,37465.56451,17719.83235,10368.19831,790.849727,90345.45143,38323.56646,29833.22269,208611.4944,44910.87604,42187.87907,2839.930329,678.0637,2244.68446,11440.98396
SRR8743115_unmaped__quant,27532.15622,14482.65549,36180.35264,13519.82502,38437.49644,7398.066525,68556.31403,16411.7998,20756.49233,159051.8868,38024.88902,35393.57625,8979.15005,560.607065,75391.42635,28164.13745,32948.83289,177755.3941,57491.89799,43959.41803,12989.35337,648.087322,2263.481476,14438.1039
SRR8743116_unmaped__quant,25731.31414,12663.63837,36931.5704,12348.55885,36611.98752,6811.030102,65056.00857,15445.40845,20491.23762,134165.1737,35752.67379,28470.86866,9837.352551,639.08563,77091.66988,30897.8838,34964.33658,203274.4762,55037.06677,41978.48831,11311.77706,629.92781,2319.386248,12845.16297
SRR8743117_unmaped__quant,21910.96896,14749.59688,20707.96187,11658.70549,55550.28578,5420.67,136714.2977,9430.661823,19004.13746,219010.7744,31632.19146,35511.22151,6348.798651,109.495711,72060.02196,16105.32008,32327.23732,102306.4706,61492.26503,28317.1135,67537.41875,746.42103,2303.103537,22834.25097
SRR8743118_unmaped__quant,32300.66222,17916.86945,29289.62366,16480.25611,38430.2831,8379.391501,92335.15935,13417.85849,25295.7941,215295.1147,39745.72068,48760.23647,10120.08722,180.58163,97114.39611,23122.51134,36414.35506,117537.968,89127.43292,43396.21329,7274.430701,1294.01899,3437.578089,27128.64811
SRR8743119_unmaped__quant,35364.52584,16529.93197,27924.82639,16503.21894,39472.13335,8936.751966,87858.15726,13332.29123,25854.16689,215739.669,42789.41447,52595.99069,11325.12015,198.08968,91004.55018,23932.56982,33623.90737,110932.7206,95083.38035,42993.60577,6121.69244,1291.2393,3666.844647,25703.56092
SRR8743120_unmaped__quant,31730.91572,15009.71761,27198.69516,15472.35819,47043.74793,7344.565334,106950.6574,11035.36369,24230.11611,189960.0368,42241.67006,56022.44179,10788.06879,267.17659,83561.07772,23294.40632,35427.79627,109631.1125,93689.94932,38438.68368,37050.35689,983.286648,2466.855814,22274.75082
SRR8743121_unmaped__quant,30601.55163,13410.53899,30214.73254,15114.79802,46769.7592,7554.975522,96338.64053,11546.01743,25651.72416,210815.1711,40028.94401,49119.21357,11697.65111,182.648099,85606.73725,25069.05841,35616.87525,114272.4367,88909.68643,37142.76654,31568.41746,1288.294057,2604.21666,23588.2847
SRR8743122_unmaped__quant,34937.59628,14637.27698,29579.0275,16674.51214,39451.97119,8321.429094,103044.5649,11454.59543,28867.49955,196572.8009,43959.9237,56351.1717,12855.57489,206.316625,85209.74848,28076.3968,41744.9588,108645.2103,105810.9263,40333.64259,5611.499335,966.77587,2422.124124,21604.75035
SRR8743123_unmaped__quant,26098.49089,16791.74402,43423.16705,14154.17218,36555.81536,7292.640322,77310.79787,13288.76422,26005.35305,190576.3154,38400.67345,28358.45992,10957.96176,623.681188,88766.41055,28656.72804,50116.22924,138290.1167,66381.04353,42165.24386,5254.832661,731.609028,2220.120717,19879.22907
SRR8743124_unmaped__quant,29686.6277,15957.10869,36461.94925,15792.66117,35594.62392,7266.430051,95283.54172,12174.48023,25885.62384,195631.0871,41395.27165,41719.72785,11367.61094,355.338564,90531.61654,26415.87489,56173.82031,123194.7869,82217.72294,41336.64526,5442.676408,883.211366,2242.777824,21413.00472
SRR8743125_unmaped__quant,28077.19561,14597.0015,29813.57796,15001.56928,46332.2653,6442.242294,105660.7598,10757.59437,24532.29702,194928.8681,39304.04206,45843.78846,10162.67477,238.03513,77878.89914,25275.5934,40577.63669,110565.8162,85095.06835,38899.98965,36741.11636,725.10488,2279.453195,21039.28753
SRR8743126_unmaped__quant,25543.75584,11297.11041,35079.54745,14269.03654,83903.48718,7639.454527,79609.96444,13329.21774,24228.4351,199146.0693,37986.91663,37772.93757,10120.44104,265.444165,87357.0911,22610.58358,45389.87902,110690.7999,80328.01035,37608.70801,23138.58342,847.690445,1812.260325,26796.09526
SRR8743127_quant,29948.31528,12751.0348,51595.35323,18693.34933,39972.80596,9310.000964,70675.85375,16060.7803,30323.51843,179578.3913,38294.63069,29262.13245,13136.39198,470.174593,118657.8968,28034.59142,38815.23094,132294.3209,73072.36882,45241.05111,5914.921881,822.812004,2386.371019,23315.27658
SRR8743128_unmaped__quant,28519.72743,11773.85674,42061.57273,14741.98234,42699.97637,8294.52722,70340.44969,13680.9382,28484.53243,216699.2622,37974.73573,34487.45937,11726.93039,473.323525,88668.86926,27200.34154,42828.71748,120824.9422,76893.95679,38682.77171,26531.50411,686.72739,1959.227396,22110.49761
SRR8743129_unmaped__quant,26402.00663,18872.9204,39317.15295,14521.01623,35037.04468,6902.861273,70236.55427,13335.56966,23958.1845,163424.9605,39996.23343,29713.14211,10269.0263,575.336136,86460.62923,29099.98664,59607.96862,151949.4303,66839.40712,36215.43727,4914.505679,986.948829,2385.099658,21625.0363
SRR8743130_unmaped__quant,24415.60781,15872.31568,40109.85577,13070.99986,43162.94344,6414.383012,78809.7317,12867.14174,23294.88452,150412.3724,35561.6563,24516.89278,10084.80704,597.585871,85831.42058,28499.97378,52678.451,153073.1075,57518.73201,35528.66418,24725.97161,745.773199,1921.663039,20267.26614
SRR8743131_unmaped__quant,27719.98862,16520.46095,32873.30979,15448.53904,33960.78728,7513.164585,78483.33273,13287.28186,23268.27714,181916.746,39483.28624,40683.39796,9792.557215,295.851873,88869.99222,23288.05897,57984.32083,130852.9733,78340.49417,38598.76868,5719.51708,1015.487902,2347.19448,22408.17597
SRR8743132_unmaped__quant,26570.74232,15321.71399,38608.68681,13769.39632,44625.68023,6914.524703,77078.18118,13844.30161,23011.38709,168027.3539,37578.76602,30637.32642,10811.60774,662.124207,80211.65194,30490.71664,49555.95566,147701.6169,63874.49003,35254.57262,23482.19126,780.209546,1894.827053,19502.57125
SRR8743133_unmaped__quant,30304.28908,16991.35112,48385.68576,14008.98245,38084.97834,7479.493093,65380.33488,14620.8231,25309.43156,164739.3296,44170.55483,38977.80937,10647.59169,655.239664,82486.91574,37412.23702,52363.67837,148426.2553,60560.24255,36542.38207,4076.733001,694.000881,2111.788521,16160.71913
SRR8743134_unmaped__quant,28032.09746,15803.83251,46509.6437,13782.95252,37877.67231,8096.181063,58095.22565,14679.01839,25310.26904,153545.5776,41209.36037,31173.89112,11071.67999,875.521613,103842.926,38705.64249,49067.64712,155904.4427,58458.36959,36938.77489,3993.479758,554.927229,2033.626953,16707.5066
SRR8743135_unmaped__quant,26328.76814,13064.90116,41785.78383,13658.90618,39660.65847,6985.020266,73255.40466,12968.21559,23711.70859,152694.9463,35072.81958,30852.91451,10894.87066,452.725554,84153.89998,29898.87065,42622.7046,140078.2861,63404.63351,35943.07025,23328.49616,571.215755,1753.506923,17999.28863
SRR8743136_unmaped__quant,28624.95151,16425.31934,48274.65725,12161.79583,44088.70581,7580.613331,63673.16993,14146.78406,22209.77826,140510.2936,40328.02117,25483.10962,10908.21831,1101.467329,92602.49354,36982.24041,44369.12847,167077.3137,48392.07899,33765.87543,15272.37809,638.88149,1864.435511,15410.48455
SRR8743137_unmaped__quant,29122.40391,16502.08836,41444.01848,13877.42715,41176.49768,7053.015118,68842.81378,13407.32272,22480.46901,151203.3999,44262.35321,39483.08484,11019.87485,660.902478,80030.55861,33792.17572,43351.57073,157197.9755,61093.53029,35296.25638,15087.57404,609.383073,1775.219067,16865.20877
SRR8743138_unmaped__quant,27130.58176,16868.34504,38076.92715,13894.47638,40939.26828,6805.268854,75497.02274,12564.08831,21855.28167,146098.9954,39429.30782,31410.18837,10344.46698,541.379492,77809.86449,28472.06781,43031.48452,156991.468,62586.46497,35245.49905,25294.86039,946.195533,1871.023814,19110.34976
SRR8743139_unmaped__quant,27230.19006,14458.47552,36315.17056,13455.15959,37355.55191,6736.031484,64361.22288,12129.53281,20030.97175,170294.5038,42248.54886,41351.34727,9181.429653,482.193494,105879.4074,26782.83837,51570.9636,135759.0018,74819.53755,35910.24486,13692.73894,682.301019,1960.543081,27284.71069
SRR8743140_unmaped__quant,29596.262,16027.60981,29448.62189,15507.45041,37963.33928,7052.104661,72468.43802,11507.13714,20045.81557,171155.3858,42359.96942,46005.1541,8832.169419,329.092629,79211.40018,23015.93796,59208.75009,136588.6947,77940.95056,38205.80649,17946.6275,846.341629,1877.903153,19097.94118
SRR8743141_unmaped__quant,34049.02049,17016.19691,29577.82129,17321.11283,32499.51376,8411.146964,64488.79776,13087.39262,22953.02208,179351.0462,45205.18019,54043.04984,10430.78695,306.604162,86728.90426,24900.75134,50368.47511,134662.859,88609.59139,41896.42964,5060.518568,827.444606,2336.00073,21039.3846
SRR8743142_unmaped__quant,29837.62536,16490.4726,40575.96203,14406.18644,34253.51193,7263.272675,61555.01729,12900.47502,22530.32411,160890.8426,44402.11985,39855.65477,8966.022768,555.656749,91681.19243,31282.1244,59111.24915,151122.9314,60882.3715,37549.48729,4413.589811,530.382488,1957.605017,15673.94604
SRR8743143_unmaped__quant,30644.86208,16998.45841,35109.43013,15347.22575,33760.74225,7479.454635,58033.25467,12192.84748,22569.78931,166970.9296,49569.90443,45294.01585,10036.77895,448.234588,85297.03154,28422.63018,54255.35228,147627.7341,71827.68174,39432.57748,4702.875019,700.356756,1992.140088,16578.41979
SRR8743144_unmaped__quant,31474.11497,14438.61198,31511.02916,15589.09462,30569.38421,6881.284153,76661.78709,11115.66435,23377.73967,167202.561,43130.45472,42561.33076,10273.75508,342.742624,95108.09962,24173.36774,58786.19032,132773.1835,79703.33902,38224.78116,4839.888049,778.299288,1975.961954,21885.74627
SRR8743145_quant,35635.11499,12159.51143,36788.65884,18082.77111,59272.99952,8720.805948,59970.32022,14113.2161,26587.50706,171109.2803,42805.83261,35386.69664,11687.02367,514.783237,96729.78699,29241.36241,34327.30726,136103.4963,70845.14783,40868.47966,7281.344281,571.013299,2241.107589,22848.01906
SRR8743146_unmaped__quant,29688.23009,15450.00104,38671.46062,15264.6155,36754.09867,8221.343115,62434.21452,13783.58466,23928.11956,147676.5562,45259.71348,39144.73901,10140.70579,527.7426,81203.92659,32757.95198,54815.49505,157881.2956,64630.143,37813.74776,4612.97746,566.335205,1774.571224,17757.54436
SRR8743147_unmaped__quant,28593.43151,15528.02032,40198.35449,13929.33969,33982.0632,7416.037209,51356.35384,12515.60123,21862.32023,146253.7686,42830.92339,31580.96174,10563.05047,575.217878,95670.33382,32452.7097,43841.37816,169011.1552,58997.29043,36749.95973,4050.961574,635.371081,1827.566541,17165.96191
SRR8743148_unmaped__quant,27789.81591,13391.3034,35919.50981,13641.07258,39888.6252,7244.526284,62431.77181,11995.68454,23173.89492,138070.0966,37523.77844,28575.93403,10412.09156,460.928311,75819.26752,29930.03891,45453.97703,153720.8739,62776.84106,36039.8491,22542.03606,785.699256,1592.683038,18485.94054
SRR8743149_unmaped__quant,27527.05417,16313.14649,39911.86375,13893.35262,33886.54318,7041.787615,59009.92147,12938.5439,21951.93804,134926.9311,43497.30121,32469.60411,9170.83675,446.501458,84398.70482,29326.41759,49808.98533,165195.8847,61859.08886,38322.46207,4434.31022,848.68817,1695.591905,16977.16025
SRR8743150_unmaped__quant,27234.22503,14198.98722,32897.33093,14953.47186,37297.47561,6860.96943,60916.04828,12659.80493,19935.85789,134645.2332,38858.55705,32902.03459,9134.651919,332.994716,80047.21089,26833.62345,41362.29263,157453.2491,62551.67907,37273.03037,11893.24992,612.478121,1535.87167,17734.48716
SRR8743151_unmaped__quant,26961.72493,16990.37806,35983.74011,14508.09334,32802.97919,7418.249624,59424.67967,12779.20474,21583.52716,175407.6244,39176.82214,24076.44461,7595.673447,291.74863,84897.6432,24422.04404,50997.24468,151174.709,58263.37054,38076.43375,4951.400552,616.224642,1586.551743,22928.37545
SRR8743152_unmaped__quant,18094.21212,12448.6548,37805.14661,11762.74427,41243.68159,5635.197247,85523.85148,10824.88438,19592.67856,132791.5852,29718.8227,12209.89503,8072.092671,330.932984,84176.30916,24633.66929,41596.59474,175528.153,45041.47103,35411.98608,22699.94271,1171.439552,1315.021135,21051.89867
SRR8743153_unmaped__quant,20606.868,14184.19727,37009.01324,12445.8367,46549.68841,6695.041058,91157.90244,11573.42364,19845.90918,141716.7505,32439.65673,16396.21949,7639.552456,388.89277,79598.52001,25087.06449,36012.70622,162032.3804,46772.23644,33681.01551,30146.56268,591.544784,1340.823404,20578.16088
SRR8743154_unmaped__quant,22790.28523,16635.36577,39979.62827,12754.45729,29031.98181,6355.421739,64816.05929,11148.21838,20809.36854,132142.75,33834.44614,14467.89197,7871.359021,399.748159,94580.92963,23819.15575,39522.89474,163199.5083,48388.49101,37148.69238,4260.455285,489.994203,1430.271783,21960.26761
SRR8743155_unmaped__quant,30886.3863,15466.67483,32341.97065,16698.24766,31982.90519,7829.019783,54751.96983,12841.07072,20811.08017,165990.3055,43036.6162,45435.8151,9243.019259,292.363621,85553.37602,24267.45722,50186.39138,143007.4306,78016.95296,40606.52292,5302.018739,656.378965,2086.662083,21450.13407
SRR8743156_unmaped__quant,27833.66297,11704.56895,56038.70139,17888.29058,36737.59976,8473.926538,63929.07476,12507.21175,20501.30518,162316.7231,34119.33825,36547.15807,7785.745811,2201.369905,90059.17132,25392.62772,40453.26949,124873.0435,70133.39069,40527.11641,17406.35266,578.19306,1537.931009,36887.48753
SRR8743157_unmaped__quant,31144.95166,14131.00221,33887.95167,15752.74478,33263.21372,8449.168817,57849.71618,13611.53237,21654.71719,171293.6363,38432.58195,42593.77138,8656.238468,206.14666,86018.74603,24218.91415,45698.86696,142529.8028,76147.39458,41006.93998,4853.440671,903.423278,1858.292924,21043.93787
SRR8743158_unmaped__quant,36596.24439,16587.81419,29158.50404,16616.57598,56112.87469,8555.17471,104531.4802,12193.48389,25610.0441,114943.9153,42690.7012,59976.10178,11192.3835,231.112119,87874.18897,26799.71516,33127.80614,121173.1254,95798.90612,39992.57768,40040.65958,857.629479,2682.387075,23545.58298
SRR8743159_unmaped__quant,42950.11971,18820.17966,32271.88854,19357.65776,45469.8941,10347.9457,84563.64797,13529.64569,29936.65413,111243.2131,47074.33201,68512.68591,12636.09931,204.506532,100833.3644,31386.45862,40923.34989,130346.053,109399.5272,47636.03547,6369.864409,922.63455,3375.382264,24509.03795
SRR8743160_unmaped__quant,41921.60405,17527.80123,31107.03521,18198.53907,55284.06288,9264.884643,97974.84966,12525.7018,25232.36492,111649.7336,46090.04893,67058.90057,11932.56792,206.034294,97393.67307,27505.28323,33099.87979,117361.3568,107458.1129,47996.195,34848.33542,1009.08503,3279.263625,22464.1527
SRR8743161_unmaped__quant,39955.61948,19821.03316,33700.8089,17764.48126,45927.52552,8912.722419,90174.41178,12648.05319,25635.28949,98006.28476,48381.1283,69901.70699,12121.72698,251.378204,98986.24943,28782.38227,36783.78503,122064.7323,116748.2601,41501.12313,5707.441589,848.37662,3088.623279,21524.95958
SRR8743162_unmaped__quant,40152.33945,16933.85196,33602.13497,17066.8165,56953.53502,9044.502038,89699.11856,12048.95625,23098.0261,114869.4813,43757.56421,62871.67225,10411.34781,219.276809,99152.73203,25722.14025,30781.40204,120152.5995,103453.1205,45335.63251,37716.96466,790.98515,3106.018631,21924.10695
SRR8743163_unmaped__quant,48918.39545,16940.71688,37466.46564,20540.60169,46169.38527,10961.09111,71357.85771,14311.5318,29520.25743,98155.05651,50415.13962,65544.33103,13448.29684,243.01384,112566.1333,29712.12593,33467.1434,127416.5933,118408.3083,51872.62788,6749.8132,979.92992,2570.945151,22981.94498
SRR8743164_unmaped__quant,45187.09283,14754.32049,32461.59275,18538.25059,53660.79143,10563.68631,82721.10015,13376.62792,24559.13305,125405.246,44027.10327,68361.05011,12536.89386,211.355623,91223.62949,26227.77237,31959.65625,121115.9925,110120.9362,45820.96274,34067.66769,1106.63212,2625.930625,22885.28832
SRR8743165_unmaped__quant,49109.34427,18335.76369,36951.82401,20686.05881,50079.74556,11467.54687,73480.86204,14515.35506,25538.36358,90472.23559,49774.28599,72497.36302,12245.40269,215.702015,105847.5922,29106.14416,34004.07143,133540.1256,121855.4559,49384.89438,5906.987813,884.25179,3028.373894,22131.73357
SRR8743166_unmaped__quant,50800.31637,17680.44566,36295.44142,21295.08173,49720.2135,10873.55467,70222.29155,14246.32791,29037.15799,85715.09784,50799.65313,77559.98622,13845.34851,241.25503,107569.496,28347.76416,34959.50686,130220.7159,120441.4426,52357.59687,5329.187685,847.01765,2758.356995,22220.65602
SRR8743167_unmaped__quant,49843.66915,17887.36754,37794.64026,20350.70621,48482.29784,12120.16589,68981.06246,15177.89322,24053.80775,94884.18585,48831.80353,69143.44267,10937.12855,163.239289,109604.5907,27892.31608,33762.66334,137222.0663,115755.7464,45885.49569,5839.642789,944.62119,2714.056769,21613.74781
SRR8743168_unmaped__quant,43486.18151,19080.33769,37756.89068,18621.21128,51407.3729,10035.75625,69508.86513,13346.31632,26427.75643,96919.05477,49322.65727,69087.86953,12731.21463,199.96427,99563.77369,30045.80518,37958.28748,130585.9969,124381.1481,44717.54593,6289.370078,979.77111,3086.523392,21138.26264
SRR8743169_unmaped__quant,44066.91785,17426.96419,36603.56974,18060.89712,57300.49095,9862.673713,80364.05343,12923.24969,22088.51662,101845.552,46625.40672,61325.62386,10816.93552,159.427826,105986.3311,24225.27724,28799.08474,127623.3042,104684.565,45190.81691,33479.75175,868.59797,2691.650528,20191.87629
SRR8743170_unmaped__quant,50551.18265,16161.07332,35325.74134,19555.91203,53567.37333,11833.98428,76377.54149,13635.22606,22468.2842,103856.0339,43984.59485,65357.90446,9827.275188,165.586132,94247.03175,26166.64975,29855.4858,131541.3618,104010.5346,43150.93111,35673.95134,699.16817,2663.239073,20905.8352
SRR8743171_unmaped__quant,41322.65518,19405.22369,44356.62198,18404.40763,63187.36037,9695.137888,62871.06285,12258.93057,21632.09159,90874.21165,52781.58992,77461.96867,11961.498,165.946507,105147.9779,27304.73921,37656.02883,133115.7221,114415.8987,44176.72952,5634.276173,895.04445,3372.824971,18588.42004
SRR8743172_unmaped__quant,40951.89828,16080.56136,36228.7823,17039.75194,61592.25721,9440.510908,78637.37649,11165.7162,23759.54573,93871.30823,47800.12547,68479.60874,12654.66283,300.754863,99299.06642,24576.16997,30261.57058,120032.719,108086.671,41817.38483,41843.02079,709.00331,2866.454629,19938.55357
SRR8743173_unmaped__quant,33476.62836,16374.27142,44204.49447,16301.44535,44456.68057,8160.498744,75904.45709,14107.46443,28553.77374,89320.20486,53086.23267,67873.54007,13141.79038,435.61006,81185.43653,30773.00527,37902.07076,162617.4541,92507.07182,34576.74293,18312.61359,641.790767,2267.787182,16743.66656
SRR8743174_unmaped__quant,35702.03533,19077.70149,35975.83788,16346.76343,52842.59403,8187.834617,84084.18935,12591.89832,23550.66998,100187.605,52089.9489,64415.17055,11637.37421,254.15689,87673.79231,27975.57885,32861.93847,149598.5475,100016.4941,37147.77585,26206.45447,1128.473883,2230.397086,19165.56558
SRR8743175_unmaped__quant,44339.49298,19586.53405,37779.01582,19755.59676,42513.65682,10769.13688,67519.68064,14188.75423,30640.07725,85748.51286,59758.55402,74521.63351,14353.89619,324.405442,95801.6167,30903.09001,36681.82281,139085.1007,120337.2826,40759.18583,6069.242217,735.542509,2320.625954,20065.49495
SRR8743176_unmaped__quant,34880.62052,18791.60665,43759.86242,16015.12823,38895.02101,9705.137091,69568.22872,15865.23568,25342.15723,100894.5374,47512.60717,45008.64809,11885.99865,545.807279,90002.68673,32177.72988,35745.67784,173195.7197,84847.00062,41656.81126,4694.540065,751.337093,2159.143861,19076.48653
SRR8743177_unmaped__quant,34266.8821,15402.78007,49467.26406,14242.41217,34196.24463,8137.214859,63499.30205,18576.53272,23959.72628,127619.3498,44788.08263,39764.00556,10379.41802,391.982993,98227.02384,31495.9183,34538.33722,167087.9951,81937.94278,38931.85099,4196.246631,754.183712,2429.834866,20091.12915
SRR8743178_unmaped__quant,33556.40346,17021.70089,44742.47196,15875.13548,41649.73907,9486.448991,74122.1224,15830.97043,25881.09947,99441.12063,42286.39505,38545.14999,12112.99146,557.212236,85455.63931,31961.68652,33752.94168,180163.3401,76043.36875,40847.7708,16669.30667,634.80712,2231.386152,18152.04635
SRR8743179_unmaped__quant,32878.25715,18931.66682,49365.63158,16086.10579,37785.16718,9082.894463,59084.34502,15928.91487,26728.78388,105676.7802,41847.38836,35904.48638,11703.60228,618.387243,94459.16515,34500.52201,38328.53785,179787.6755,66273.64285,41443.05253,4202.587887,670.608472,2371.558509,19623.71452
SRR8743180_unmaped__quant,32514.00066,17304.08483,48297.93802,16039.96903,37359.045,8549.13605,57799.31104,15982.69971,26391.2049,98361.66421,43561.78928,37487.41981,12157.86432,581.424557,94366.85695,33529.50749,38613.44984,185794.3957,67977.93019,40053.49617,4162.980164,595.034626,2164.877753,18323.26793
SRR8743181_unmaped__quant,29538.77665,17920.53719,43882.41503,15205.3127,39784.38325,8311.998005,70984.36701,14704.46699,24800.95435,107293.1312,36799.57066,26758.21147,11514.43304,626.467195,92569.49875,32797.04384,33753.05525,183870.3803,58709.28915,40835.76939,13977.76544,718.657695,2199.07907,19545.86677
SRR8743182_unmaped__quant,30601.71549,17256.6628,42857.08324,14724.95548,38491.40147,9354.723426,66588.90151,15253.8865,27069.45539,102697.8026,41901.20724,35029.69617,10731.42075,433.143781,90143.57594,31866.10795,39532.80572,177017.6696,75633.5054,41344.32669,4222.7542,680.846111,2066.969374,20524.38977
SRR8743183_unmaped__quant,29810.59157,15656.60684,39552.35793,14440.06294,67764.15283,8442.998913,84427.55578,13896.77702,25136.94772,96204.35303,40048.23194,31193.22809,10266.17641,472.813791,92483.62,28168.39301,34078.29407,164639.9507,70731.93121,38436.31937,14363.49294,747.084116,1816.728927,24574.594
SRR8743184_unmaped__quant,30632.91427,15564.12078,47604.45833,15085.18305,39198.4841,8556.549885,71611.66776,15940.94648,28449.36443,97063.63859,42020.63531,30892.8267,12078.00691,700.881649,95301.944,31779.32212,40055.2805,182836.4473,69512.40207,40956.11671,4357.663358,797.67787,1952.820143,20673.50076
SRR8743185_unmaped__quant,32394.81492,15464.13863,45525.40839,14646.34296,37491.83942,9022.542094,85669.94991,14978.26913,28940.86365,103687.3748,41100.23757,32434.76916,11574.90087,537.120761,95412.91816,30438.92067,36734.69566,165286.6153,77812.69527,39320.48155,4270.859019,864.621905,1909.035003,27550.39531
SRR8743186_unmaped__quant,29111.23125,15552.40626,48165.02757,13432.02962,41303.53708,9127.045525,67787.62751,15671.96891,28476.79941,118443.0938,39442.60599,29330.49697,11111.58692,553.313442,114816.826,30911.51759,38545.6645,160259.7558,71384.5939,39009.35863,4330.685824,886.763053,1963.585735,28642.69291
SRR8743187_unmaped__quant,32730.92391,18114.12628,38250.79178,14773.9091,42858.80057,9312.636478,72762.98841,14288.02757,25665.59787,108823.1553,47983.9151,47099.03025,10022.12634,314.439553,95719.30012,27863.19603,35496.71815,160150.8453,85421.71771,37321.68602,16002.81609,697.089941,1876.458749,22545.81688
SRR8743188_unmaped__quant,30973.86338,16805.38736,36179.48722,14061.12527,42320.86395,8522.033728,74092.0237,14857.77795,23965.91193,106416.6528,43907.80366,38388.6405,9806.158166,385.809805,85765.44995,27868.16992,33250.78024,170066.7789,80838.17021,38403.79422,13979.15428,714.234484,1892.013167,22340.1387
SRR8743189_unmaped__quant,25654.25362,17534.7963,44076.06102,13566.14325,39605.2252,8548.303203,74478.89037,15341.25912,25824.01572,134774.1617,36768.84427,23072.51938,8588.120708,337.727799,92807.41067,30408.55852,34211.55766,170840.8701,59242.92093,38771.13883,4211.831565,620.009579,1851.057645,27700.76614
SRR8743190_unmaped__quant,29832.04262,18336.0662,43420.85601,14357.98923,37448.87567,8522.502567,67885.9798,14470.81987,25436.65924,126746.5892,43517.88273,30798.72423,9257.523229,402.422142,100292.5751,29764.62934,33647.70602,160690.1869,75280.5499,37171.06956,4480.925541,705.465422,1872.738026,27594.31187
SRR8743191_unmaped__quant,24808.63427,16349.27344,43480.15541,12983.70913,32377.2689,7515.348174,55991.16631,15095.69502,23932.07398,130387.3071,35918.7778,19849.4108,8636.838136,437.510284,97441.72624,25472.46532,32086.00353,173936.7768,56174.97591,33977.59461,4355.676659,710.609588,1723.245675,23210.44602
SRR8743192_unmaped__quant,35392.54501,15896.61345,36910.62324,15453.23958,44432.62673,9712.378046,77052.27694,14164.52524,24251.44923,105465.8743,46987.73926,47512.84415,10423.1875,301.407611,92403.36194,27188.75769,32923.92701,156866.4121,91701.04025,38543.42996,21551.1511,656.67541,2019.466585,23192.42484
SRR8743193_unmaped__quant,32739.47955,16711.87631,42540.62761,15908.32055,35538.07955,9724.607165,57635.80737,14653.18891,23811.55664,118620.99,43152.93692,38229.27588,9449.294191,318.563196,96059.15776,26973.33696,30703.85504,166033.5735,83572.22475,39633.38111,4368.540798,588.419636,1823.118354,28247.79588
SRR8743194_unmaped__quant,35342.07371,15865.51884,35269.54821,15661.98012,42500.2902,9598.344819,69442.42056,14467.64573,22703.16456,106989.3326,44098.54966,42933.03385,9154.541036,352.109544,88399.77917,25475.90453,29905.4442,157427.0162,88908.24866,38236.69176,20523.22875,581.922978,1911.660673,24310.63738
SRR8743195_unmaped__quant,32590.28389,17591.81324,41817.21224,14834.40032,41066.0048,9492.309812,60642.63074,16928.12662,25429.21031,96905.90064,47677.69137,43543.39361,12585.07788,680.011431,88049.97843,35019.01708,36760.42103,178687.5753,84280.319,38393.71624,4632.854354,722.527394,2074.304352,18522.9239
SRR8743196_unmaped__quant,36006.74388,16903.96032,42336.94396,16142.21579,38715.07485,9170.311741,59254.60154,14694.58842,27586.26929,106399.2764,51459.4024,55943.82829,12592.122,440.290927,106821.032,31972.45571,40996.64151,154337.2018,98280.67061,37096.87195,4827.194208,576.466196,2245.470237,20444.21231
SRR8743197_unmaped__quant,33568.92117,13643.87438,37577.46573,14475.2752,90140.35393,8696.500557,72450.52589,14716.57234,25757.11914,87202.19069,44642.03983,42468.97613,12566.41125,592.797582,81345.05078,30477.80283,35546.14607,155502.0934,82007.78752,36172.50748,19290.14967,690.447902,1866.334352,24140.35453
SRR8743198_unmaped__quant,40415.03297,15458.61141,41318.40663,16606.71016,40520.16477,9949.769945,59102.99568,15405.91594,23442.54281,102259.9584,47049.02911,51101.52664,10042.2198,491.405011,90087.53014,31037.50873,30817.63527,175219.4842,92793.50088,41195.47097,3829.070919,630.007913,2420.041535,18927.21488
SRR8743199_unmaped__quant,35345.8707,16494.64536,39259.31363,15127.56086,48451.95026,8930.957054,72211.50326,13924.60794,23566.72607,98816.39898,51769.1428,52078.00866,11046.72266,449.325791,87759.21511,28834.06054,33450.3356,168216.993,96055.42843,36365.44203,19643.43847,677.418782,2057.020587,18507.47163
SRR8743200_unmaped__quant,36525.03205,14331.84387,39854.90601,15133.60428,45558.74337,8725.967496,69009.44688,13378.70253,22941.53454,100263.58,45368.94264,42156.52098,9817.669394,543.930322,90781.56934,29898.00127,28480.97076,167446.083,84093.54595,38686.47444,22969.05989,509.800877,2309.103977,20462.55061
SRR8743201_unmaped__quant,33047.36995,15031.73083,43727.88978,13849.67619,47394.27159,8133.047431,69219.75351,15380.67089,26686.63575,99362.04499,43165.90555,39905.66232,10090.95638,520.644248,87003.42218,32074.4572,32535.70939,179989.3648,72018.89518,37465.90695,13589.39348,645.787343,2081.081381,19850.47998
SRR8743202_unmaped__quant,27750.5656,27220.03208,45118.45735,15061.16531,43915.51888,6736.443761,57228.89169,12464.04586,24451.26154,124499.5334,61075.32716,43236.40959,9637.571572,207.833158,101555.1688,27838.82956,30966.67772,158611.1531,69573.29641,36568.64962,5977.645938,791.49372,1883.220595,18587.22382
SRR8743203_unmaped__quant,37544.26132,17794.45289,42090.64866,15518.99694,44548.55373,7971.980946,56723.7799,15210.07901,26559.75884,89963.87309,46704.23006,41875.09881,11492.62552,541.380101,89472.01747,33836.71843,31360.30103,180610.396,83239.33221,41837.77083,4212.980797,615.402986,2303.139258,15619.09499
SRR8743204_unmaped__quant,35534.53047,16834.75374,39909.72338,15110.02502,52055.80372,8064.855243,73627.13137,13681.77861,23694.76431,93705.06038,49762.5935,53166.73046,10032.81999,520.650844,85402.55203,29948.08364,29293.20964,172546.1956,78110.97278,38835.08339,16108.24585,494.753582,2149.464692,16529.33068
SRR8743205_unmaped__quant,33306.76901,15104.60494,36473.93841,15864.97153,46559.94189,9110.051085,67523.26221,14607.00993,24886.1371,87625.21296,40423.66031,37306.66351,10031.30069,437.660711,81028.52043,31234.92064,31459.24275,186068.9424,65788.43461,39455.20975,22353.15645,891.59778,2027.019763,17973.28163
SRR8743206_unmaped__quant,23563.17779,14728.00795,42381.24289,12501.20261,36771.31079,6809.156522,63822.99601,17326.31549,23784.77044,102153.4049,34500.80912,18099.39875,10716.67409,747.561052,77412.6073,35589.20803,32057.11351,227968.952,44464.84337,38716.19577,2900.523434,918.184623,2192.087136,13627.64603
SRR8743207_unmaped__quant,30677.67466,16213.13734,44422.76111,13457.52297,43506.80615,7727.883592,58928.74019,15563.07632,26050.98256,95375.88959,43316.5492,32719.87491,11908.78851,797.515554,87413.55129,38074.90146,30178.98893,199529.1474,63820.5785,38857.92438,3721.539749,695.004376,2047.057978,15222.79082
SRR8743208_unmaped__quant,34484.97702,16822.98126,37942.0191,15276.13962,39168.06089,8633.349848,55374.74419,14432.56161,23568.16021,94276.70585,46979.95128,40989.90331,10475.27325,546.53015,89240.24137,31327.35631,30807.11793,175197.8653,86947.77855,41759.9144,4540.79476,706.496136,2361.347648,17665.89379
SRR8743209_unmaped__quant,19617.79366,13555.50958,47836.04751,10316.00297,32948.22211,6646.628404,64958.53863,21286.14747,20217.93086,127974.4251,31229.95969,10651.85423,8183.432943,786.133357,74916.14129,28215.44554,35179.13105,237207.4741,32065.77204,38063.2182,2017.909327,597.709438,2498.571049,10698.0557
SRR8743210_unmaped__quant,39372.54623,19864.68036,36264.31029,17845.59072,39716.73002,10568.34686,53850.33286,14876.04781,22999.57195,108571.1237,50917.27306,52135.49155,9806.09721,324.726277,88886.16088,26617.84878,31633.53859,163120.1936,96099.64491,42942.68875,5123.436779,888.044137,2369.931985,19725.79351
SRR8743211_unmaped__quant,28998.15476,18330.17114,39986.20737,14516.97372,38946.02147,8628.488774,60569.07954,17241.51004,24198.24992,110600.8916,40723.95518,28988.34668,9438.913325,487.308139,78700.23633,31262.85301,32697.42161,204334.9206,59022.67758,40128.807,3913.679175,863.871728,2238.088877,17041.98446
SRR8743212_unmaped__quant,34073.13885,17685.30029,37876.854,15027.54064,48512.45817,8758.903629,68661.58281,13973.1192,22919.04764,110885.0509,47168.22463,42338.4734,10352.01697,410.706103,83554.60228,29588.20398,32137.02534,156395.7914,80297.75814,38155.56229,19275.72533,589.093941,2490.210329,16335.17234
SRR8743213_unmaped__quant,40341.82927,15715.31118,39889.44501,16830.74572,43497.53232,10041.26453,67266.28709,14054.65748,23827.10291,101101.8749,41247.51429,53397.81901,8916.974266,183.801159,105484.5186,23190.99501,29014.51004,146016.6491,87522.2377,43787.78678,20209.15366,810.58774,2017.300321,33422.29251
SRR8743214_unmaped__quant,25910.6435,15376.97132,41327.39112,13140.35371,36578.12883,7548.521814,66719.37438,19225.38235,21341.41742,117421.7844,37658.82669,25028.29632,9580.703033,595.014681,80110.05221,29860.66001,32041.23623,205681.2671,52445.64745,40341.83619,3178.592208,749.418335,2400.973773,13723.9267
SRR8743215_unmaped__quant,28317.19418,14115.43869,44819.46482,13209.7223,37131.24362,7884.178089,61991.6858,18865.23604,22854.76589,112545.2616,40060.22794,29665.04473,10637.80468,719.218155,85946.45391,29797.55875,32331.94187,201421.2715,62995.26249,42214.12342,3103.007639,608.761338,2755.81658,13134.1283
SRR8743216_unmaped__quant,34941.06959,16342.15057,26123.99448,17015.11799,58246.86702,8671.539348,106240.8791,13457.20696,27379.99196,116037.677,40283.4103,55010.0934,11508.66432,159.708652,86731.11602,23101.31223,30564.15388,115677.1248,105091.2941,39496.9949,47533.2778,1433.46522,2611.758329,26015.92205
SRR8743217_unmaped__quant,37188.68937,22624.01961,32025.56414,18604.3069,42394.5885,9875.701443,79521.37199,15215.83941,30374.07973,157791.1054,41401.80491,54155.27376,11122.93519,123.440633,99850.18291,25710.90601,34557.23121,126462.2571,91352.09844,42675.32495,7910.892162,1351.84617,3854.740861,30343.80444
SRR8743218_unmaped__quant,37932.58842,23060.0362,30324.69625,20855.46126,49973.56384,9978.602544,97075.98703,16588.66163,27458.62231,152291.6252,42819.37461,51525.74697,10989.62386,182.704621,102470.2027,24577.01025,37464.19022,120524.9438,92172.06934,42679.68032,7961.611704,1343.46279,3964.841018,29336.65078
SRR8743219_unmaped__quant,38894.2421,17593.84489,28565.52556,17243.34228,56379.26963,9493.4108,93668.87846,13193.17958,25454.04548,126339.5124,44601.63181,63803.02772,11319.36089,192.547073,88333.56617,25910.08361,29744.98229,121755.2977,99624.87776,41285.6119,42343.97178,1040.76326,3224.050092,25906.70936
SRR8743220_unmaped__quant,37627.46079,17153.85075,28344.88409,17151.31121,55068.43818,9546.1507,100263.2604,13220.32204,27613.36759,119225.5176,45884.00077,61294.29278,12227.7129,240.281766,91495.52428,27827.38526,36536.04434,126621.518,101494.0762,39719.5381,35125.68898,1008.71463,2955.124704,25652.02009
SRR8743221_unmaped__quant,40699.10894,18919.56102,32273.95165,19185.61296,48044.82372,10022.58219,88350.85553,13595.96784,28205.54395,110996.3677,47821.72616,66697.05861,13729.26371,263.103052,96497.54558,28912.85083,37313.42066,127526.6605,113575.0534,42245.61899,6431.639074,1043.17444,2992.653569,24618.22193
SRR8743222_unmaped__quant,30230.59241,17691.3335,40127.54423,16112.11981,40763.88825,8576.118587,74949.22094,14081.11707,30683.74262,145925.1394,43722.35926,46868.0218,13086.69746,209.429802,102505.7698,30239.26124,40183.75708,138387.7,98601.91854,40255.11463,6111.580416,733.91268,2735.631678,22918.48181
SRR8743223_unmaped__quant,34714.58333,18913.05231,36931.95069,18208.62087,42732.92049,8974.582534,83793.92103,13315.19735,31586.16135,122312.2211,49756.84815,55393.42201,13653.17621,191.79385,105407.6269,32063.20084,46387.44209,133270.5037,106480.934,42309.94539,6103.92307,798.71406,2863.536428,24202.03709
SRR8743224_unmaped__quant,32139.40776,16460.65867,37928.79358,15638.07938,51522.73473,8170.778423,97129.57332,13333.76538,29977.39611,127046.0063,43812.03933,49979.31163,12774.46621,243.084724,95486.68984,29408.19468,39950.66289,118391.4117,101318.7737,37652.63176,27764.69478,645.718854,2154.85225,20286.51829
SRR8743225_unmaped__quant,27855.54952,15469.71205,38200.2433,13850.28953,44100.08431,8504.200283,72388.56135,14453.80129,26115.06255,156942.8921,40562.13539,39154.72879,11622.81733,391.13024,92910.59126,25788.44514,32335.17496,136302.4882,85547.45223,38860.01463,27900.09848,743.067729,2335.113236,23310.47233
SRR8743226_unmaped__quant,28207.16042,14787.47935,36167.1956,13915.30851,94293.93434,8199.600461,82730.97378,13437.73621,26646.75048,108866.3046,43485.56996,39149.63068,12431.88651,495.457538,85493.76838,28059.56624,34373.43658,144314.843,86906.89663,36165.31317,24497.00683,857.606964,1900.646158,25912.83456
SRR8743227_unmaped__quant,37775.29526,14270.7296,48706.42441,18443.10344,42064.61133,10766.23507,65710.16335,17008.57143,35960.46442,138407.2355,45941.87315,51290.99922,15691.15475,348.273917,103062.8343,30964.07349,39762.57586,134174.5374,102800.3031,46525.47532,6284.0466,545.927917,2351.943802,26233.98541
SRR8743228_unmaped__quant,32127.76845,16064.71488,44014.70539,14274.35869,43402.34999,8733.523281,67117.86675,15309.06287,30031.23694,112181.9935,44294.77713,38694.67842,13007.65128,397.518727,91913.6704,32925.22537,43115.12007,165417.6144,87025.78784,38042.11768,5119.521347,1009.746944,2192.860605,21498.02733
SRR8743229_unmaped__quant,29784.03779,15831.5546,40097.55531,14362.48467,50118.92391,8253.025511,76755.04609,14331.01656,28687.22834,125254.0282,41237.44694,38012.21991,12568.97605,399.672438,91774.91716,29110.37591,38731.627,149658.1887,82707.43071,37540.18225,34320.75345,816.12283,2161.283116,23165.40086
SRR8743230_unmaped__quant,32409.22869,18007.64836,45715.44467,15188.62148,40751.76555,9336.842593,66746.36329,15262.70425,29710.04026,119292.9568,44525.81001,38992.32382,13778.5161,643.284115,96985.31619,33236.42023,39564.05974,158789.2911,84501.94541,41301.47022,4566.30031,848.197895,2167.153286,21008.2362
SRR8743231_unmaped__quant,29635.16705,14943.61186,42940.68288,14215.38766,49064.85179,8628.653118,72576.43465,15338.65999,27292.81533,133598.1227,41559.69926,36852.34817,12436.62908,418.028439,92188.34336,30649.07778,35765.86742,149878.4289,79158.5691,38984.00824,26372.95594,775.456706,2022.713278,22500.75414
SRR8743232_unmaped__quant,31250.31277,18339.54904,58105.07835,13968.67293,43206.79266,8650.721658,59133.60567,15111.95611,29025.6519,117973.4843,46522.36558,36694.39049,11147.63889,449.26976,94948.07551,34267.38711,40200.94454,161787.0238,71101.34352,35858.32251,4744.204365,580.274235,1946.879026,25414.92926
SRR8743233_unmaped__quant,30723.53563,19330.11822,48973.33655,13729.31975,45831.3093,8912.462231,62338.5063,16352.76798,27984.76861,103134.8744,46925.24695,37529.67638,12714.98392,777.949095,86588.59644,37334.05858,40003.15375,174374.8692,69318.6651,37868.7384,4282.892597,637.788348,2067.258913,19304.50592
SRR8743234_unmaped__quant,28252.24148,16226.00776,41079.40911,12990.23711,44850.33656,8083.904588,74447.03407,13432.20816,26465.34448,116682.1035,41501.13,36987.31827,11991.78026,618.024108,89962.74108,31638.81781,36558.20889,162352.7737,71649.76446,33983.46338,26077.75978,716.658477,2149.130191,22704.97136
SRR8743235_unmaped__quant,34051.55161,16463.95373,41023.77007,14516.11025,48125.36623,8758.668088,71261.51657,14466.35429,24910.87587,100303.9795,49346.68071,48173.77246,12482.1881,690.609817,86858.77938,31591.57847,37556.88947,160110.6961,85824.43893,34717.4783,21629.62086,560.136671,2005.608524,18490.04891
SRR8743236_unmaped__quant,35850.30034,14857.28596,32291.41581,15565.57049,45548.01993,9640.762659,70157.06318,13867.30352,25387.90506,100849.4613,44555.1462,50019.01898,12134.18711,367.540726,85161.24982,26589.06328,34274.9978,142817.7452,98910.75575,38675.65297,33592.51445,699.06254,2171.473005,22786.82873
SRR8743237_unmaped__quant,32419.70101,18722.84088,40359.29033,13814.65551,49776.47984,8731.68651,77377.38954,14557.19337,24580.05895,108325.0516,49913.05998,47642.60271,11254.06772,456.813047,82314.91456,31034.07839,36082.30294,159051.0124,85054.64673,34766.31164,21961.27376,694.262764,2054.062984,19097.41532
SRR8743238_unmaped__quant,39102.00271,20298.95012,37171.41194,17668.10176,38605.64873,9711.160823,62023.84963,13939.24876,25351.08018,109281.3172,62195.83917,57831.95207,11860.28752,257.361601,96729.24615,27589.91717,37828.65876,143920.7595,121806.5213,39019.31948,6553.649916,648.134645,2418.427548,24249.63952
SRR8743239_unmaped__quant,35496.02927,17450.33869,34603.76821,15457.46924,46046.65213,9369.650937,73445.57198,14505.6532,23875.19944,103109.3907,48994.04317,48687.30849,10833.1049,468.474647,86537.33409,28217.60945,31878.10056,153899.6133,95376.2675,39651.94467,20513.06592,691.620318,2288.492281,23662.12054
SRR8743240_unmaped__quant,36750.22767,14523.37636,30867.43045,15396.96032,45730.85339,9483.887106,80079.39718,13178.88086,23995.16119,114233.8033,46264.34874,50928.14844,11780.48886,279.809109,86114.62292,26689.39637,31301.73296,146194.6618,103185.957,38259.09825,34529.51218,879.137249,2600.423661,23145.87322
SRR8743241_unmaped__quant,35760.8947,19097.54619,40295.76373,16436.75201,39650.20698,9271.609141,62170.01752,14177.54723,28071.34805,96406.49966,57981.97573,56901.17903,12578.72772,498.305216,94233.09322,30490.98258,42256.75078,155377.8168,94126.42655,39138.42474,5303.939215,557.496634,2047.506642,20127.50883
SRR8743242_unmaped__quant,33410.11264,16416.94272,42105.36217,14397.57651,39206.42807,8830.317542,54742.2697,14861.85119,25927.95566,94539.56758,47775.84599,39220.8446,11593.78056,719.443194,96947.69709,33879.25462,37356.89201,176682.3187,75253.4063,38847.30897,4084.481995,530.085876,1946.212775,18423.94164
SRR8743243_unmaped__quant,39856.39257,17754.16846,36530.52009,17684.94191,38777.90627,10455.41313,63436.31598,14234.99419,27460.61672,92340.65677,54826.0382,56762.23139,12733.88468,369.431991,96905.43671,28587.93325,39234.19998,156501.5882,109919.3563,41205.40798,5598.154619,744.737297,2308.828331,22044.88462
SRR8743244_unmaped__quant,31310.71579,18512.81377,41521.02976,14181.19582,36402.06543,8832.232675,59136.20512,13159.66998,26079.82596,101733.2047,48254.63047,46913.36233,11716.61,462.026723,96874.90092,30455.43466,35155.26466,161043.347,80961.08973,39277.33568,4754.246838,891.612341,1872.400239,20013.85873
SRR8743245_unmaped__quant,32814.37367,15271.08016,43277.77869,14636.56226,41451.8621,9874.064744,77026.20152,16123.5435,28098.16202,102345.8299,42846.32367,34420.19073,10578.67816,462.045674,96065.24759,32674.084,36290.30747,166362.18,80203.39412,41471.28985,4579.929978,763.318008,2080.83301,22754.03956
SRR8743246_unmaped__quant,32860.38067,15044.47187,40472.24452,14552.89045,69767.19644,9240.675046,65703.38717,14110.43268,26126.17171,98498.84439,47444.37093,38517.4192,11166.96884,509.868494,94913.03341,31052.16003,35633.05492,156590.4763,77463.07814,38783.18338,13748.59686,753.162538,2119.181016,24180.62234
SRR8743247_unmaped__quant,32110.15332,15412.85097,41357.27452,14487.76407,38604.08502,9041.784164,58451.90215,13421.36283,26784.42162,100556.9283,45737.76003,36518.84341,11678.82373,409.137025,96031.80745,29830.91297,36031.16962,158405.2535,84148.51973,39129.6178,4851.98006,767.231709,1954.09483,21761.97641
SRR8743248_unmaped__quant,35641.12684,13554.08672,37271.64658,15510.59526,44910.02668,10640.46175,67717.66748,14225.76751,24668.03421,108879.8618,41911.93848,39389.02053,9820.116829,329.819965,89032.62131,28359.50949,32708.01995,152378.2993,80411.75373,40392.12711,22696.19762,608.883439,2047.804453,21992.11143
SRR8743249_unmaped__quant,32400.47288,17566.55868,43004.1669,14792.39418,37635.32971,8972.819083,54262.33364,14108.34388,25242.77946,109594.2937,50434.78143,46396.12562,11381.01171,411.710379,91619.51191,31273.05767,36472.79078,160942.3494,83899.14036,38633.06481,4633.535888,674.089446,1891.785932,24259.3421
SRR8743250_unmaped__quant,30596.57078,16143.61221,36730.48134,14571.44608,43088.65814,8644.522936,66171.99822,14071.70044,21831.84233,126106.3822,42367.2105,35737.63775,9531.774344,355.863731,89314.71246,28239.3155,30146.75162,160672.7578,84890.08102,39154.05344,15241.5862,648.608387,2038.704199,23470.95403
SRR8743251_unmaped__quant,30599.06815,19676.09216,38979.80361,14851.8071,37965.68528,8669.194892,57005.16124,14556.02341,23935.07891,132870.2534,47055.47559,34294.28186,9839.343009,351.129418,95529.92441,26633.69695,33959.33466,156977.9701,86019.37056,41246.05773,5102.890483,687.473349,2045.974834,25209.97731
SRR8743252_unmaped__quant,27298.74118,15008.74821,40856.32158,13003.93316,45068.87827,7320.502663,68953.53161,12731.41523,28411.4889,131675.3801,35290.94712,21117.2044,8833.388422,323.175528,104355.2357,25629.99474,35000.31229,154237.7017,59321.25165,38440.76292,24707.40736,677.686052,1589.661976,28297.47907
SRR8743253_unmaped__quant,36773.00241,15122.6054,47077.97138,17763.80909,43412.57184,10474.94772,63878.83255,14438.17166,22287.95818,112503.8726,42861.99356,46654.45741,9550.64885,524.741954,89520.89789,25592.39561,28584.30932,146762.3523,92864.52017,42859.32376,19210.07117,531.768451,1935.407385,31230.17674
SRR8743254_unmaped__quant,34550.07079,14817.9176,40238.10063,15317.57333,43502.00151,9137.557555,68342.92759,14373.94566,25112.47026,115833.2099,49218.20437,48775.61673,11806.0633,325.783954,90180.02162,28431.28481,34691.73874,150655.03,98994.1301,39130.15627,16656.81726,653.146183,2055.752205,20201.83395
SRR8743255_unmaped__quant,41240.01714,16276.67525,39083.11287,18323.59602,38520.55333,11560.44372,56477.11117,15493.92723,26151.70557,102297.721,45869.74533,48029.48271,10763.82043,327.277562,98749.25067,26284.26183,32570.05199,152956.216,96117.29536,46184.92428,4983.287276,643.612156,2213.452729,24139.81212
