aa,Fungi_percent,"1,3-diaminopropane","1,4-D-xylobiose",2-hydroxyglutaric acid,2-hydroxypyridine,2-keto-l-gluconic acid*,"3,4-dihydroxybenzoic acid","3,5-dimethoxy-4-hydroxycinnamic acid (sinapic acid)",3-hydroxypyridine,4-guanidinobutyric acid,4-hydroxy-3-methoxybenzoic acid (vanillic acid),4-hydroxybenzaldehyde,4-hydroxybenzoic acid,4-hydroxyphenylacetic acid,4-hydroxypyridine,5-O-coumaroyl-D-quinic acid* ,aconitic acid,adenine,adenosine,allantoin,alpha ketoglutaric acid,benzoic acid,beta-cyano-L-alanine,caffeic acid,carbonate ion,cellobiose,chlorogenic acid,citraconic acid,citric acid,cycloleucine,dehydroalanine,dehydroascorbic acid,D-fructose-6-phosphate,D-galactaric acid,D-gluconic acid,D-glucose,D-glucose-6-phosphate,D-glucuronic acid,DL-3-aminoisobutyric acid,DL-4-hydroxymandelic acid,D-malic acid,D-maltitol,D-mannitol,D-mannose,D-threitol,D-xylose,ethanolamine*,ferulic acid,fructose,fumaric acid,galactinol,galactitol,galactonic acid,glucosylglycerol*,glyceric acid,glycerol,glycerol 3-phosphate,glycine,glycolic acid,hydroquinone,isomaltose,lactate,L-alanine,L-asparagine,L-aspartic acid,L-cysteine,L-glutamic acid,L-glutamine,L-homoserine,L-isoleucine,L-leucine,L-ornithine,L-phenylalanine,L-proline,L-pyroglutamic acid,L-serine,L-threonine,L-tryptophan,L-tyrosine,L-valine,maleic acid,maltose,melezitose,melibiose,methyl phosphate*,methyl-beta-D-galactopyranoside ,methylmaleic acid*,methylsuccinic acid*,mucic acid,myo-inositol,"N,N-dimethylglycine",nicotinic acid,N-methylalanine,oxalic acid,palmitic acid,phosphate ion,pipecolic acid,porphine,propylene glycol,pyruvic acid,quinic acid,raffinose,ribitol,ribose,sedoheptulose,shikimic acid,succinic acid,succinic anhydride*,sucrose,thymine,trehalose,uracil,xylitol,Unknown 001,Unknown 002,Unknown 003,Unknown 004,Unknown 005,Unknown 006,Unknown 007,Unknown 008,Unknown 009,Unknown 010,Unknown 011,Unknown 012,Unknown 013,Unknown 014,Unknown 015,Unknown 016,Unknown 017,Unknown 018,Unknown 019,Unknown 020,Unknown 021,Unknown 022,Unknown 023,Unknown 024,Unknown 025,Unknown 026,Unknown 027,Unknown 028,Unknown 029,Unknown 030,Unknown 031,Unknown 032,Unknown 033,Unknown 034,Unknown 035,Unknown 036,Unknown 037,Unknown 038,Unknown 039,Unknown 040,Unknown 041,Unknown 042,Unknown 043,Unknown 044,Unknown 045,Unknown 046,Unknown 047,Unknown 048,Unknown 049,Unknown 050,Unknown 051,Unknown 052,Unknown 053,Unknown 054,Unknown 054,Unknown 055,Unknown 056,Unknown 057,Unknown 058,Unknown 059,Unknown 060,Unknown 061,Unknown 064,Unknown 065,Unknown 065,Unknown 066,Unknown 067,Unknown 068,Unknown 069,Unknown 070,Unknown 071,Unknown 072,Unknown 073,Unknown 074,Unknown 075,Unknown 076,Unknown 077,Unknown 078,Unknown 079,Unknown 080,Unknown 081,Unknown 082,Unknown 083,Unknown 084,Unknown 085,Unknown 086,Unknown 087,Unknown 088,Unknown 089,Unknown 090,Unknown 091,Unknown 092,Unknown 094,Unknown 095,Unknown 096,Unknown 097,Unknown 098,Unknown 100,Unknown 101,Unknown 102,Unknown 103,Unknown 104,Unknown 105,Unknown 106,Unknown 107,Unknown 108,Unknown 109,Unknown 110,Unknown 111,Unknown 112,Unknown 113,Unknown 114,Unknown 115,Unknown 116,Unknown 117,Unknown 118,Unknown 119,Unknown 120,Unknown 121,Unknown 122,Unknown 123,Unknown 125,Unknown 126,Unknown 127,Unknown 128,Unknown 129,Unknown 130,Unknown 131,Unknown 132,Unknown 133,Unknown 134,Unknown 135,Unknown 136,Unknown 137,Unknown 138,Unknown 139,Unknown 140,Unknown 141,Unknown 142,Unknown 143,Unknown 144,Unknown 145,Unknown 146,Unknown 147,Unknown 148,Unknown 149,Unknown 150,Unknown 151,Unknown 152,Unknown 153,Unknown 154,Unknown 155,Unknown 156,Unknown 157,Unknown 158,Unknown 159,Unknown 160,Unknown 161,Unknown 162,Unknown 163,Unknown 164,Unknown 165,Unknown 167,Unknown 168,Unknown 169,Unknown 170,Unknown 171,Unknown 172,Unknown 173,Unknown 174,Unknown 175,Unknown 176,Unknown 177,Unknown 178,Unknown 179,Unknown 180,Unknown 181,Unknown 182,Unknown 183,Unknown 184,Unknown 185,Unknown 186
TP4L12,2.333448994,21.64790916,16.99826596,19.09992765,21.51801316,19.60106148,20.11854426,16.27624372,18.33100744,20.72124619,18.76943542,14.69993218,18.98774907,16.18626806,0,20.2341408,22.76948898,0,19.7551499,16.39140809,19.61349074,17.71819137,23.93115663,23.38070729,18.76929746,23.43771119,22.30134189,20.68248172,22.52429863,19.01726473,17.50970738,23.00294956,17.93673801,21.65438207,18.20204715,28.92729735,18.25115691,18.09205803,0,20.76978246,25.93709048,16.00160519,26.56761049,26.79957833,17.2261111,20.17422318,23.35262188,19.05347535,26.07748112,22.94891535,23.37289028,0,20.23180507,18.44401881,22.83485406,0,14.20425316,25.21104758,17.87856137,18.27781042,16.28746565,20.05524153,22.34013098,23.92627851,23.95740783,16.54640592,24.73179981,21.53347834,0,19.6701249,21.09391558,19.26674619,20.2062929,18.26490124,24.93166811,24.81044154,21.91648289,18.25832681,22.55412275,23.19140776,21.04459488,19.52579965,16.62398208,19.20040312,20.12371994,16.82400755,21.14153197,16.85438949,18.88745678,24.07312454,15.66701194,17.33248797,18.44377998,20.82795282,18.07459897,24.60926291,14.98954485,12.66712411,20.15468373,19.42254556,26.3323084,0,22.65045297,21.95132519,26.77007958,21.35865232,24.81249452,17.49514074,26.84349691,17.50014979,21.73521513,18.48098607,19.00225733,19.00524392,16.36280285,0,19.71299978,18.37095799,18.17986137,21.64954698,15.83857168,18.91184253,17.06634547,19.31572245,17.06865488,19.45763593,16.14921035,17.72457171,17.65204804,18.69188912,18.08690417,0,18.4641817,0,18.98057799,17.58208854,18.06994871,18.68871594,18.52614845,17.67243753,18.68801739,0,17.9331695,15.89456915,23.66507083,23.76659417,16.58657022,25.28814287,13.92951996,19.40605168,21.17987177,21.10474765,20.47609581,21.52195964,18.44051954,19.96276111,16.24321135,19.41516505,17.60809598,17.35880036,22.03907233,21.6931114,18.98785376,17.37312014,17.09828856,0,18.49515824,21.13791843,18.525903,16.19770312,18.36939,18.61208078,17.86332114,19.53714818,18.61718295,19.56488861,21.41655376,19.53269811,16.40557944,18.80843055,18.60465805,19.74079771,19.68916689,19.92528278,16.34257543,21.06479496,18.12666834,27.68177245,28.10831907,28.23378849,21.59247492,19.06860166,17.6574126,19.11060867,18.80961917,20.22908498,22.67859915,19.86782318,21.28372423,18.54026814,22.46848383,15.94850906,20.28983029,16.67702007,18.40509938,20.68311147,20.03193463,18.63512078,22.40175113,22.3130292,20.70720624,17.35244642,19.14674036,19.50166999,16.54067184,17.46452182,18.49985897,16.60598595,15.7536317,18.04261711,18.89066754,16.66314126,16.12667275,19.00603981,20.48270633,21.48104032,17.61141501,17.67489328,18.60015575,18.00485,14.32642048,17.97406074,18.6205094,19.27782136,16.63766131,0,18.20564616,18.76471853,17.81913551,22.02596861,22.02596861,16.72637556,18.06458188,16.84028374,19.31643427,17.27808615,18.07828216,17.47068594,17.48244225,0,0,21.68557844,18.88293784,20.33798752,17.80541683,19.31465196,20.18379789,17.90017806,0,15.1984176,17.92118401,18.15606078,14.83700932,15.81416123,18.59792045,16.14967173,18.15143161,12.63479558,0,17.77721823,16.00049322,23.78410149,0,0,0,0,14.49663595,16.6114427,13.74953837,13.48409134,21.29630535,19.48980162,17.64749956,0,0,0,21.50959196,18.30813484,0,0,0,16.43776171,19.27563046,20.39126951,17.8738209
TP6L17,2.981191624,21.1113774,18.68909804,18.82662183,22.18511139,20.75327148,19.85976906,16.92217699,18.8080184,20.23659373,18.58617655,0,19.2164992,13.95601418,18.22826497,17.17670289,22.90596628,0,19.82989445,18.5940983,15.10398726,18.06773026,21.56610498,22.91031636,20.02441921,24.27591238,21.16806197,20.18857481,22.26307264,20.43206438,17.81252647,24.1292782,0,20.16791659,17.26920105,26.68343766,17.46625885,18.33212276,0,21.96328967,25.83135899,18.66805447,20.12694893,22.5224897,17.69803313,19.28709685,22.45438963,19.09734265,25.07209977,22.76502149,24.41220358,0,20.81636705,19.05756357,22.58964863,0,20.34789905,24.96109964,18.48093203,18.87535156,19.43154524,20.29442271,25.65108483,20.56742448,22.24662422,16.95395955,23.53431392,18.2066762,0,19.8829751,20.98647163,15.54913384,21.42497948,21.93807527,24.12451983,24.16818571,21.32812547,18.6250662,22.56295748,22.49795498,20.74847484,20.64930567,0,20.29377917,20.84401317,17.37434756,21.3021916,19.25922212,20.16705877,24.53250326,0,16.73025101,18.31216402,20.50627167,18.72647512,24.48638011,0,14.1155409,18.77077549,19.16040111,25.85362646,17.01430164,21.72060219,21.28608181,23.05677708,23.17835493,24.59483344,19.27516576,27.26807329,17.07161368,22.92242424,18.83682419,20.79224768,19.99146625,17.24522911,0,20.03058282,18.58177855,18.68880864,21.40284964,16.31188673,16.3133016,17.83153653,19.99069349,19.20090579,18.49865682,20.69955749,19.26291683,17.67502335,18.27983477,17.90121706,0,0,0,17.82076842,17.91484517,18.21577094,19.71807908,19.22820654,18.00999001,18.090552,0,17.77503427,17.0664992,21.7006328,21.80970292,17.60765299,22.82837236,16.17212226,19.00365914,21.89739866,22.15304767,20.23794103,21.49511804,18.24345405,15.10398726,18.32583574,20.32985209,18.97411276,15.21839251,19.47592856,20.97797398,19.82928317,18.08863193,18.82800544,0,18.1169766,20.35471317,18.13006972,16.23018838,19.14502218,18.87032855,19.54809001,21.04362656,19.70489392,19.43868831,20.5653206,20.85869332,18.6813677,19.75142504,20.05532049,20.16073769,20.00997815,20.13319723,16.20359006,22.04054928,15.56775754,26.55405594,27.11853595,27.89876609,22.71702678,18.84170944,17.65965821,18.91023522,20.13953068,20.67449833,23.80282988,21.53217941,20.85859006,17.34199652,21.06991749,16.54620863,19.5098423,20.83621953,9.640672557,22.35635605,21.6657178,20.66652794,21.15807772,21.62183314,19.47139432,19.67311337,21.96477489,20.15473686,17.56311474,19.75060054,17.94209095,18.27956006,17.84932085,17.63949045,19.24105025,19.38048889,18.90292846,19.48855486,19.49610478,21.93844676,19.11317677,19.36351237,20.67585638,18.67131416,19.98343965,17.06312437,19.32400379,22.24350801,17.97056358,19.49750259,19.00418698,19.22237027,21.22046664,24.74807051,24.74807051,19.11677098,18.68354904,20.15522461,22.6160439,19.66934043,21.05732192,21.78489376,21.40624705,0,0,23.17297635,19.65906544,20.9070052,18.07707211,20.96692033,0,19.70069709,0,19.99558366,19.25795823,19.52678775,17.22270152,18.31084936,20.77282757,20.47984356,19.96630764,15.9944693,0,19.47311995,17.73937731,24.81905586,0,0,0,0,0,18.84474943,17.26256749,0,21.3577828,19.99834043,18.38749877,17.01430164,14.33848945,0,22.35388458,20.23526485,0,0,0,17.98821595,19.27600131,20.3164163,19.98343965
TP4L13,3.046402808,21.69784105,17.82152323,19.54172969,21.64616421,20.30307555,20.33552595,16.0443807,18.37269801,20.64567003,19.18138586,15.72391164,19.27037813,15.24073401,0,20.3215769,24.20857135,19.20279229,19.4119579,19.65947196,18.07171394,17.87615905,22.89540978,23.66414935,19.53916429,24.13252421,22.49111549,20.85488276,22.84473898,19.87901667,17.63529945,23.12222411,0,21.2261354,17.46130017,26.85696145,17.74114212,17.65880598,0,21.32496694,25.83136844,16.35913418,19.60510328,26.08819705,17.169377,19.81480985,22.71731004,19.42699895,25.31328152,23.31799828,24.3230581,0,20.78933012,18.56831259,23.16593084,0,19.75045366,24.66265602,18.090534,18.63840111,17.516376,19.76480415,22.08464841,22.58159041,23.85136908,16.46715484,24.6707443,19.37769335,0,19.68555537,20.91276015,17.46043912,19.93566295,18.75522807,24.84470089,24.59373542,21.70495462,17.65421499,21.53837936,22.85415905,21.28650552,20.02033199,19.33963018,20.75319877,20.70543315,16.52106228,21.59861493,16.94530673,19.36343681,24.9385301,16.31951694,17.03379018,18.21891883,20.92649257,17.95706763,25.14222332,0,14.96476336,18.77603491,19.01702172,26.32914596,13.36514641,21.99231257,21.8590052,26.03095072,21.73205086,24.31342964,17.17861858,26.89223183,17.67044098,21.52003544,18.83762122,19.98375148,17.04266155,16.95109193,0,19.8453987,18.10216664,18.3557745,21.65660743,16.21886694,17.96930007,17.10994249,19.87264112,19.04640997,18.40348463,15.11325921,18.6176615,17.98139983,18.65385226,18.69683685,0,18.75988378,0,17.42630741,17.63120713,18.48664529,18.99974023,19.41393537,17.76263605,18.7123681,0,17.43957754,16.49437791,22.55062282,22.60110287,16.47103181,24.12663074,17.00456791,19.31481665,18.94191165,21.80547234,20.85036746,21.44076058,19.34380243,18.64967681,14.97215318,20.13412779,18.75033169,15.48496882,18.42642976,20.69327588,19.07713086,16.32127306,18.48269955,0,16.74165582,19.81480985,18.61055186,16.15487356,18.75337883,18.70075863,21.83760574,19.97262217,19.87037526,19.31583062,20.93884446,20.02046429,16.37252019,18.791384,18.38635459,19.37116402,20.07962203,20.19603584,15.68602808,21.03577042,17.84422929,26.89777971,27.42211963,28.02072847,21.65882904,18.86820973,17.54917666,19.70602054,19.30769898,19.91769938,23.32084223,20.82373147,21.28669647,17.9204298,21.81274416,0,20.45881962,18.1312485,18.47356594,21.8536192,20.82320607,0,22.39012854,22.3706347,20.70527915,18.3524997,20.12716811,19.57267251,17.01448713,17.99510464,18.21538444,16.91551132,16.97473259,18.05529635,19.56731711,17.7086503,17.10309041,18.98653218,18.1795058,21.44399489,18.4012754,18.42660735,19.42124802,18.34830446,15.45942649,16.87136371,18.15142514,20.065086,16.83980491,0,18.47900422,19.03195828,18.17081442,23.26359706,23.26359706,17.37159446,18.22718329,17.45834314,18.39026816,17.12979579,18.91103916,19.57252903,19.01639454,0,17.85713421,22.46842007,19.22738499,18.53853117,20.09530002,20.63111627,21.45354629,19.34119919,0,17.91908857,18.39365488,18.54354382,15.40542044,16.70018911,19.64713904,17.08641591,18.57024681,12.49538797,0,18.6834894,17.0536926,24.73373179,9.43829564,0,15.61842286,0,15.15705069,17.49252306,15.28958974,13.71935441,21.40769986,19.98461933,18.16356186,15.43817519,13.42426014,0,22.52823654,16.2328813,0,0,0,16.96098612,19.03300464,20.11471052,17.66090333
TP3L5,3.17767339,20.66736758,17.05914425,19.78809292,21.48909993,18.88740693,18.7827896,17.57150652,17.91809063,19.45046633,17.99060862,15.94031741,18.36045389,0,0,20.82054534,23.58621642,19.33848813,20.45726593,16.79393954,15.24048014,17.10771919,20.4680412,22.62453713,19.15877062,24.47951866,23.21739195,20.03808754,22.39201021,18.06466978,16.92380905,23.1428053,17.59942485,19.76983086,16.7757358,27.99132644,17.94193592,18.06342831,0,20.01824654,25.5967874,16.59458766,19.54547169,22.80989472,17.22262885,19.28281922,22.94754943,17.96752519,24.91572859,22.46275607,22.64587714,18.87284006,19.67717019,18.47688743,22.67534163,0,19.91371032,23.65587969,16.44148601,17.67735257,16.90598148,19.36536551,25.75225195,21.11444662,23.03229107,16.2070878,24.15078053,19.03503686,0,18.67127934,20.13226616,14.2896175,19.19354087,17.25471744,24.5259996,23.41126111,20.74194659,12.98483441,20.10147406,22.1596451,20.52241173,19.37280471,0,19.0152495,19.31491408,16.31518856,20.27826636,15.94361318,17.7671655,24.28931731,15.76385785,11.03821909,17.57785431,20.49650058,18.44850783,24.75272415,14.86729007,13.90092442,19.20315201,19.48016345,24.51001614,15.15774557,21.37045388,21.88528482,23.13944362,20.35409965,23.38975148,15.97472754,26.6272024,16.88588557,22.37989807,17.62723305,19.39217066,19.21108615,16.43317852,0,19.95328644,17.0162658,18.29868992,21.36011141,16.71809352,15.72179345,16.74801629,19.52006899,17.15182541,19.01599969,15.48417438,17.57921014,17.57597252,18.42798388,17.82324275,0,0,0,16.96191418,17.54286449,17.25960418,18.99989224,18.28188496,17.83887618,17.66760385,0,17.47749816,16.5266714,21.58011978,21.65731491,15.53817533,21.73788241,16.48689639,18.30357292,21.07698004,20.87093089,18.66138106,20.8525765,18.8447501,16.65793017,18.11048987,19.26563561,18.10842236,15.17675753,18.38780259,19.62032716,17.24136323,16.58024431,17.20444864,0,17.38547346,20.6348636,18.02916748,16.32475416,17.93037417,21.51110884,22.24111472,18.89499227,18.07524942,18.38575634,19.85864126,19.32848636,15.65941827,18.5088667,17.44765303,17.74035119,19.42970071,18.88761021,12.86199675,20.98419193,17.56200283,26.33307096,26.89792269,26.83238221,22.29529767,18.28286979,17.07170747,18.70176659,18.62286293,19.27105183,21.8797821,19.46178866,20.43471723,15.01127094,20.90038847,16.31865191,18.65066911,14.58042219,17.21566873,21.67226509,20.61195941,19.97589907,22.12070363,22.06973304,20.38726538,17.88921008,19.53729774,18.76206109,16.89792358,18.61627961,15.18573915,16.20723138,16.43265549,17.29755815,18.9046675,17.75967528,17.32806791,17.96070946,18.22432984,20.9074921,18.36515823,18.00010478,19.21490038,17.74178713,18.2580253,16.22283476,18.76274418,19.70459923,16.50726554,0,16.53198001,17.62876736,17.70844829,22.55397797,22.55397797,17.69290176,17.50784665,16.89072665,19.39158859,17.10817773,17.44001238,18.86118392,18.03326167,0,0,21.70637431,18.47570352,18.11253121,19.44016457,19.77334782,20.73588338,18.72973767,0,17.74413665,17.91878608,18.2754352,17.11397249,17.36148832,20.44625786,17.49737025,18.68874015,14.66211839,0,18.86185341,18.47121729,23.04872297,0,0,16.43118074,0,16.14569883,18.05779504,15.88743363,14.35116159,22.11057495,19.39639975,17.52956413,18.14674154,15.27079665,0,21.77735412,19.90820193,0,0,0,16.19631396,18.27436661,18.59475302,17.32684186
TP3L20,3.928944619,21.21822725,17.77427263,20.01945607,21.05868394,19.32750433,19.38157628,15.78825949,17.69862942,19.56049101,17.65097389,16.55401309,18.81942675,13.15530717,0,21.23695615,24.21099528,20.47775538,20.5854838,18.49745047,14.29800355,17.504468,20.00605423,23.81420245,19.9509506,24.61621539,24.41282406,20.39414855,22.76551211,17.55801468,17.41298907,22.81567918,0,19.6848171,17.03913762,27.14271974,17.54372424,17.60274162,0,20.45324855,25.43965525,17.68063698,19.45509439,23.02749345,17.59053222,19.06596827,22.18404553,19.0063238,24.08629007,22.57094967,22.15450276,18.59133345,19.93915905,18.70874552,22.68232998,0,20.30404794,23.5204603,17.39770271,18.19670076,18.19489206,19.09369165,25.76373786,17.99284946,22.91806537,16.64434134,24.25792028,19.0254402,0,18.57513913,20.32838566,15.48734897,19.25997339,16.90435921,24.9602177,23.34719499,20.89776274,11.7428468,20.19912237,22.21919487,20.65485247,20.29612103,18.54798841,18.98200527,19.68351371,16.21701505,20.94652588,16.84989027,18.00783225,24.13100282,16.28035079,15.15085015,17.07930769,21.32095112,17.81873028,24.09478056,14.37736586,18.18138475,19.20184123,19.93890125,24.00528352,14.26993628,21.85206557,22.30402123,23.72218768,19.58372952,23.2237652,17.96745321,26.50031894,17.39342714,21.39920733,18.20492603,19.27109138,18.09957897,16.87650748,0,20.71640961,16.55280049,18.00625047,22.04876874,16.46576821,16.24430808,16.78756807,20.16261139,18.33205483,19.66899769,15.38804572,17.04275924,19.780984,18.85037915,17.64622068,0,0,17.80786233,17.26307522,17.44345967,17.8580307,18.80053033,18.63376141,17.87861769,18.43697663,0,17.4664728,17.17589847,22.1027325,22.1572644,16.30053453,21.55582849,16.64204341,0,19.67833178,21.03669212,19.90349129,20.85302776,18.201119,16.54875531,16.24047827,19.65379994,17.57272812,15.41745292,18.42658699,17.37133111,18.43776411,0,16.51440939,0,17.73495804,20.31825041,17.97517863,16.81641914,18.3529933,21.37557761,22.81680212,18.71609804,18.90256649,18.73543787,19.9918249,19.79804833,15.71538324,17.7417208,17.63354111,18.26761368,19.97161783,19.34013177,10.81734729,20.3716305,15.43519276,25.51577282,26.08448289,24.99073605,22.11727615,19.25957574,14.93124933,18.77832728,19.09206252,19.3430245,22.28224048,19.11112653,20.44766238,17.00030699,20.07540724,16.08975095,19.41958642,17.46892787,18.63074006,21.7126635,20.92988513,20.21451079,21.91575103,21.90584034,20.25648459,18.36135961,19.78148192,19.21433568,16.66182103,17.16899523,17.50455698,16.28235954,16.49836183,16.74746025,19.37922461,18.01218108,17.48876017,18.27780137,18.81719231,21.28435764,18.94009725,18.39012339,19.31223824,18.29235629,18.87925482,15.93619803,18.03407282,20.02427864,16.16912691,18.50464313,18.64011428,18.91876029,18.64877091,22.62184347,22.62184347,0,17.40766402,17.41911447,19.75464701,16.74102364,15.69095388,20.03060072,17.41856147,0,18.25745123,22.44327651,18.33124509,18.60233405,20.42732852,19.81286672,20.85021865,19.31425363,0,18.53618863,19.75583324,18.99556326,17.89626278,18.05979278,21.2427872,18.04490499,19.70140869,14.75074269,0,19.65008691,18.7001851,22.52674863,13.88118956,0,17.43805729,0,17.49169389,19.17408125,15.23182977,15.40818649,22.38301546,21.78727207,20.25761541,16.98513792,17.54132548,0,22.21412907,21.46025136,0,0,0,17.24956111,18.99447136,20.97375432,17.51448024
TP2L2,3.939040128,21.15307698,17.08710209,20.6875088,21.29513497,19.41317575,19.70716532,16.00250893,17.02222196,19.27862506,18.77565584,16.35294868,18.84193278,14.73064769,0,20.74577396,25.89456269,19.55017941,21.09719179,19.48634067,14.93518749,17.22545326,21.24836755,24.2617839,18.84640082,22.0581794,24.74608818,21.27303096,23.56241849,17.8600289,17.1859602,23.26369634,0,21.48923762,17.58080799,25.92453558,19.61037389,18.33246036,0,20.53323649,25.85773337,16.74706345,19.59684672,22.48098145,17.76890417,19.8545038,22.80792364,19.05440648,25.07543392,23.12370717,22.78311662,19.5416718,19.85855782,19.62983294,21.44721563,0,0,24.92860406,17.12747969,18.53854135,19.28987366,19.67202622,25.38206242,23.57876785,24.32991434,16.49332199,24.44431433,21.89571072,0,19.01655908,21.22514388,17.28773146,21.7643795,17.75473656,24.96150564,23.65903966,20.93046816,18.74175146,22.69135635,22.36451801,20.15622484,20.90358302,19.01431237,18.65032992,20.61815892,16.32339315,21.35657225,18.52246554,18.14901027,23.53962083,13.63412794,16.17586921,0,21.06059477,17.52505134,24.65894868,11.68079018,16.68690217,21.35209216,20.97615689,26.1207557,16.89265147,21.54283113,22.03694421,23.24275864,21.41800964,24.56095405,17.60946734,26.60625081,17.27565913,26.1829846,17.53001656,18.71582107,18.84880166,20.15507401,0,21.59580166,17.93725077,17.49595134,21.9437712,15.88617996,16.81535953,16.6458653,20.21350849,17.11611169,17.46819445,17.35659892,17.77884224,17.33017881,18.46242638,18.63199582,0,17.43240111,0,17.41869674,16.75989854,18.23692871,18.29576552,17.59787442,17.57123524,18.04241886,0,17.58147849,17.14605602,21.98936671,22.08096884,16.7470294,23.17635429,15.03191956,17.26236759,19.19859739,20.71241545,18.75253983,21.68929061,20.37061004,16.84303441,16.66831661,18.41076874,18.93052934,16.90770654,18.87938282,19.12763507,16.95647155,17.70275559,16.73198331,0,18.27527896,19.8545038,17.82322723,16.59802246,18.23470437,17.56358355,25.04728919,18.47154143,21.12542152,18.18274835,19.34285813,19.63063214,17.07817085,17.99694496,18.42984922,19.18702106,19.88406838,19.19321995,0,20.90172101,17.78681686,26.6158584,27.16502517,27.14292724,22.22052131,18.92984657,17.48001578,19.26342391,18.96232227,19.9369218,22.20343804,19.10069607,20.72278707,17.25623117,21.2180907,16.20546717,20.35966334,15.16885922,19.2085511,20.09577509,19.98770072,19.63158154,21.76097003,21.71334424,18.94703679,17.17831036,18.6149243,17.98593125,16.50326711,17.22276621,18.57287943,16.82672153,16.85848485,17.65007171,20.02138431,17.04845831,16.47066148,18.6404466,18.32458408,22.78881894,18.33355549,17.84325642,19.0999074,18.21379311,18.32286186,18.17305708,18.16595367,20.08939882,16.84197521,0,18.65638255,19.36829283,18.01312018,22.24629548,22.24629548,0,18.05834991,17.49904756,19.79143162,17.99775448,19.7963751,20.0343981,18.60413672,0,0,23.05542817,18.76954669,19.57889367,19.74509544,20.17622494,21.28588761,20.23365877,0,19.12933493,19.49090269,19.07243304,17.39219501,17.81519838,20.78128474,17.45984749,18.22751791,14.72221347,0,19.51439114,18.89217354,23.1882248,16.96177821,0,18.18867273,0,16.35814915,18.58216389,15.82897688,17.29943058,22.69696767,22.1514851,20.27445286,16.89265147,17.63907542,0,22.66958573,22.35485933,0,17.81884328,0,16.7761117,19.18318992,18.28222723,17.23677644
TP3L6,4.043969342,20.09860713,16.45556005,19.19733112,21.17680625,18.33739535,18.61518706,16.37579594,17.71890728,17.72669669,17.38647041,0,18.11930925,8.634310866,0,18.36040385,23.07620274,17.83159094,19.08262373,17.61008353,13.59485531,17.10093961,19.34047471,22.88814581,18.9706901,24.10422789,22.48322846,20.0455043,21.89567769,18.142084,16.60290269,22.95782047,16.83095038,19.47742883,16.09633945,27.68601203,17.08579972,17.41270216,0,19.96763371,25.02919477,16.48690857,19.06002563,22.71490166,16.50057739,18.47837464,21.15243152,18.53835653,24.39317712,22.15955281,23.64435906,18.45735862,19.01762587,18.27551836,21.84837465,0,20.84641333,22.05088183,16.83052534,17.92542554,17.12888683,19.48255446,25.10765654,16.62533415,21.8530136,15.32977785,23.29926731,18.70959207,0,18.01440943,19.51038462,13.93476803,19.06922568,17.55384513,23.74450813,22.67817958,19.88556656,10.78979633,19.17580774,21.31185694,20.14956631,19.55771739,0,18.57210095,17.67261902,14.33656709,20.28638987,18.47843295,17.69681745,23.83687188,15.7735972,14.93154402,0,20.11584522,17.90878678,23.52580513,14.38520497,17.7753702,18.37979089,18.32404673,23.89725941,0,20.74184711,20.80150803,22.29045064,20.60289369,22.11298208,16.56451252,26.62260663,16.34870567,21.83141691,17.31344959,18.68033548,17.48445224,16.41903672,0,19.92810385,15.77663769,17.68586964,21.01298039,16.28906421,16.26930934,16.49079758,19.37952843,18.25769919,16.94874364,19.52571852,17.71622018,18.10582313,17.73225356,17.54694821,0,0,0,16.39450193,17.37838755,17.20089401,18.50782249,17.42682328,17.24308519,17.84549018,0,16.98263429,16.51548679,20.23677843,20.35258563,16.22927794,19.42619308,16.17399678,17.4173097,18.44945547,20.33849285,19.0018153,20.12956366,18.4494436,15.3541829,13.88703369,18.61314478,17.43172611,15.31894433,18.23638218,16.3736878,17.74123017,0,17.16157172,0,16.10465572,19.87927223,16.87889615,15.256111,17.68252882,17.82034943,20.82897827,18.74356783,18.08002462,17.53087904,18.14127396,18.68586441,16.32657055,18.51600847,17.55447169,17.79037504,19.4894174,18.36650465,0,20.73256412,15.83807116,25.79161226,26.35088902,25.64276527,22.04011376,17.61909638,16.47574947,18.16410546,18.29407196,19.04927072,21.52446372,18.49354239,19.06549563,16.53577656,20.50956211,16.06021282,18.67844101,16.96931998,17.87423073,20.88170694,19.89495769,19.18102627,20.84480612,20.83929522,19.17133309,17.11495371,18.9114668,18.48987512,16.3646228,16.45714037,17.43968171,15.929552,16.01645782,14.89122101,17.90135855,17.24586512,16.92255168,17.47170402,17.77955917,20.65565892,17.2222609,17.20781869,18.90535655,17.31819882,17.60847208,15.62315242,17.42034466,19.71824497,15.68226656,17.76005597,17.27873075,17.46653938,18.2671036,22.22273381,22.22273381,16.61159383,17.19019445,17.07089064,17.22407301,16.15337469,16.76485429,19.25844351,18.38975241,0,17.16495595,22.0286998,18.10734385,19.87979007,17.21378804,19.48542999,20.50073614,18.64052789,0,18.1786901,17.44431243,17.49877437,16.78148926,17.04717078,19.87949012,17.04468893,18.5073154,13.89849761,0,18.67248266,17.19097244,24.05002289,0,0,15.44266834,0,14.71315624,17.30098632,15.67941284,14.10851001,21.25102899,20.2244537,18.34691902,17.01574419,14.79440363,0,22.62146249,21.84362349,0,0,0,15.85723002,17.71452986,18.20638441,17.02264076
TP4L1,4.522554867,21.46254261,17.14863783,19.23711093,21.05803463,19.4110157,19.71235055,15.91529581,18.18251231,20.36131862,19.00246673,15.23115109,19.03369074,12.4997573,0,20.67829253,23.64558735,19.50404418,19.7448386,17.34958627,19.22355474,17.61440176,23.74520451,23.64701346,18.72764301,23.43244108,22.72374459,21.01718473,22.27494087,15.10618396,17.4353064,21.61666987,0,21.34331785,17.86107121,26.86641695,18.25998073,17.6907142,17.60316515,20.75156023,26.05868891,16.83439943,19.31284973,26.53508852,17.39485332,19.75487073,24.09274572,19.09780325,25.82754363,23.21101438,23.73040039,0,20.26759272,18.51329235,22.67284465,0,20.38986898,25.12825306,17.80722021,18.41899196,16.44001363,19.6337326,25.94624347,23.88920305,24.27846471,16.44913995,24.82693302,21.1861591,0,20.28440792,21.85203758,19.17040854,20.48916008,18.73428461,24.96822579,24.70223039,21.9849994,18.46841457,22.61552824,23.32326596,20.95923472,19.54077109,17.86768474,18.94830145,20.54113226,16.19441638,21.19748455,16.58926693,18.70914093,24.49264356,16.19476564,16.63346967,18.63135593,20.5754584,17.89474464,25.19801294,15.18998934,14.64281474,19.98629269,19.3167269,25.73550229,0,22.24115269,22.12635932,26.48288683,21.33146851,24.72945907,16.97727326,26.78825912,17.11837904,21.73398764,18.10274052,19.118182,19.77686511,16.92085169,0,19.90070442,18.30909086,18.10001608,21.45979054,16.0343256,18.06211875,17.0482281,19.59138087,18.98657537,19.6539508,15.10665497,18.34065374,19.0286565,18.63308178,18.49736643,0,0,0,16.46545662,16.92842689,14.67761451,18.60094144,19.28563391,17.3045941,18.79005932,0,17.72082058,16.23674446,23.31959249,23.43161204,16.89854493,25.06346453,13.46450455,19.19635301,19.77408239,21.04707906,20.42256796,21.44446139,19.55749544,19.98596254,18.08511395,19.72353405,17.81119236,16.5294487,21.01196485,21.21616696,18.70630335,17.15287903,16.93066832,0,19.42917581,20.93310834,18.45884459,16.26554206,17.99373729,18.57689925,21.31121178,19.09919684,18.68827488,18.90526469,20.38548644,19.58914406,17.00882304,18.39217362,18.20321997,19.26081056,19.91657099,19.69035068,16.58254809,19.70140367,17.6468562,27.4276822,27.85056734,27.97263971,20.5359393,18.92200633,17.62947197,19.59035632,18.72551984,20.37793201,22.57163394,20.37645377,21.00789981,18.04376425,22.00063832,15.04099319,20.34160226,0,17.95612161,21.06380671,20.20413688,0,22.39770414,22.33885953,20.71187402,17.26519005,19.37837859,19.19783524,16.50853423,16.76112238,18.83299166,16.38562102,16.09573022,18.43789557,19.03692408,16.81243155,16.62211727,19.06884902,20.65060383,21.43754302,18.58451967,18.1375711,18.91477033,18.01068636,18.39270255,16.2537618,17.50982995,19.35596132,16.5600312,0,18.56252194,18.81111973,17.43761821,22.72725091,22.72119859,0,17.73372974,16.38979176,18.89408192,16.03018517,18.87548173,18.58229167,17.72768924,0,0,21.83914632,18.73034526,20.48716334,18.72332802,18.83259522,19.77899109,18.13591835,0,15.73639145,17.05838336,17.36341295,14.94929272,16.17886632,19.22670621,17.06177319,17.72550891,13.44978963,0,18.22573931,16.68729871,24.1391715,14.84348924,0,0,0,15.43666655,17.42781421,14.02510692,13.77526275,21.15731672,19.41132399,17.52973796,15.56834375,12.96002696,0,21.78848083,21.47031751,0,0,0,17.95113177,19.14604419,19.91210755,17.38900796
TP4L17,4.799258361,21.64258379,17.69428662,19.81898361,21.89210314,20.29526994,19.8801368,16.43213324,20.56694004,20.29587436,18.69551593,0,19.31645935,0,0,18.49234458,24.6051799,0,20.29702146,19.63436345,15.78024492,17.75315708,21.86899987,22.91193425,19.35841906,24.60172503,22.07905983,21.41077578,22.5471064,19.75305735,17.25032055,23.87484791,18.58702626,21.49114261,17.89390069,27.209669,18.60566902,18.42741791,0,21.46850267,26.13376329,16.31709903,20.09386498,26.69022,17.72117723,19.93245267,22.88163292,18.3264615,26.20579157,23.96685588,25.56718505,20.38054442,20.50405998,19.26033865,22.86509931,0,20.67747286,24.47320775,17.54179986,17.29965367,17.974694,19.84980693,25.84331858,21.5236268,22.99555383,16.5475444,24.38184812,19.26032233,0,19.94346591,21.27995949,16.56054886,20.48370294,19.05390804,24.76692939,24.33401951,21.62990347,18.13515867,22.81143016,23.07731765,21.46533114,19.8817152,0,20.18650326,20.53577225,17.38063633,21.78856811,16.51478036,19.77541914,25.05080017,0,16.81160277,18.3358807,20.95089416,18.2691367,24.86606039,0,15.87075625,18.09043721,19.52133126,25.98917673,15.602039,22.79887904,21.87402874,26.6700514,22.36055702,24.15104298,17.99305748,27.08138249,17.172283,22.03512202,17.90231371,19.99428253,18.54973203,16.77253161,0,19.9824411,18.26489545,17.97314113,21.83623178,15.56337196,16.83017999,17.18221097,20.18461296,18.71450044,19.44544099,21.23226568,18.10597149,17.75179122,18.17708857,19.03663497,0,0,0,17.27183651,17.80693079,18.7081664,18.88641274,19.16908286,17.77372083,17.74048201,0,17.13042816,16.22312789,21.50983248,21.59481743,16.72029859,23.27869761,17.079151,18.76773307,19.5663298,21.87646413,20.36108438,21.28052055,20.36628428,17.0223536,17.81056461,19.91723939,18.4762715,15.13791172,19.17642381,20.87840203,18.6964009,17.43740338,19.25437003,0,16.92935575,21.10405226,18.60768258,16.55197222,18.96204728,18.67943933,18.7190679,20.25805834,18.58837718,19.71371206,21.21893684,20.11191333,17.9564962,19.35605368,19.39342618,19.60135399,20.44610626,20.4845046,16.196157,21.7809022,18.63870188,26.92292581,26.53172681,28.30648299,22.12761279,19.74923498,18.45466444,20.27429001,19.34963839,20.67864175,23.28594261,20.51394055,21.12534718,18.32178981,22.24945648,16.17246754,20.36740688,19.62565812,18.89926605,21.83779012,20.83976966,0,22.14778998,22.13910115,20.50438118,18.46285312,20.38504626,20.27656832,17.65106589,17.5701596,17.77352429,16.99487651,15.96775372,18.12102428,19.38693718,18.04992834,17.69465325,19.29491856,18.49712901,21.76834509,18.30013156,18.58509088,20.10749599,18.38730876,18.76745595,17.67829896,18.82810398,20.84420564,16.9685203,0,19.05137093,18.64728673,18.98001623,23.67955036,23.67955036,18.91247226,18.85999478,18.47496205,20.99687266,16.62125542,19.59103408,19.85699857,19.43496848,0,0,22.4977327,19.86047624,19.88482587,20.24805829,21.22741205,21.88132687,20.38943119,0,19.13488097,16.45993371,16.26455589,16.83055398,17.55052541,19.89939368,19.67771857,19.66097833,13.97563596,0,19.28674139,16.61852051,25.97989156,0,0,0,0,14.14958386,18.16607508,16.61040038,0,21.51230639,19.02430461,17.16813293,15.602039,0,0,23.48681206,19.82939368,0,0,0,17.9610185,19.05504858,21.18940239,17.37377855
TP6L2,4.884437596,19.75062196,16.62566869,19.58366684,21.75329809,18.84459352,19.39404515,17.19098828,18.07252625,19.52277657,18.62214463,0,18.89181822,13.43915349,17.04399714,17.36000014,23.56654329,0,19.23206913,17.90523341,16.38539121,17.87084771,20.61151813,22.95223039,20.88875908,24.0152694,21.86797742,20.40781701,22.00831171,19.89104963,16.54025431,22.79601448,0,20.75189562,16.55577774,27.57737252,18.31140426,17.63666442,0,20.56045154,25.31573554,16.01152935,19.72923238,22.57681649,16.75026485,18.96158535,21.20790636,19.30176162,24.29234731,22.83379398,23.09052975,17.95447094,19.08056172,18.49006283,21.6438833,0,19.31606403,22.28612744,17.74728413,17.92129067,17.50831889,20.44323033,25.24045988,18.00198538,21.90880549,15.88806902,23.61758794,19.26013547,0,18.57972642,20.24253573,15.18619339,19.83439604,16.83361474,23.87496945,22.66690826,20.02318451,13.4983793,20.94898237,21.79391405,20.85649365,20.22626747,0,18.65245386,20.05554051,15.90428703,21.24006263,16.40421898,18.46148023,23.07996906,17.20651696,17.14147315,17.17474834,21.47624959,18.24777859,24.99630841,15.97895703,17.54014258,19.52994848,19.96117766,23.71829696,0,20.72905019,21.38182425,22.24043752,20.99321732,22.48328711,17.63395459,26.77564035,16.32324372,22.02445659,16.67566842,18.63794286,16.46758459,17.73328347,0,19.55031845,17.26190704,18.59799788,21.81788648,14.66817573,18.0061602,16.85032324,18.5761716,16.63390998,18.65115206,15.79247497,17.1714188,17.24493122,17.59620668,18.12420525,0,0,0,16.64719941,17.24457795,18.16576051,18.16778204,18.26212342,17.22452649,17.3419621,0,17.12172801,16.90483771,21.38748925,21.51793436,16.01881443,21.89000402,17.11155961,0,20.65514781,20.4330688,20.55938736,20.4506974,19.08419701,17.15464162,18.36572947,18.65313668,17.40630467,15.31703792,18.40168837,17.56558703,19.00263532,15.98262704,17.34321127,0,16.34404411,20.39043256,18.11592837,15.9208975,17.94016224,18.65606928,22.37551304,18.42905708,18.56688508,18.58931409,19.81619931,19.63735772,16.79195152,18.37188812,17.82983733,17.15930315,19.65154324,19.20698964,11.50187207,20.86350689,15.7850187,25.75187474,26.31298214,25.63238134,22.84227356,17.68334769,16.08628934,19.2961435,17.84300367,19.00450966,21.64274804,18.86977148,19.46962367,15.77319073,19.71665364,16.49645631,18.95898484,13.77979396,17.73680841,21.10524746,20.10285092,0,21.24894558,21.39500633,19.79447215,18.15125891,19.86685763,21.2138403,17.94054442,20.86644116,17.62412859,17.65826468,15.1098472,17.24634734,18.20114296,17.62102211,17.09625371,18.24805185,18.18021512,20.93338045,17.10134545,17.78470941,18.93358525,17.92501961,16.11485443,16.10548049,18.05758399,20.01053101,15.84796524,18.39785109,18.54145588,18.70064069,16.95911282,22.23876744,22.19878541,0,17.96899781,16.36884303,17.98478699,16.42117975,17.88164471,19.26672305,18.23787238,0,17.52415454,22.19107469,18.04069284,19.8804467,17.78498878,19.43646053,20.46533417,17.82772386,0,16.47643503,18.40284078,18.38792601,16.056855,17.28512153,19.72283893,17.20578122,18.80899108,13.99224961,0,17.6059003,16.81606395,23.4981969,0,0,0,0,15.15778803,17.43511238,14.88421703,0,21.29034556,20.95393563,19.24638666,14.27113554,13.7971417,0,21.8068988,18.32425279,0,0,0,17.09824498,18.47724936,20.97239107,16.95179666
TP6L19,5.452347794,19.9930304,16.60419477,19.40871063,20.49111748,18.68325223,19.18688587,16.41105738,18.72531428,20.46284918,18.22459381,0,19.73752112,0,0,17.11538695,23.71682011,20.6817329,19.66764426,18.32373509,16.08846356,17.91283346,20.37059569,22.43619211,20.72531884,24.11503192,20.77185289,20.40311495,21.79173217,20.22627348,16.79915761,21.21327263,0,20.96645213,16.80839346,28.11698175,17.8414149,18.10248324,0,20.52942511,25.22890375,16.59361759,19.81479992,23.23815604,17.99521622,19.58797158,22.79247251,19.02748563,25.14440736,22.88670289,23.16612378,17.85839225,18.82281713,20.62842188,21.57383342,0,21.02415363,22.23968942,18.34796435,18.14446251,17.92258669,20.19415693,25.34882784,17.57440249,22.16821026,16.00241576,23.90258369,18.02990225,17.35411163,19.02760429,20.74912499,15.93763511,19.93852589,17.29002012,23.94384893,22.95121771,20.23893069,13.84613067,20.44879068,22.10508207,20.65099747,20.35769637,17.05767898,18.77555086,19.48909474,15.81730758,21.36514092,16.39236352,18.45124308,22.99685502,16.83958274,17.32318754,17.47600703,20.4648598,17.0349285,24.94870401,15.3610582,17.67049638,20.41963798,19.0714652,24.15459246,0,20.81789399,22.42117473,23.04054964,21.29921351,22.5073233,17.24780369,26.84858102,16.23564868,22.44807863,16.99097861,18.52419332,16.56131182,17.44909353,0,19.53841677,18.04509877,17.88768786,21.52061192,15.37851459,15.74519412,17.88373735,18.62639712,16.71678685,17.13547884,15.41295592,18.07297045,17.66393055,18.5612346,18.39052356,0,0,0,16.08393531,0,18.23046969,18.35747743,18.04750353,16.62362651,17.65806196,0,17.42492246,16.96019644,21.08513099,21.15062796,16.4360901,21.28686079,17.18539729,0,20.72180294,20.32569689,20.21266113,20.03363531,19.43801829,16.91497563,18.03857842,17.50415289,18.70846022,15.74212168,18.6202188,19.87217599,19.18141678,16.6380193,17.6012537,0,15.67991441,21.25363629,18.49307298,16.65084818,18.73649702,18.78605776,21.38532628,19.52590893,19.26625013,18.71517012,20.00946098,19.47760188,16.75515202,18.38286407,17.54110832,18.00831462,19.84219732,19.44814263,13.73509747,19.10955214,17.87720442,26.60394554,27.15551365,26.34973584,21.52242091,18.75314537,17.81417649,19.40797272,17.29365439,19.55209467,21.35262932,17.9285062,19.69045205,16.41715349,20.19999389,14.95333096,19.18356627,14.48336319,18.14595355,20.81703851,19.75408976,0,21.59497468,21.58235978,19.95447519,18.04123695,19.77383384,21.18533673,18.22633841,16.65766736,17.39950107,15.63519993,14.42216056,17.09739601,18.0912675,17.43731141,16.92677724,18.43186644,18.17359419,21.2377146,17.36499276,17.74340986,19.07485085,17.67116654,15.14738122,17.44457358,18.05565504,19.75049203,16.08393058,18.29360277,18.42928822,18.42739906,16.28550082,21.9927307,21.9927307,0,18.49328885,16.55435307,18.74502163,17.42862903,18.44872195,19.96552051,17.87133765,0,17.2599994,22.69881661,18.48613632,19.20258906,18.2421228,18.98713364,19.90257096,18.97563198,0,14.71712316,18.07308139,18.26299882,15.7260128,17.55982556,19.85963357,17.6058972,18.41779785,14.93415075,0,17.36064331,16.73483433,23.57471276,0,0,15.67456235,0,13.74284039,16.57310018,13.84386568,12.71129504,21.77977406,19.71945567,18.11139787,9.866146797,0,0,21.88317855,18.70044026,0,0,0,17.80386685,18.73585668,19.46703331,17.08956499
TP2L11,5.538361297,20.70644215,16.71983869,19.9559709,20.92556885,18.20169753,18.56193071,15.51710727,18.80994244,19.98330284,18.07412793,15.79653121,18.50512039,12.58904919,0,19.99912729,24.65407392,18.19081762,20.40815962,18.49276751,14.24650577,16.64202936,21.20101563,24.23148339,17.64800561,24.62911265,24.09658017,20.87202801,22.61321432,18.20439841,16.65383442,22.89914911,19.47914532,20.38210707,17.20103569,25.95069615,19.19295871,16.97184309,0,20.12754434,25.45600597,15.96349396,18.89673742,22.26577227,17.97114941,19.6033631,22.11593758,18.74372814,25.02821749,22.88764647,21.94039005,0,19.22672414,19.01642402,21.2948125,0,0,24.60799728,16.43715754,18.48385339,18.36468858,19.24337623,25.25887742,22.84851602,23.13299249,16.04436637,24.00500045,19.43508799,0,18.78136545,21.07791012,16.02295042,21.0680012,17.44992935,25.2065702,23.3366691,20.63957766,17.42800021,22.08717366,22.08050576,19.40549481,20.31447147,19.65048296,17.94324355,20.67187337,16.78522136,20.70050633,18.80515779,17.72437391,23.04596586,0,15.694479,0,20.71194283,17.47665306,23.90297808,0,14.92727762,0,20.65646749,25.8206034,15.43718103,21.45229514,21.63751887,22.81101302,20.8372718,24.18034036,17.59249512,26.43311019,16.87128186,22.70873715,16.84486337,18.17672612,17.27269303,13.87331543,0,21.42718813,0,17.47640579,21.57682599,14.06883112,17.0257971,16.00745156,19.58089303,17.55473493,17.27794747,17.12686008,17.93738227,19.20040056,18.11282127,18.38764218,0,0,0,16.89933804,16.08075064,17.59156734,17.6956504,16.57065648,17.40865854,17.47303162,0,17.70666187,15.82875749,22.22738183,22.34532349,15.94147618,23.14805706,16.07468162,16.52760032,20.91578052,20.35091477,18.13425874,20.67381586,20.15695406,16.00695148,17.53469553,17.75173321,18.6596352,16.96251536,19.71040077,19.17010828,16.22907292,16.6154633,17.72244054,0,18.2208916,19.26494467,17.39454575,16.17514021,18.06455517,20.53434318,23.87514309,17.965344,18.52805684,17.9834223,18.23265982,19.0632165,15.42995091,18.14227165,17.94465937,18.57058479,19.20829904,19.01598224,0,20.75996673,17.74486736,26.59174625,27.13039438,27.18195223,21.3928001,18.61572791,17.17097972,18.12599225,18.98472113,19.68457847,21.6026096,19.70040834,20.0965724,17.50717522,21.48519003,15.37716318,19.54965403,17.5015026,18.45644323,19.62634755,19.44182642,0,21.63505293,21.56110831,20.0303374,16.55039169,18.09165334,17.56775879,15.96332374,16.67449574,18.53663517,16.23191898,15.85298494,16.50371756,19.21047418,16.38800658,15.94457216,17.92615061,17.59017465,21.75140889,17.96354762,17.54095729,18.43704241,17.31564849,17.81518552,17.12261233,18.71399005,19.43420083,16.41274151,0,18.36465194,18.84828831,18.58671426,21.69901949,21.69901949,0,17.72685982,17.62553116,20.69995878,16.9053939,19.63231149,19.98604372,18.10839454,0,0,22.30528961,18.12848531,19.38338295,20.50143232,19.40410146,20.5143642,17.99029519,0,17.32898021,18.64218246,18.27722696,16.88119928,16.87639342,19.98059305,16.78433957,17.81992415,13.70189969,0,18.68264204,17.71358581,22.34499463,14.10020476,0,16.34697429,0,15.80801877,17.90458807,15.30843128,15.18623408,21.73001122,20.94667261,19.15240945,15.43718103,16.6357568,0,21.59354357,21.27069911,17.89884301,0,0,16.63511622,18.79602277,18.90493578,17.29183611
TP6L18,6.127630999,21.33498964,19.03044352,19.3377828,22.58143924,20.66257912,20.2103008,16.50503818,18.62332742,21.50083016,18.90804512,0,19.16595601,16.89320701,18.31899141,20.59571095,25.34911636,0,20.85845348,19.07192876,19.13330427,17.92998977,23.47952876,23.05474737,19.67349257,24.55049051,22.95777866,21.08816512,22.85007357,13.06788609,17.47759393,24.53656608,0,20.95715616,17.92907333,29.08989692,18.78390259,18.29761788,0,21.53807866,25.86183213,19.01199282,26.79220298,26.45547777,16.79845386,20.26150914,23.40196349,19.07369688,25.6854623,23.39991968,24.42068977,0,21.19152588,19.28568584,22.48826477,0,20.89262708,25.09253549,17.86940677,17.39275679,19.10086275,19.8779234,22.44613323,24.34065465,23.50281749,16.95173867,24.5214553,20.98802441,0,20.5132816,21.63113256,18.45777929,21.24456532,21.44051815,24.54255543,24.95103036,21.9386405,18.65435447,22.83337488,23.48413467,20.80184169,21.32733499,18.44404288,22.04409863,20.95469437,17.49003948,21.66120605,16.70057665,20.08712546,24.77367599,0,17.06696593,19.14154879,20.27694285,18.11115088,25.13508296,0,15.3505918,19.72632053,18.64006788,26.42453237,17.0942117,22.05402841,21.65689692,26.43391092,23.08674855,24.53378687,21.59440593,27.25363308,17.43467881,21.89093941,17.62799963,17.46660392,18.67147522,18.47961427,0,19.50208015,17.61739043,18.08008434,21.17215523,16.01755907,17.79021389,17.28392437,19.44209323,18.41538693,17.78420669,17.35977529,17.45855009,17.95134397,18.77954701,18.85630481,0,0,0,17.67097767,18.40041754,18.61707631,18.97108171,20.44221284,18.44095546,19.00768012,0,17.85519367,16.34801957,22.38636318,22.47346153,16.65860521,25.05083373,16.97729199,19.99571023,19.58433389,21.79374702,20.23769425,21.27534337,20.43894719,19.58722554,18.07156663,20.20177749,18.9197267,16.18295454,18.68253641,21.27642081,18.53742296,16.86300707,18.9120479,0,18.76434619,21.13059922,19.49792788,16.86666718,18.84211847,18.75510384,23.88410981,20.4574476,19.26919394,19.97715692,21.53962363,20.91432613,18.69560955,19.73407955,18.36404155,19.99961152,19.92381762,20.40454345,17.10121727,22.36634908,20.9884859,27.32847657,27.80603278,28.45625892,23.5873534,20.11055553,19.46271394,19.82620821,18.65555399,20.32531276,23.47219111,20.15333184,21.6868104,17.99711331,22.00568604,17.36294877,20.35705417,19.57782808,18.9402912,22.76285724,21.8211647,0,22.40478868,22.55507726,20.7469425,19.79840836,21.87895392,21.05284133,18.56171938,18.20284006,17.81740209,17.47358656,16.29976569,19.26113962,20.28408396,19.12010495,18.50949961,20.01700129,19.69725672,21.73305731,19.04684715,19.55180908,20.33218252,18.76227032,15.72195679,19.43452013,18.94438185,21.59603299,17.43691801,0,19.63049974,19.7090469,18.33944026,24.2121386,24.1781715,19.80695962,19.17139978,18.77626538,21.4489212,18.68201984,19.21418824,21.83282034,20.00640522,0,0,24.05645924,20.18203878,20.48202952,20.14040552,21.7074551,22.60716496,18.05941736,0,19.21605839,19.48325196,19.74463744,16.98797261,18.71523429,21.41840725,18.91212831,20.06361067,15.76098109,0,19.44521186,19.19418494,24.82621518,15.457231,0,17.49156758,0,16.59637435,18.80831297,16.9067744,14.4632808,22.83023446,20.89443034,18.79945196,17.0942117,17.00616425,0,23.06834112,20.38275668,18.22410181,0,0,17.30470437,19.60834833,21.2676979,21.08062671
TP6L14,6.215437339,21.14357979,18.62854912,19.91325408,22.37058252,20.74667102,20.20496284,16.95683274,18.72487024,20.17435677,18.89236212,0,19.16484701,15.04920397,0,18.85281913,25.68555611,0,21.00891358,19.31203193,16.06041421,18.08221686,21.0012374,22.82604326,20.26672348,25.11293902,22.52372494,21.04908317,23.03187402,20.92842772,17.07546945,24.5299614,0,21.28461294,17.54634929,28.97234178,18.73996873,17.97313334,0,21.82591397,26.1306656,19.15852942,26.68197771,26.60252619,17.56442491,19.72830419,22.66292809,19.1550236,25.73168506,23.70023912,25.06756969,20.94974583,20.83477645,19.50572791,22.56300552,0,20.27892879,24.4945703,18.50936441,17.64355919,19.82296073,20.22830538,25.79262251,21.1855749,23.22733197,16.73457431,24.2412762,19.29193033,0,19.89322953,21.10389041,16.45130776,21.4333796,21.91401124,24.40368405,23.98191093,21.26307151,18.54994694,17.90841021,22.82911988,21.48447653,21.70498307,19.81159311,21.28351376,20.97441861,17.43949472,22.08343138,16.32514871,20.2609576,24.81119856,16.21093552,17.25519391,0,20.9351413,17.90448275,24.9144472,0,15.57834731,19.5579933,20.03056036,26.12578803,17.28113821,22.24829661,21.52786294,26.47805025,23.84644587,24.00175991,17.94499867,27.47256197,17.33685722,22.4733082,17.92574812,20.95405589,18.25643446,16.93914268,0,19.82054512,17.56311274,18.08100072,21.83153198,16.50009169,14.04513961,17.92329341,19.97742261,18.87109908,17.30520287,17.32052187,18.108521,17.0956095,18.32949428,18.91318672,0,0,0,17.53775301,17.60120028,19.01299841,18.61571152,19.41980687,17.97347831,18.64794587,0,17.32749528,16.6473063,20.99431905,21.06005771,16.71171704,22.33676854,17.91168971,19.51087491,21.86191925,22.03981924,20.54950881,21.02915144,20.36372537,16.06041421,17.74108073,20.34955338,18.94032607,15.48415558,19.25681627,20.60645857,19.22551223,16.35265287,18.50614451,0,15.92091561,20.99340189,18.99204147,16.6140425,19.07904876,19.00366325,19.39199452,21.10231169,18.57894558,19.66165286,21.5226548,20.75346907,19.35355821,19.47329524,20.72803285,19.22379805,20.35858084,20.60821309,16.42746776,22.15202873,0,27.36529373,27.89496387,28.36394496,23.17174925,19.93688275,18.62039828,20.1005547,18.58129358,20.49265497,23.61615462,20.21376576,22.0284837,18.10114472,22.09347504,17.00050818,19.89665912,21.1894023,19.39047302,22.53112902,21.66528609,0,21.724431,21.99294923,20.11421783,19.29030763,21.59653287,20.08822147,18.22762436,18.93463646,17.48046992,17.59298848,16.74090868,19.19180575,20.23153282,19.07181341,18.51335794,20.04022315,19.66895604,22.38390332,19.32403659,19.56933506,20.93785204,19.11090735,19.93247285,18.009071,19.49574129,22.14524262,17.71899394,0,19.35456652,19.253824,19.27989333,24.5722479,24.5722479,0,19.31494981,18.95413266,21.62159509,19.83692753,20.03367262,22.43773972,22.14515644,0,0,24.64243105,19.73742319,21.22914782,19.19525161,21.51569644,22.46823013,18.80057964,0,20.80795039,19.99688541,20.08545763,17.42171644,19.47305075,21.69151392,20.85815698,20.82605058,16.77632089,0,20.03991368,18.78042122,25.47267415,17.18733579,0,18.59608419,0,15.60998224,19.52578914,17.86238438,15.92977636,22.76661862,21.52081557,20.0271504,17.28113821,17.37221538,0,23.79722654,21.23806715,0,0,0,17.90981695,19.2920938,21.135748,19.93247285
TP3L12,6.534551977,20.99005462,17.1994951,19.57011793,21.20320938,18.98662374,19.25500822,15.47793025,17.75620547,19.12624028,17.2474454,15.50974356,18.71513428,10.33902459,0,20.73985586,22.95160413,19.56915202,20.10972469,17.83536417,16.4051812,17.35079092,20.47780498,23.46323524,19.25583607,24.17502261,23.58189258,20.2750522,22.46149058,17.62811147,17.06903885,22.82647333,0,20.01794996,16.17133796,27.22052365,17.13785762,17.24979232,0,20.28473628,25.26653483,16.09769995,18.92224757,22.64574494,16.52684358,18.98704468,21.60911597,18.76402868,23.61734719,22.47431099,22.33951814,0,19.66500142,18.41354289,22.64177579,0,19.93861806,23.67884067,17.19121394,17.18944401,17.33924235,19.69690968,25.63757498,19.27204774,23.25254594,16.2388472,24.07884859,19.36394242,0,18.24062985,19.9045578,15.62108934,19.11929207,16.46245849,24.61381603,23.2469954,20.6897949,10.3564295,20.36921482,21.98803646,20.79586034,19.7629823,17.07970953,18.90564241,18.19052888,15.80099827,20.70389304,16.43600848,17.80225676,23.9282693,16.35999467,14.94493257,17.23301777,20.74364506,17.67798682,24.12084555,14.82171053,18.17876676,20.85310511,19.85288354,24.07855079,14.43485242,21.50771301,21.71714171,22.66308616,19.4808675,23.3987002,17.47323803,26.50888536,17.12187408,21.29392504,18.2647867,18.87522139,16.12755107,16.76027956,0,20.17464332,16.41442603,18.37974354,21.63871021,16.69026482,18.07099458,16.81455728,19.53048176,16.98339665,19.0502714,16.20027792,17.61352206,18.93660346,18.45229755,17.51927042,0,0,17.90253954,16.85663228,17.39652949,17.63133301,18.78195692,17.87329495,17.7434279,18.27784876,0,17.16458838,15.22039415,22.02396396,22.12463032,16.35719617,21.4572027,16.67986737,0,20.56272454,20.71473724,19.82818448,20.97096619,18.00542102,17.08433464,17.88528469,19.3103387,17.37994842,14.60416896,18.26305059,19.30785339,18.3312078,16.87046833,16.40879956,0,16.56067268,20.28317442,17.69706872,16.30646243,17.97020842,18.27604532,17.18185328,18.38030219,19.67256519,18.06606649,18.63033706,18.96430632,14.94969694,18.05297986,17.58727882,17.76046023,19.15869062,18.94036231,0,20.58814348,15.05382669,25.00505358,25.55998625,24.99889381,22.01976733,16.55617524,14.67428017,18.56630552,18.56371864,19.09597595,22.04994633,19.09349959,19.75655754,16.41473589,19.75163692,16.1891234,18.94996126,13.18962749,16.6809552,21.37718833,20.33405501,19.69720124,21.59973037,21.56985141,19.89490459,17.59690775,19.14627984,18.81114174,16.05846844,16.54737517,17.65677204,16.44258904,15.94912955,15.45340582,18.63470775,17.44628697,16.85053102,17.99079952,18.05687315,20.94042497,18.00674803,17.55180936,18.85661236,17.94596031,16.70248439,17.10847986,17.93079272,19.44920725,15.0885187,0,18.23282374,18.70938657,17.03008106,22.20502999,22.12425704,0,17.28163723,16.32427643,18.49704007,14.56997714,15.22708051,19.24799101,18.54066492,0,17.68912614,21.86418536,18.02428942,17.97092012,19.52904057,19.44373064,20.43782976,18.450702,0,17.35129018,19.11132004,18.29786516,16.85950707,17.01773447,20.23546982,16.96937147,19.00210406,13.85206162,0,18.80823809,18.35729778,22.74861618,0,0,16.25249369,0,16.52127278,18.27907193,15.57960089,14.53684606,21.95625242,21.08145043,19.43233487,17.29030174,16.35696484,0,21.75930864,21.4416248,0,0,0,16.46928133,18.48100796,21.03106931,17.37070041
TP2L12,6.591235632,21.80109712,17.89567096,21.45286291,21.97264803,20.266195,18.71136995,16.47443002,17.99108797,20.09987229,18.0450433,17.26792159,17.38989411,22.55230046,0,23.20047657,26.38923348,20.42071511,21.82465952,19.53380665,16.0825016,17.31536117,22.59308488,24.67459258,18.63739368,22.1660888,26.11638763,21.48129214,23.7553655,18.67196698,17.92326912,23.60572861,0,21.09350671,18.6032872,26.55424134,19.23079342,19.48676713,0,20.65550852,26.45036572,17.28522208,19.99088508,26.50197431,18.53196264,20.39495875,23.52593038,19.15724515,25.74897945,23.22763832,21.95445264,0,20.74198397,19.97497525,22.87722989,0,19.45252371,24.71177688,17.70967724,19.22510621,19.4312707,20.11169736,26.07146964,26.08772722,25.25584375,17.21854416,25.48109434,23.53480453,0,20.20334391,22.52792225,21.17150589,21.9775873,18.5743803,25.57308115,24.71526,22.23103182,18.67602893,23.91381802,23.91966002,20.45802333,20.8678361,20.66804853,19.20958907,21.61068553,17.28924185,21.47356884,14.27482383,18.4427545,24.05054171,14.28068853,15.99983164,18.40112364,21.33001154,17.78127287,25.52235427,17.19137045,15.06340044,21.75604073,21.77528729,25.71439342,17.21940966,22.7561303,22.95468217,23.55451538,20.38747049,22.46678093,17.84661203,26.72352494,18.43145652,27.3187874,18.37240584,19.47361476,19.19211123,20.56602934,0,21.9286149,16.84403557,17.5470012,22.2274672,14.98320055,17.92436007,17.09731585,20.22952492,18.86095965,17.80936402,17.15123279,18.06448609,18.36642526,19.16742795,19.09541341,0,18.46540368,0,18.05862698,17.21570523,18.44885081,18.29172722,18.32078797,17.97783347,19.07686149,0,18.30730623,17.13114302,22.74241832,22.82310727,0,25.34776837,16.70867476,18.58340625,21.70995219,21.58993914,18.80480244,22.54349401,20.5809976,18.36948828,16.91455987,19.88950716,18.74878577,17.395357,21.92288169,22.03955624,17.33807877,17.01494051,17.57975862,19.04400121,17.145467,20.39495875,18.55349141,18.06365331,18.67412053,18.18972707,25.53779833,19.04577367,22.63419929,19.72920914,20.2514512,20.16011896,17.72079698,18.71120951,19.31591941,16.8368615,19.83790753,19.85427491,0,21.25880624,17.44795676,27.71335295,27.8333678,27.61772263,22.66687228,19.79335334,18.42568759,19.68993786,19.64299438,20.24481973,22.73352745,19.53567786,21.3065991,18.53559265,22.29122576,16.74629261,20.50827677,16.63547507,19.43114143,20.7525014,20.70910593,21.2985345,23.40261488,23.29080436,19.85909312,18.19255972,19.26934527,19.09736341,16.83414838,18.55151677,18.01838218,16.87231253,17.00966014,18.27368483,21.14592937,17.40896494,17.17367736,19.17695098,19.02618402,23.38986106,19.66199185,18.96749815,19.29830954,18.69373361,19.23034456,16.73581293,18.32941099,20.14555807,17.91632191,0,19.44511266,19.8231296,16.50052771,22.69852678,22.69852678,18.47464871,17.90015741,16.89032101,19.43990964,19.43414568,20.32003112,20.34323022,17.94364902,0,0,22.93855396,19.4753897,20.09399555,20.23594194,20.20732914,21.34468346,18.60008652,0,19.20332825,19.96810371,19.42481857,17.49374126,18.35186995,21.49166219,18.51047015,19.20221201,16.1554053,0,20.7625535,19.55907527,22.23433842,18.35679868,0,18.7411083,0,18.79758658,20.53698125,16.73615038,15.43022067,23.57487188,23.16850295,21.41030001,17.21940966,18.64514288,0,22.85173276,22.53503611,0,19.85944894,0,16.93645684,20.70669688,19.11982827,18.56506938
TP3L17,6.719256797,20.74680358,17.23652752,20.12227085,21.93741104,19.15900024,19.31977477,17.87078223,17.98579034,19.07094004,19.12065431,0,18.42743549,0,0,19.09005171,24.51068892,18.78686877,20.68491076,18.85856138,13.90053949,17.50213603,19.55663971,23.55864231,19.7064377,24.54660573,23.51612487,20.47947448,22.25931071,18.80890007,17.01865811,23.67632433,0,21.01032149,16.83575231,26.29735363,18.38023767,18.14083476,0,20.68267267,25.80145764,17.52471166,20.18271804,23.60658205,17.83569105,19.21774949,22.00486868,19.16861259,25.48899334,22.78026859,24.14692048,18.89136255,19.8224529,19.06625766,22.54900856,0,21.41328386,23.88087311,17.21394088,19.00397351,18.08793239,19.25999019,25.57478409,19.51480665,23.11694125,16.17650278,24.36155965,18.85369333,0,19.19712138,20.75292832,16.31016403,20.27386579,18.8577512,24.52725264,23.48291031,20.67951605,15.56827506,16.75986218,22.11808166,20.89889064,20.27562749,17.74120165,19.25601554,20.56071615,16.46910581,21.11879544,16.57814726,18.40210212,24.61959634,15.2475529,15.59439193,17.81576064,21.21450718,17.88411991,24.83223286,14.91846691,18.19027318,19.84715009,19.38055307,24.56963706,16.73751262,21.31565792,21.49957024,21.65538828,21.11992723,23.55189729,18.29873817,26.86280654,17.1475383,21.96626302,18.18888206,19.60545784,17.75538723,15.88643183,0,20.37886666,16.33128297,18.49043641,21.86999549,16.76030017,17.04539749,16.82558245,19.8821417,17.99257328,19.03259397,15.80589259,17.57799763,16.58760364,18.08297542,18.00358915,0,0,0,16.99142873,17.27270642,18.05819827,19.28694618,19.06312278,17.45055838,17.5019772,0,17.04671694,16.18210583,20.68516434,20.79932552,15.10117435,20.41048969,16.66633358,17.56106906,19.21016429,21.11843545,19.87854736,21.17430884,19.32773989,16.14382212,17.62033908,19.1567901,17.45945773,15.00423829,18.41687256,16.72273331,18.43071792,15.32612027,16.67510608,0,19.029165,20.59153927,17.82694612,16.1665687,18.16334847,18.12994261,23.08831446,19.62164337,18.10850474,18.41213564,19.36097565,19.95802486,16.8644617,18.89816808,17.59710569,18.28195912,20.38594761,18.86229044,12.30090123,21.35101477,18.1916904,27.0352576,27.5064859,27.51585677,22.92260877,19.05875804,17.76724981,19.40133898,18.82088326,19.3951703,22.09016131,19.49895974,20.71006229,18.09559078,21.65487807,16.98697048,19.86446882,0,19.14736362,21.54048175,20.51590213,0,21.80979638,21.79548886,20.1982751,17.01154003,19.74550704,19.08815822,17.98709315,17.34273446,18.48801178,17.20101146,17.07514844,17.34360023,19.11891884,17.94040265,17.66837554,18.20608918,17.98799343,21.32153657,17.45303414,17.74927835,19.7106845,18.05595277,18.41900751,16.82474874,18.43682522,20.38563094,16.3633827,0,17.3074157,17.44205461,17.87618051,22.90725354,22.90725354,17.90650955,17.84473014,17.72870726,20.12766565,17.42602996,18.20395499,20.01545261,18.5980418,0,0,22.58710327,19.05413211,18.21420679,20.39986392,20.05241487,21.05478948,19.32926757,0,18.70595392,18.07944945,18.38822805,17.39371011,17.95186713,20.73565825,17.80291415,19.17163229,14.73927,0,19.31481245,17.92554864,24.55517106,16.72017134,0,18.1228891,0,15.61669708,18.44893774,16.42672129,14.83008543,21.76689041,21.67508812,19.89125308,16.73751262,16.45948606,0,22.92653857,22.61197194,0,0,0,17.16070355,18.71501546,19.45978587,17.54921278
TP3L18,6.734275737,20.724778,17.28343009,19.51189547,21.35550458,18.86276987,18.84071274,15.65479395,18.27529955,20.1682651,17.79410245,16.23751526,18.66057094,0,0,21.0701305,23.8490026,19.75566853,20.13694013,17.30867053,15.71995462,17.17408967,21.18366449,23.27146934,19.38583916,24.49805006,23.81070118,20.20127793,22.02505633,18.53448313,17.28005595,23.09662008,0,19.85074886,16.81963532,27.91222595,18.03114357,17.6941756,0,20.06048636,25.38616672,16.97645362,19.30482811,22.63970812,17.4682286,19.14924871,23.1910617,18.60643869,24.80827019,22.26209366,23.13640166,18.54652786,19.64640548,18.95559701,22.47958891,0,21.65475613,24.07374951,17.05324055,17.72544816,17.38289678,19.36803173,25.88627885,22.22874138,23.26653234,16.33982855,24.20887966,18.59253018,0,19.34371307,20.89810142,15.79807833,19.97406618,18.40186077,24.62663487,23.86821084,21.09492627,15.50215851,20.93688855,22.45725686,20.1756932,19.99731126,18.67396168,19.2280581,20.15772361,15.78747059,20.44064025,16.17855659,17.72585348,24.46123577,15.67570605,0,17.98391997,20.35115992,18.39956513,24.84916138,15.07435907,17.29744448,21.03814088,18.32690472,24.24896647,17.1991904,21.13891288,21.96923674,23.22092043,20.34687095,23.6883139,17.05010195,26.71224989,16.94488265,22.11294518,17.59260916,19.72560369,17.4703729,16.36961289,0,19.99809875,17.30080944,18.25490945,21.22243634,16.37382082,16.25453042,16.6335231,19.73241931,17.4178135,17.40439297,15.27110438,18.32261815,17.50640685,18.4760777,17.77999684,0,0,0,16.93791459,17.44287188,17.43786876,18.93748137,18.69821889,17.91529585,18.51649939,0,17.38678875,16.82405369,21.96610433,22.04039079,15.86589813,22.59457503,15.9649083,18.65724077,19.01761948,20.68257766,18.9953093,20.39563659,18.69926251,16.94653339,16.23577838,18.56979949,19.53283085,16.06261566,18.47878447,20.04385919,17.34516346,16.12832851,17.05303316,0,17.73767147,17.85779568,18.03455805,16.53704685,17.92325272,17.77658692,22.48061982,18.85126533,18.81981773,18.42170326,19.82861533,19.32035477,16.11323435,18.14556198,17.74345652,17.21248122,19.28369393,18.4116484,13.89591598,20.78628092,17.50906819,26.24905155,26.80998375,25.93388945,21.95843424,18.28662526,16.90215799,18.57621809,18.66245993,19.19067306,21.81094319,19.61344254,20.4273733,16.09031871,20.95789714,16.38471071,18.71647151,16.88564077,18.4297839,21.72539534,20.72732563,20.02086984,22.17886845,22.15168699,20.48008568,18.33809178,19.82195212,18.6245546,17.70344168,17.79806672,18.2933323,17.01775362,16.80618287,17.3504992,19.19630297,17.93051816,17.48820473,18.14445959,18.01639399,21.01730757,18.82904123,18.23207769,19.34961213,17.97717524,18.38743508,16.41277399,19.73572623,19.78246371,16.31244975,0,16.49305496,18.37411439,18.39188412,22.67531809,22.67531809,17.52977781,17.74733826,17.2699145,19.71165268,14.28515577,16.74593888,19.7210995,18.23192587,0,0,22.47540012,18.74958628,18.97531766,19.78880218,19.84474768,20.85232115,19.03308491,0,18.14284412,18.05200906,18.05522456,17.26418722,17.91440991,21.15103088,18.03362032,19.59552244,14.94265248,0,19.46267226,18.83425222,23.53723586,17.1112916,0,18.05546193,0,16.97734891,18.81742592,16.16576387,15.02875642,22.34350835,20.82222076,19.34289285,17.1991904,16.78719421,0,22.0211999,21.70051815,0,0,0,17.36537091,18.00417669,18.69880895,17.37950305
TP8L13,7.662200813,21.31211974,18.47783508,19.61173943,22.65158437,20.95746056,19.12065357,19.4977359,17.94194922,20.65023675,18.31886975,0,16.92806377,21.58466341,0,20.71889793,25.66089649,0,20.28099198,19.71191522,16.86693548,18.41704981,23.60259552,22.24644902,20.51515465,24.7033104,24.63264093,20.22327867,22.61057523,18.13106521,17.34729281,23.97621777,0,21.71272655,18.56152899,29.00161802,19.5748933,19.49587162,0,21.54549897,25.92439624,20.46144548,26.72774679,26.35980443,18.02651745,19.46488273,21.61251644,18.31895988,25.49697881,23.34149661,24.31367943,0,20.96379737,19.0500364,22.96657747,0,23.3542611,24.09892678,18.36564315,21.96248591,21.49052675,20.2828207,25.14492305,24.87928895,24.07526712,17.67734843,24.69390616,21.31436594,0,18.74756644,18.89984334,18.91609575,21.43488171,20.10133768,23.45922417,24.81281264,21.89236118,19.13168429,17.80064716,21.7020789,21.8654405,21.4305679,23.21834855,22.78022987,22.16088356,17.55058385,22.26248644,16.44800279,20.09877525,24.7811253,0,16.41279041,0,20.25363055,18.31773906,23.40204923,15.64047144,18.57135833,18.95645473,18.75248011,26.34124207,17.7165056,21.6786524,21.01346965,26.29058083,22.27483874,23.77649028,17.04222878,27.34219502,18.06968885,24.3786674,18.37916852,20.34389261,19.32157272,15.50033542,0,20.03144495,17.99479383,18.47658258,20.98092809,16.19700926,17.62908015,17.61129807,19.99335333,18.84191744,17.18719679,17.06842148,19.28876997,20.68708821,18.46258716,18.41868077,0,18.34165826,18.86719926,17.67763097,18.5513284,17.89438607,18.80650371,20.37190239,16.6879244,17.53696431,0,18.79616722,16.4148522,22.52475811,22.61953783,16.57122333,25.27736387,17.89127228,19.92326758,19.54146088,21.97090832,19.65528884,21.36640831,18.47905254,17.35429412,17.96831358,19.23738469,20.53132145,15.44747971,18.47078583,21.26193993,18.56569551,17.19114893,18.65736414,0,18.38311499,19.46488273,19.57139718,15.49024358,19.02903767,18.84355917,18.40492654,21.0026033,20.53066537,19.83346921,21.25215722,20.9570721,17.37248742,18.0287815,19.07239386,19.40093987,19.44722276,20.76761878,20.31674388,21.25229113,0,27.14436807,27.66363766,28.44446878,23.11447122,20.95012727,19.66177032,18.10544314,19.71389658,21.01066145,23.51956997,21.25834899,21.71531065,20.71655529,22.56780287,16.32436998,20.60005183,20.79344887,19.13665443,22.2011393,21.23090868,0,21.33556536,21.84873344,20.06341437,19.4603861,21.25982176,21.3513063,20.93797048,18.30541615,13.36540169,17.95743571,17.3751285,18.52956352,20.53685446,18.55510821,17.87582995,20.24348539,19.48437253,22.37312581,19.04712779,19.48498417,20.33437006,18.95368901,19.78687507,18.16346818,20.94589481,21.79978508,18.5170651,0,19.27010773,20.73734043,20.46870973,24.60001991,24.60001991,19.61138326,19.25528714,20.28043677,22.61361913,19.49339326,20.72399771,22.9146435,20.77862963,0,0,24.7929432,21.16345042,21.76485225,21.1434679,22.64227457,0,20.70562869,0,19.81614658,20.30194738,18.62528268,17.78709797,19.84391901,22.10908333,21.51200791,21.68395927,18.08307077,0,21.32939137,20.82497574,26.07985262,18.52857655,15.35164643,19.1681705,0,18.08346873,20.17441104,18.55664636,0,24.48662414,22.36649876,20.9920539,17.92876045,19.35939033,16.9306644,25.70202063,23.70164635,21.06673858,19.55809807,19.09471229,18.13634045,18.71898407,21.2973966,19.82363535
TP6L1,7.717756906,20.0274211,16.84351489,18.37647347,21.62259424,18.48911656,18.73474047,15.87348911,18.22689956,20.56666153,18.53742605,0,18.84182336,13.69346711,0,18.69703992,22.88130028,17.90830754,18.7430922,16.39104972,19.63124784,17.65559312,22.92379041,22.74748585,20.43564168,22.80520088,21.45666526,20.36904182,21.29883757,19.63186768,16.85256608,22.60318544,17.1736485,20.63398083,17.12064924,26.44721826,17.55026774,17.75404519,0,20.1808225,25.0447606,14.58438011,19.36073565,22.51027855,16.94947849,19.13715126,21.96244348,19.07762234,25.04398691,22.49651188,21.57350574,18.21324849,18.87669189,18.01970403,21.51368064,0,14.22642321,24.06035962,17.45459984,17.44027471,17.65325241,19.66940933,25.59984174,22.84411713,22.38498133,15.62770216,23.80923522,19.14712698,0,19.26319519,20.96214026,17.92038751,19.73373502,17.73083035,24.17298383,23.71304244,20.83238794,15.92868347,20.25366335,22.70682361,20.15932016,19.96943784,0,18.730685,19.35755124,15.8433201,20.85209877,16.06872087,18.26808188,22.9336878,16.03192614,16.76104438,17.99323698,20.74964841,17.45130476,25.07639733,15.3828705,17.51407495,18.8587934,18.24525419,25.05841404,0,21.34435249,21.12682436,22.79695834,20.80761151,23.68875488,17.0830014,26.7197096,16.33022903,19.03196734,16.60346352,16.16705388,15.92727999,16.65110483,0,19.12419425,18.57375795,17.87407766,20.93633057,14.99172048,14.9792013,17.06579185,18.44763456,17.14227666,18.79448961,15.66357798,17.15129135,17.69723645,18.43576565,18.10805605,16.72374793,0,0,19.03845762,18.06709848,17.80577716,17.93591863,19.14679395,17.3351772,18.07756035,0,17.46381154,15.30747974,22.56243664,22.69666442,17.59663952,23.89180874,15.76523815,18.40878621,20.54732829,20.24520065,20.10569346,20.13813298,18.97379788,20.08266637,17.25964002,18.80114424,16.81364407,15.90996142,20.12927772,20.2805432,18.46469631,16.54799312,16.49128433,0,17.48445712,20.28602524,18.1698884,15.39782896,17.79852179,21.8057548,20.72357423,18.62673298,18.08065199,18.25709202,18.57632933,18.79074809,16.44522524,18.53039155,17.91196839,18.58910447,19.53521051,19.04261195,13.54511407,20.87879861,17.70803492,26.52055717,27.03605226,27.66314414,22.02912707,18.02791795,16.85617805,19.04485532,17.97260141,19.34916867,21.13214286,18.60036106,19.79011323,16.42654323,20.37890438,15.64796738,19.33467221,14.4982757,17.8068843,20.69437781,19.667741,0,21.4280979,21.51805754,19.90995171,17.4888067,19.27851134,20.58591142,17.21128537,20.23340593,18.23986851,15.12630744,14.11804149,17.72435098,17.87780812,17.31426438,16.79861613,18.11129935,17.62161989,20.4508679,16.2688199,17.34965852,18.37385269,17.51408487,14.72979964,15.5684654,17.65859007,19.41026792,15.2014946,0,18.11007034,18.74145253,15.96528589,21.55609438,21.49980827,16.39739493,17.8472202,16.11683857,17.47200523,15.8480508,17.28011052,18.48891449,16.58254577,0,0,22.16168195,18.4918242,19.66319821,18.02215202,18.73373676,0,16.68532701,0,0,17.71085188,17.85556119,15.17841482,16.54656122,18.92046101,16.25001893,17.57639355,12.13839934,0,16.82947293,16.74515638,21.9801281,0,0,0,0,15.08372917,16.54234669,0,13.75641382,21.04586804,19.23091038,16.51715317,13.17806533,0,0,20.5181345,18.36268916,0,0,0,17.27902131,17.79468664,18.29295623,16.64548762
TP4L19,8.012766266,21.20337964,16.94478943,19.81573169,21.73935722,19.45709223,20.01537506,18.83593415,18.48727939,20.69397859,18.76675518,15.73734157,19.02054163,12.13384972,17.28595398,18.96677696,23.64215794,0,19.70673106,19.5126844,17.22609827,17.70758266,22.18214246,23.59413253,18.83859055,23.97655474,22.22469797,20.83623421,22.34957846,19.12221976,17.15143394,23.33781748,0,21.90514849,17.42024842,28.81962175,19.23441398,18.12036911,0,21.00651982,26.25438567,17.25815095,26.42231156,26.80973113,18.14477216,20.08552951,22.49706556,19.23623736,26.21690492,23.28277273,24.53920237,19.67327394,19.98679388,18.83665231,22.501092,0,13.55939086,23.76995337,17.55069185,18.51293425,16.65207997,20.43237043,25.94821911,22.17521546,23.28885756,16.08905164,24.63597532,19.01121034,0,20.26605272,21.95089776,17.8719584,20.85117292,18.62335204,24.74497095,24.23584301,21.6815321,18.02066081,20.91265786,23.28058201,21.16338847,19.69054643,0,19.22781026,20.32286339,16.91636399,21.16185019,16.79961646,18.97203104,24.12617785,14.65148603,16.81337084,18.43138924,20.85225304,17.93955203,25.0841307,0,14.77301645,18.76762489,19.44596287,25.38611816,14.82591017,22.38628842,21.83224701,26.78261944,21.50427574,23.54463742,16.67140608,26.92292989,17.09867498,19.95774943,17.7836388,18.72298493,18.20216813,15.40431612,0,19.88437006,17.76907016,18.30489216,21.71218111,15.62493942,16.80857782,16.97435789,19.52752123,16.87612045,19.10772214,15.21469459,16.79298165,17.37688892,18.07042834,18.43778217,0,0,0,16.69723498,18.12254531,18.03723591,18.85403347,18.43309234,17.42054948,18.16899175,0,17.58774368,15.70884184,22.06262281,22.15298559,16.66651537,23.34436503,16.01958239,18.57246483,21.28306739,21.21344658,20.47290966,21.45862973,19.32555188,18.14448149,17.43872513,19.24767087,17.98148367,15.5205928,18.64904147,19.66414965,18.63530263,17.42151515,18.2231587,0,16.57550162,21.24843522,18.45473765,16.10817527,18.07290411,18.45445244,18.22590876,19.33088472,19.27917822,19.41255744,21.03735793,19.6544213,17.12589682,18.88471037,18.28166194,19.27292126,20.23565803,19.87827293,15.14878488,21.3158464,18.58274313,27.74905161,28.1438627,28.12401139,21.99046179,19.38033374,18.03365964,19.71975065,19.49026194,20.36613508,22.39759799,20.24266501,20.88813379,16.1013283,22.28403255,16.0513868,20.35242407,0,18.4814891,20.25132245,19.92353832,0,22.47848673,22.39127039,20.81100231,17.51472169,19.21784221,20.00549701,17.31191743,17.02528017,18.90678854,16.08590531,15.9987113,18.19780954,18.92237722,16.92713835,16.90226137,19.00670093,17.4492212,21.32342098,17.58610831,17.77141393,19.01251995,17.95501844,18.13669062,18.03564403,17.73398902,19.44867213,16.81653251,0,17.02665957,18.50228036,17.38451176,22.58907004,22.58907004,18.008068,18.37875899,16.66618651,19.37865237,17.06058757,18.92744248,19.32456323,18.21467116,0,17.40801131,21.83332509,19.25245598,20.40893742,18.9497288,19.59992668,20.52733859,18.37963974,0,0,17.9710127,18.12137378,15.7432929,16.62002932,19.14405494,16.43800003,18.3266092,13.56997784,0,18.37979824,15.59731392,24.94751552,0,12.35554699,0,0,14.36440452,16.96575227,15.49960325,13.72660652,21.08712191,19.84618337,18.10319704,14.82591017,14.38964677,0,22.79881083,18.59814531,0,0,0,17.84941608,19.0674696,20.653304,17.36374574
TP6L5,8.039666088,20.55310099,17.80813959,18.91887108,22.06891326,20.09607886,19.17747463,16.41109788,18.32177473,21.03501972,18.65980048,0,19.18450829,15.20963134,17.43537623,19.33505333,24.85340822,0,19.76382379,19.21544337,18.80765736,17.76950795,23.02636389,22.57396019,19.99536731,24.15013604,22.59359937,20.87717399,22.03474399,20.94699824,16.77827309,23.64721368,0,21.10039617,17.63868237,27.36837073,18.51815854,18.60427916,0,20.92764895,25.4157483,18.06553408,20.49346165,26.77273961,16.76616653,19.91706754,22.0127286,18.61703503,26.03634206,23.24148598,24.15206158,20.07899289,20.15112432,18.86011489,22.13372751,0,13.97797114,24.20956284,17.48464634,17.15217605,18.59428334,19.95015992,25.72682432,23.34072479,22.70519177,15.69192552,24.03636858,19.69184433,0,19.48112029,20.8133253,17.38123829,20.42482575,20.71575578,24.24491916,24.24684478,21.19270694,16.54405518,23.37023017,22.76248788,20.51219991,20.80368231,18.86203659,21.81465236,20.57867642,16.92906586,21.44480313,15.90104451,19.52140914,24.24860682,16.1298824,17.11363032,17.97786886,20.25179792,17.85592838,25.41205339,11.6963018,12.71070481,20.32233633,18.84623671,26.90407765,0,21.83566432,21.22150553,26.74353321,23.26526156,23.64516256,17.31924921,27.19678567,16.7972492,22.23523682,17.48725645,19.42716864,17.65769807,16.81049933,0,19.3159085,18.33975249,18.03355364,21.10345818,16.27526052,18.61973997,17.09631821,18.98353752,17.41319507,18.85980811,20.91204508,18.10318144,18.30839203,18.37966462,18.83891296,0,0,0,17.02797858,17.32196713,18.39350668,19.23485949,19.10387496,17.65468104,17.88971072,0,17.09050799,15.51884303,21.93504674,22.03857731,16.45835165,24.29615303,17.05481958,19.39524785,19.32708214,21.01947629,20.0632814,20.38164029,20.64823489,19.25966223,16.68533568,17.82518377,19.81838315,14.46990755,17.63230457,19.86267737,18.69680912,16.65427029,19.55192314,0,18.0745475,20.96577935,19.06208663,16.21107008,18.73502137,21.78918997,22.37060336,20.43087966,18.61839093,19.62464733,21.24047925,19.9204465,18.74118213,19.15944459,18.88049621,20.32202745,19.81058902,20.24206143,16.6047266,21.63674231,16.57289919,27.65772331,28.15049801,28.51897905,22.81959226,20.18184837,18.90103344,19.75811479,19.50752763,20.51097051,22.55606895,20.68797721,20.95904959,18.13531349,22.07712947,0,20.13752777,18.09643559,24.03540681,21.6514851,20.61666863,0,22.03192226,22.17505176,20.56398297,18.38176121,20.29030573,20.5376931,17.7492513,17.15931039,17.75238669,16.813238,14.42433588,18.3372047,19.58907756,17.82418653,17.97774696,18.97091385,18.60516117,21.50085264,18.42343436,18.6500625,19.39800495,17.96390446,15.19826391,16.9526652,19.83294048,20.4212514,16.62130134,0,18.35676233,19.23991828,17.23828235,22.74696961,22.69387819,18.60934567,18.93389624,18.18289855,20.68623921,18.12567076,19.73721829,20.38591189,18.32116176,0,0,23.35165244,20.43192771,19.90638018,19.98088273,21.55027376,22.35490959,16.67364222,0,16.92276719,18.60087659,18.90335651,16.01409378,17.91467283,20.09994426,17.94331163,19.16209842,15.21638531,0,18.36668158,17.8404786,24.55723148,14.72748822,0,0,0,15.63500744,17.81172149,15.28247681,0,22.43951928,20.17952285,18.06825411,16.40496395,15.46749879,0,22.64950225,20.58807192,0,0,0,17.67348849,18.93479178,21.28461946,17.54618889
TP3L11,8.151894242,19.28070183,15.51122978,18.12358908,20.69777882,17.44611118,18.59406709,16.47712038,18.94395703,17.53291415,17.18437737,0,18.22789772,11.39691778,0,16.60331035,21.16893376,0,18.6476232,17.01735312,14.33173917,16.74314785,19.79655677,22.7180284,18.09321593,23.14913913,21.32906096,19.40179461,20.86131007,17.41484465,15.77727115,21.9773007,0,19.36863961,15.01741958,26.87292697,15.40368455,15.8304701,0,19.21694391,24.14537187,13.66528205,17.99229666,21.60021108,16.9448895,18.09139923,20.74168269,18.23521205,22.67640919,21.62859781,21.50968629,17.51183518,17.97460808,17.33698646,20.64179882,0,13.40174865,21.57072191,17.09739463,18.36316959,15.93424885,19.46506209,24.62385928,16.2265439,15.21145412,14.2734428,22.57031044,17.88887586,0,17.33149769,18.88960896,14.95954386,18.24934528,15.96440163,23.29608802,21.74136647,19.17448899,0,17.79546188,20.9370182,19.37497021,18.75314753,16.15069653,17.4206604,18.16522732,15.28489999,19.99581789,15.48941561,17.01798801,22.57911915,6.556934102,14.69683558,0,20.23311333,18.17236803,22.93536778,14.22276715,17.14467228,15.79653063,18.6807939,22.97628293,13.05902202,19.97904578,20.26663827,22.61165822,19.07289251,21.80391723,17.59964436,26.23933145,15.68363022,21.22750666,16.9457473,17.48623796,15.66756631,14.92219994,0,19.43934102,16.35312972,18.39181657,20.99662473,16.02569031,16.13629119,15.85569583,18.82720589,18.698052,16.84169159,19.22743656,17.52809669,18.05960934,17.88082708,16.95058617,0,0,0,15.57699512,16.32147279,14.35542699,18.2026423,15.82640737,16.87034,16.67554987,0,16.33652497,14.9219916,21.40420624,21.5068312,16.78808718,20.43037872,14.56297718,16.71078819,19.7786467,19.34709408,19.46986178,19.41010917,17.13541534,15.14308865,15.28395211,16.69345949,17.82661558,14.59694952,17.73599226,19.03313529,18.4227872,16.27865439,15.25244369,0,15.51546018,19.34604923,16.0471108,14.94895615,17.4266177,18.13006802,16.87391266,16.8665959,17.69031887,16.94456221,17.52954494,17.94523264,13.43084454,17.75467882,16.24178718,16.96878517,19.11377096,17.58216852,10.43973653,20.11227935,14.52576548,24.17388935,24.58409338,25.77551534,17.80949182,16.51700587,14.0297769,17.38504081,17.55063222,18.72319497,20.69860991,17.24231927,18.5775616,15.65581312,19.50470942,14.52043098,18.17973125,12.02126428,16.69884443,19.89871611,18.95780459,18.05429912,20.24100207,20.2173036,17.37292146,15.81253385,17.87575015,17.92611238,14.8863422,15.63591647,17.33035153,15.70087316,14.33577768,15.02128684,15.91380785,16.32646415,15.93932347,16.472345,15.87118631,19.32519115,16.35853993,16.52085319,17.77573001,16.39575681,15.18805415,14.89573832,17.79650229,18.70273897,15.24274449,16.9350488,16.92010857,17.67084985,16.91940749,20.98830164,21.22911317,0,16.53331524,15.90932968,17.58669321,14.98111235,15.66018177,17.13460288,17.16075822,0,15.90498594,20.68892417,16.90406327,16.55739311,18.20882239,18.22694444,19.19238659,15.07899145,0,15.33430468,17.24283491,17.13987359,15.44170691,15.74897544,18.51275359,16.93484321,17.26344593,12.36454865,0,17.17362186,15.80385363,21.92287173,13.69503903,0,14.34522198,0,13.57469073,16.02562771,14.40454555,13.08832493,20.21986105,19.18929744,17.44584119,15.11945775,13.34204792,0,20.72214878,15.43785573,11.49224252,11.52441436,0,15.17664141,17.43718196,20.13677725,16.33972415
TP6L11,8.693927736,20.31968833,17.06107984,20.22029363,22.36437469,19.21741122,19.62813184,16.99502463,18.65321645,20.13273652,18.54231314,0,18.92772233,0,17.73731234,17.25930572,24.0678449,18.70839752,20.51279514,16.89468141,15.96749718,17.89090248,20.5128239,23.0162006,20.00862659,24.49041856,22.36610316,20.53777831,22.48921863,20.46540233,16.90495269,23.45297262,0,21.07309947,16.87786008,27.74082332,18.56512204,17.86380317,0,20.74627422,25.856623,16.35183746,20.23217262,22.98953545,17.25112673,19.22496495,22.04554522,19.41697117,24.42742658,23.02624065,23.41010045,18.68168672,19.49149466,19.00309704,21.95270079,0,19.71572815,23.40439792,17.93022853,17.73746456,17.78397365,20.798163,25.67856162,18.23467244,22.71842019,16.24335644,24.56140189,19.63580313,0,19.26969168,20.98055075,16.18718446,20.26163753,17.66288029,24.5308838,23.39796214,20.72399793,15.6622279,21.63272498,22.53587948,21.15414689,20.54978922,0,19.165268,20.67903645,16.78362677,21.32183514,16.38854377,18.97275486,23.72881827,15.81938449,17.17957742,18.04648036,21.44042254,17.97938396,25.34048942,15.5351664,17.60718391,20.69469021,20.46660582,23.97816353,0,21.61821399,21.69239314,22.42403572,21.01421442,23.17162301,17.56946255,26.94214356,16.93800325,22.34140621,17.24104558,18.66705431,17.48516165,16.53928535,0,19.7942863,17.27438906,18.06625653,22.20616752,16.23723071,16.06196935,17.29638811,18.83579869,17.2014378,18.96131743,16.92086915,17.63411432,17.8939463,17.8094219,18.32692719,16.87789956,0,0,16.85467817,17.56974734,18.17334937,18.30731513,19.46592559,17.61314994,17.60801724,0,17.28183815,15.45147779,21.75403474,21.87489992,16.27189751,21.49243093,17.32094332,0,19.47309614,21.0213185,20.60339465,20.62371504,19.44633626,17.08136683,18.08170056,19.06328976,17.93758647,14.78458373,18.62712676,20.15522938,18.72904846,16.1206648,17.0393319,0,15.51814545,20.82482689,18.78168329,16.30658241,18.51901723,18.66315975,22.84483976,18.47417065,18.8347529,19.54190768,20.48728363,19.93646014,16.93923755,19.00431727,17.9496192,17.62921829,19.97534756,19.76720668,0,21.44812846,15.98589467,25.88768025,26.45752844,25.87204479,23.44399005,18.05248962,17.01832732,19.39910251,18.73108247,19.58245672,22.19314208,18.5044057,19.66092881,15.85912222,19.84607421,16.98625355,19.04626657,14.27579886,18.62344159,21.66725675,20.6407811,0,21.52224771,21.69776099,20.04040999,18.09576395,20.45847973,21.57736309,18.32371648,16.93190324,17.56915203,16.50512904,15.21873165,17.71347625,18.87385121,18.03729965,17.46611664,18.76905887,18.666439,21.4757,17.32118178,18.28635937,19.49040317,18.26748399,16.58943771,16.31597302,18.6105086,20.49355146,16.68178803,18.88264285,19.02646401,19.4566382,16.25843202,22.67245855,22.64920747,17.69538153,18.53487664,16.04351929,18.244911,17.72041492,17.56615654,19.53989148,19.01282443,0,18.20453578,22.63187112,18.16699777,18.74071821,18.46620514,20.15386264,21.17227722,17.861026,0,18.12623874,18.84797667,18.90604225,16.96925364,17.93138004,20.45261544,17.81048501,19.22839694,14.79070441,0,18.11384727,17.51868652,23.81919797,0,0,0,0,15.19121437,17.3655898,15.43683602,0,22.04112909,21.34403683,19.68078953,14.87745742,15.12931612,0,22.52811011,18.32903416,0,0,0,17.41333291,18.83349266,21.66411673,17.11660401
TP4L2,9.136325487,21.60274268,17.42857501,20.09921855,21.83317921,19.84361344,19.97796748,16.92609455,18.45630684,20.73082982,19.06860028,0,19.0787383,15.17773161,17.40903463,19.53947648,24.40820108,0,20.53422385,19.08758862,18.07971144,17.87669708,22.98985528,23.43310077,18.94795246,24.46215073,22.56857064,21.12160228,22.52070613,19.26017093,17.61576007,23.54866562,19.69267438,22.40842491,18.23271989,28.466759,19.97600231,18.40225167,0,21.21967306,26.32485892,16.03274917,19.98719044,27.02633767,18.49161432,20.29856168,23.90762707,18.80419791,26.53216908,23.41493322,24.74782324,19.965269,20.27217423,19.12286561,22.52362002,0,20.82895217,24.49876449,17.90898182,18.39706112,17.49757812,19.79824151,22.30420973,23.79966369,24.29966059,16.65306373,24.85076211,20.84040465,0,20.71296074,22.295096,18.39824188,21.04241382,19.24665322,24.81169756,24.86023908,22.0515659,19.12473263,21.14431189,23.60811519,20.97280422,20.33512429,0,19.84441601,21.18413417,17.44157709,21.66859599,16.77490977,19.43468462,24.67210853,14.98598068,17.52817318,18.82046482,21.19966134,18.21260903,25.68242672,0,15.15918086,19.44662586,20.10097677,25.76662112,15.79874363,22.85372612,21.77632894,27.09400437,22.05929897,24.17080197,17.76768079,26.9863933,17.31536168,22.46339316,18.02689705,19.30997415,17.90316335,18.36184607,0,19.97928719,17.78252424,18.45259526,22.1100427,15.64810995,16.26854642,17.1580123,19.70985299,17.0640601,19.58980032,15.70544581,18.50217337,17.69540056,18.54413539,18.81781367,0,0,0,19.13416981,18.18527171,18.62725752,19.11145173,19.08397206,17.64284871,18.64762663,0,17.67552547,15.85956084,22.26780881,22.380756,14.92461491,24.86815499,13.9294045,19.38302407,21.46217389,21.46889278,20.4748573,21.42420372,19.7547725,18.73861955,17.53245838,17.68171269,19.59241904,16.03316866,18.85127732,20.52261642,18.76522305,17.57689755,18.63224109,0,19.39342079,20.29856168,18.83007004,16.06293121,18.54163107,18.72040381,21.98084587,19.61504318,19.76053298,20.16163383,21.84732732,19.93874818,16.57201729,18.85364796,18.29316749,20.37479665,20.50768644,20.36786152,17.09085704,21.31552929,18.84278943,28.13507224,28.37005968,28.34194687,22.00027841,20.04726686,18.68654292,19.95882938,18.80927951,21.18911113,22.76331478,20.1253996,20.73625823,19.00661145,22.97702984,16.54937695,20.76401764,18.48212613,18.97463215,21.32403213,20.11607921,0,22.37519458,22.32579452,20.76289573,18.22256558,19.78741493,20.81888402,18.19513644,17.51323411,18.50884882,17.05508091,17.00216413,18.8026832,19.651404,17.14946979,16.55275835,18.73080898,18.04910406,21.75653905,17.68448567,18.0895829,19.60005285,18.39060159,16.1064195,15.98521845,18.38105664,19.98299249,17.38309166,0,18.27673442,18.70100205,18.53520434,22.93221801,23.1829759,17.39003032,18.80259455,17.62952936,18.90857289,16.9753351,19.81548436,19.64859971,18.44233601,0,0,22.81896586,19.4888162,21.03041557,19.84628699,19.98714132,20.93046182,18.88407537,0,18.59707272,18.5644784,18.72196725,16.03785061,17.26740121,19.51689794,16.30229623,18.74772476,14.2844388,0,19.03798005,16.64419343,25.15259034,0,0,0,0,14.22187178,17.97336345,16.36390961,14.34363784,21.25050829,20.62343738,18.85757786,15.79874363,15.67376641,0,22.74193255,18.8623541,0,0,0,18.26566615,19.38857744,21.11479796,17.67565312
TP4L14,9.513803972,21.20003628,17.23336904,19.44530975,21.67085793,19.8379299,20.15592055,16.19154485,18.55097033,19.70870112,18.847725,0,19.20706322,0,17.39092351,18.29834943,24.17136728,0,19.12436482,17.66033617,17.02048744,17.76344896,22.10863963,23.52569172,19.25061066,24.29749553,22.39533295,20.84066646,22.3509684,20.16861715,17.36485154,23.38623214,0,21.48900196,17.44061727,28.76431198,18.34845551,17.76373462,0,21.06473098,25.68472589,18.03483254,19.4980993,26.58463554,17.42428025,19.55259406,22.55591376,18.73519644,25.77947129,23.19220733,25.01958693,19.75897629,20.01301314,18.66458953,22.4093765,0,20.34241102,24.1574414,17.7725766,18.88332831,17.5273369,19.57690761,25.68355164,21.60347764,23.14307778,16.0533534,24.09429593,18.93178207,0,19.8021683,21.10189227,15.64559641,20.10221248,18.75420682,24.47062462,24.09366252,21.32171483,17.36486684,20.98454481,22.93919909,21.08056929,20.09720498,19.0661651,19.85663788,19.80392698,16.68448713,21.47647404,16.81279806,19.35321499,24.61684497,15.30743387,17.13037487,18.29904159,20.86249052,18.10029905,24.78868021,0,14.85142636,18.54389109,19.1778651,25.45825611,16.03745699,22.11295333,21.44374407,26.44158671,21.89515161,23.84385172,16.80557031,26.99610866,17.09699908,21.499072,18.02037005,19.74032977,17.52777152,15.95954977,0,19.69417207,18.83874603,18.31544695,21.76161155,16.13565827,16.07342502,17.00339311,19.73601006,16.90934472,19.2711019,15.63784462,16.86281576,17.31706359,18.19584679,18.55319908,0,0,0,18.44437759,17.09327633,18.39786498,18.93111892,18.9373616,17.13789283,18.13902963,0,17.16314262,15.99710157,21.34386787,21.43688013,16.31067241,23.14874465,17.34667322,18.91042902,19.57763862,21.36568457,20.67859968,21.05668454,19.37963986,17.83360043,17.57883858,19.48210657,17.90302266,15.38830495,18.67711819,19.52860245,18.96744877,16.44766651,17.55897636,0,16.92968179,20.66865715,18.0998075,15.65699454,18.37727369,18.56896517,21.78903159,19.92914293,18.23498619,19.21184315,20.71208781,19.70867951,15.90654502,18.73576295,18.31086076,19.23458901,19.98675272,20.04234718,15.26909991,21.22587684,18.3960821,27.43902098,27.88824611,28.08560288,21.81349548,19.17322448,17.80170181,19.81493913,18.82162777,20.36882406,22.78129168,20.16286369,20.75852365,17.99744965,21.95009974,0,19.97768968,18.4082379,18.76308202,21.37587847,20.40665351,0,21.56401129,21.60189229,19.94141617,18.1272557,19.95818694,20.3278934,17.5702127,17.16685939,18.29534276,16.93097997,16.60109247,18.61545929,19.00939137,17.52500003,16.98934767,18.90647416,17.93947017,21.36185651,17.52698845,17.94342075,19.59456245,18.01694819,15.23626836,16.48172779,18.46364318,20.35816071,16.54840256,0,17.41913383,18.66945911,18.10806513,23.21497936,23.21497936,18.1899038,18.39998476,17.43404093,20.03622772,17.5092236,18.12518101,20.31547453,18.83808931,0,0,22.70564017,19.10487532,21.12396466,17.09826324,20.07184303,20.99828692,19.50398618,0,18.67318282,18.9959242,18.85907056,16.02279989,17.50939368,19.84505123,19.24643883,18.69454779,14.08525446,0,19.04622708,17.03807696,25.4255605,0,0,15.85545549,0,14.70419924,17.82603583,16.28847254,13.89220062,21.40105513,20.53047056,18.77249502,16.03745699,14.93374612,0,23.29672422,19.74050249,0,0,0,17.63262293,18.78059417,20.32310765,17.42910048
TP3L19,10.52430366,19.32635034,15.0835103,16.72675749,20.58981487,17.67552146,18.51690074,14.60458459,18.51809218,17.17969241,16.92776761,0,18.34757882,13.36151311,0,0,17.81532491,0,18.36583074,16.94673706,14.67756363,16.1733828,19.59537072,22.46814792,17.55833167,22.95501106,19.76642804,18.4705065,19.64873686,18.53135372,15.46143025,21.39528376,0,19.45002127,15.98342648,26.76305657,8.956164954,15.37591594,0,19.12716288,23.19223191,14.73596437,17.73472946,21.87433239,16.15594687,18.06709819,21.2226537,17.68612852,23.11175643,20.92269076,20.33506389,17.2808932,18.06624597,17.62847846,20.63609141,0,13.64162088,20.98520028,16.7566472,18.03771358,14.3653101,16.7053489,24.8240486,16.50560999,13.93922028,14.30087308,22.18767531,18.44883821,0,17.34445217,19.2369711,14.47992136,18.48642104,16.51734461,22.46846506,21.83112593,19.1502303,13.10587192,18.97306854,20.94884266,18.65633914,17.69192279,15.81121073,16.31147718,18.43106807,15.8463902,19.25500197,15.30855846,16.97135165,22.75739384,9.865515607,14.95083178,0,19.59019046,15.93988053,23.08058015,13.88998043,16.39467181,13.27770162,18.09220833,22.86860317,13.35070154,20.12100339,20.80374143,22.4459335,18.95347238,21.14217503,17.46318134,26.04586349,15.84540907,21.53907312,17.083097,17.76225875,16.75458743,10.76570049,0,19.35664946,11.64191007,17.27937949,20.63611174,15.35560138,14.74984018,15.37504738,17.03931109,17.38484276,16.06507466,15.61603044,17.42264829,17.47652766,17.97547526,15.88870727,0,0,0,15.71342933,16.17263941,13.38013016,17.20266314,16.53754443,16.32081688,16.76889521,0,15.66016546,14.51329581,20.80282477,20.86941847,16.58821008,19.43049315,12.23349824,16.52926225,19.2074925,19.37136435,19.26821731,19.38869293,16.17010865,15.05453686,15.36864785,17.6261496,15.50168344,14.71787962,17.62229533,18.52076156,18.07971937,16.79753347,15.71385041,0,14.33289773,19.46940578,14.88019942,14.68810221,16.82314985,17.90585462,16.52490895,16.7459514,17.81315752,17.98880116,19.10600056,17.8249758,14.58141136,17.79723171,16.53167437,16.66051693,19.90241873,17.42105711,0,19.89242658,14.81082264,24.49568202,25.03244859,25.63792873,20.58604408,15.38265287,13.27803856,16.17838107,17.72153604,18.81841438,20.80002859,17.64190836,18.23121861,14.93313737,18.80397562,13.59425691,18.03850344,11.48290861,15.94936926,20.14399562,19.14531493,18.09797354,20.37992087,20.37570667,17.34684807,15.41046327,18.17547004,17.92242619,14.72673793,15.1593195,16.96252136,14.99701488,14.08220775,14.3600601,14.02437928,16.49601161,15.95471559,16.22844837,16.08642653,17.94075661,15.80704657,16.29746705,17.14709419,15.9936292,14.5345468,14.92958433,17.55601951,18.71810196,14.36121015,0,16.35537146,17.41621323,16.26224219,21.27237496,21.27237496,16.31019988,16.03476027,15.28836013,16.8675687,15.52637882,16.52782555,16.51802936,15.5032639,0,0,19.33179983,14.99672287,15.07699245,17.34243857,17.42540534,18.49322414,15.26294719,0,0,16.98106935,15.98455445,14.75076775,14.24201741,16.98486997,14.66136858,16.18550182,11.76072464,0,16.32476476,14.15652146,20.75138783,11.36555695,9.118417986,0,0,12.05943889,16.58510618,13.59041152,11.74540036,19.17595283,17.21409131,15.39188793,13.78508921,8.818889009,12.22761855,19.45322501,17.58726919,15.23657483,11.39905932,0,16.33257646,16.6328979,19.59375762,16.15026828
TP9L6,10.92130518,20.2604737,16.41930068,20.30719348,21.30644711,18.09848157,19.16946556,19.60447942,16.89230237,20.3756136,18.30817075,0,16.78551427,24.07313819,0,0,26.20914813,0,19.81552896,16.71868291,18.4312993,17.94177522,21.1648399,21.73413212,20.20579731,24.79082878,22.36387534,20.93076449,22.41683443,20.03692598,16.5694781,22.32438102,0,22.4996518,16.76224429,27.53312919,19.68991507,18.02917567,0,20.29852576,24.8525424,18.72751911,19.598267,25.44074892,17.04194785,19.30238233,21.00680472,18.92568867,24.90311378,22.48360241,24.51479376,0,18.99913797,17.81516842,21.21884116,20.93125447,21.58631207,22.40290835,18.47363242,20.8200599,21.15357047,20.46321979,23.86336128,25.85039189,23.1020891,16.92815043,24.49243378,20.31922913,0,18.24890191,13.96817745,19.99682521,20.43721102,17.85817852,23.44041626,23.87508273,21.2335286,18.12011978,22.72345185,22.53926407,19.79188768,21.32955052,20.00108331,20.37550876,22.17384127,17.2726771,21.36916489,16.76093874,19.04463536,23.20158666,23.7590342,17.69965071,0,19.69482016,0,25.95842348,15.9926372,17.135135,19.22016174,15.70597,23.69232612,16.81970753,0,20.67891655,25.23029198,20.05164133,22.12345527,18.69047836,26.75426477,16.58939183,23.07983891,16.62964175,18.67732877,16.76560985,15.94974058,0,17.09950192,18.52761781,18.52007858,20.49169447,16.98776052,15.4835324,17.38848122,20.33195517,17.86447031,17.66325102,16.96362669,17.98179638,19.77066092,18.14387867,16.84812989,0,16.70852668,0,17.12085492,16.3325456,15.87029563,16.99921347,17.7167469,14.49707622,16.7053141,0,17.61419565,17.00377821,19.72537461,19.84082599,15.57810107,24.09794939,12.30520305,19.73898538,19.76320939,19.64009134,19.93523785,19.13712658,20.03161206,18.24637924,18.84033399,18.89959436,17.8048684,16.59042889,19.04128223,19.1512196,18.79706316,15.90459236,18.51801013,16.9158728,20.04521577,19.30238233,19.03325123,14.91107366,18.93440872,18.07465679,19.56765293,19.51946496,19.26792509,18.11279178,19.64923688,19.98552227,16.93917117,17.02444338,17.95472222,16.11882812,19.53119467,19.95812507,20.08642011,19.2374798,21.80696158,26.70796957,26.82486496,27.41815322,21.6216569,19.40456326,18.35144883,19.90260249,20.00607709,20.66578659,21.4810718,18.29063538,19.25997782,21.10071021,20.47623529,15.92976308,20.16525814,19.47099833,18.03715488,20.51364237,19.33928633,18.94816947,20.89845451,20.9641426,19.96955235,16.91835011,19.52786345,19.28927709,19.08376133,19.33011814,13.13935794,16.87703882,16.55068497,18.35391669,20.37654123,19.27050965,19.26335399,19.14014558,19.12292269,22.31511632,18.07974492,17.4058631,19.12045539,17.66756864,16.97372417,16.36904105,19.13709871,20.82807138,17.20725557,0,19.31710493,19.23624264,16.04191559,22.12992928,22.15718702,0,18.86651779,16.39653572,19.42525993,0,19.8031653,18.05649178,20.4360835,0,0,26.27349691,22.65230281,20.23168965,19.51624544,20.14842729,0,20.20746547,0,20.29792279,16.53834444,20.08810681,16.61812328,19.08074735,20.7512295,18.17510919,20.83926469,14.62294052,0,19.39015636,18.6289049,24.85659351,19.58673417,16.5275546,0,0,14.89878756,18.87460461,16.16356529,18.9090405,22.4574242,21.69410124,19.45523852,16.81970753,17.4973212,18.46119636,24.48542473,23.87615815,18.34282559,19.22263252,0,17.70593124,17.83275214,18.78026439,16.51435845
TP2L20,11.67315175,21.82182836,17.51852842,21.13671964,21.80385246,20.37229156,18.43951035,16.58793967,17.48004474,19.96932482,17.81751253,16.28832278,17.38264828,22.85574682,0,22.66103507,25.52371493,19.55849032,21.41276162,18.9931636,15.46879537,17.20724057,22.88760368,25.04083485,18.43769683,21.98257353,25.59272938,21.21417003,23.42833405,17.93246946,17.78615251,23.67408705,19.57539633,20.85769639,18.42605845,26.41696858,19.21324803,18.37544621,0,20.59143552,26.33373431,16.54676789,19.92604547,23.76230587,17.83910259,20.17128921,22.57278983,19.09621109,25.58224025,23.1871542,21.57096331,0,20.62654566,19.3643941,22.93723007,0,19.60675227,26.10148381,17.25272046,18.89039788,18.86320776,19.71454726,22.31466288,25.9143389,25.31324324,17.20945504,25.44176882,23.62914788,0,20.08457939,22.47810961,21.40622006,21.90522856,18.46942337,25.4157565,24.45571621,22.05602755,18.62415316,23.79481231,23.79455307,19.97948247,20.91702575,19.5187016,18.77635152,21.55781565,17.56152139,20.79962456,18.65891384,18.42069341,23.8435796,0,15.75130974,18.46174757,21.388504,17.84816195,25.37241282,17.27662469,14.97441459,19.58151403,21.36040036,25.62835409,14.81309011,22.43566922,22.67047771,22.92256207,20.16803853,25.56956116,18.0204476,26.60921448,18.17427331,26.43011828,18.06008843,18.78551443,18.25571094,18.08434371,0,22.26879455,18.0399662,17.48947869,22.29380046,15.30329295,17.4022906,16.69857151,19.92925869,18.59129954,17.88607309,14.99463521,18.19354317,18.41707371,19.17598561,18.64002774,0,18.05635804,0,18.05496938,17.15199788,17.71815234,18.3636131,18.10994925,18.15495461,18.64983789,0,18.71370664,17.28869208,23.30845674,23.42143307,16.01155673,25.55892502,15.05062429,18.38930761,21.4669463,21.34244064,18.26687541,22.37042837,20.5047087,17.9284785,16.42524227,19.67321428,18.42163752,17.82350384,22.18484791,22.33996674,17.39527427,17.20808459,18.96248914,0,20.62558976,20.17128921,19.03301559,17.72283151,18.68579158,18.31887166,24.68927871,18.75939788,22.69688691,19.01786919,20.93702737,19.97861909,17.15493984,18.8715012,18.47610505,19.56003683,19.28885551,19.47856656,0,21.52233359,18.09213028,27.26631205,27.71835606,27.64108256,22.56181509,19.68390414,18.16279391,19.14970278,19.65533436,20.29828863,22.43670948,20.28168473,21.116828,16.88863917,21.89073091,16.84692948,20.38922785,15.5054529,18.94290658,21.69453553,20.47269293,21.02524258,23.12514952,23.01797955,19.59676855,17.44719238,18.9838188,19.1222111,17.45194521,18.35473149,18.9441497,16.97130128,15.97817831,17.52154459,20.75495971,17.04460403,17.10869432,19.36073749,18.45224922,22.83287666,19.36933206,18.70225308,18.98905097,18.32785848,18.86699254,16.5131525,18.26859715,19.72021978,17.69255495,0,19.14248893,19.54455379,17.14345387,22.21318635,22.21318635,0,17.61229262,17.02007448,19.5594547,18.32714619,19.64344063,20.40027577,17.95949417,0,0,22.75467162,19.19093091,19.54919704,19.85092812,19.8215637,20.83888189,18.13808475,0,18.57237939,18.97129084,18.40209887,17.09307686,17.49109286,20.98751988,17.90670251,19.28499357,15.74478604,0,20.03685847,18.08769222,21.93466649,14.56811883,0,17.38892112,0,17.96242661,19.61267264,16.02049635,15.45120932,22.73605652,21.4391212,19.73610367,14.81309011,17.19054296,0,22.15877663,21.84035226,0,0,0,16.91463039,20.35322789,21.96541652,17.8377067
TP2L1,11.71119955,21.82129012,17.60056361,20.70329541,20.84441395,20.01799761,15.52370619,18.75911056,17.68840314,19.5288438,18.43426344,17.42627426,20.33603136,22.91078982,0,22.43658349,25.33582709,21.52696873,20.68047489,18.48562917,17.19452888,17.1418078,23.3221011,24.28274744,18.55387344,24.68153656,24.96266606,21.10647768,23.0970699,17.94903442,17.64423605,21.8461256,20.61179281,21.05853675,18.59603907,28.10816351,20.39332411,19.2472936,0,20.2610718,25.98359114,16.23751228,19.65150898,22.14296661,17.72145971,19.90306099,22.98477444,18.82207911,25.18686287,22.88046884,21.55379568,0,20.24536057,19.80892637,22.94422485,0,19.8956083,24.29138853,17.49147791,19.27033519,18.77436548,19.88956749,25.79135117,25.99833979,24.96659637,16.9737065,25.17095657,23.13425304,0,19.49861143,21.77108585,21.08992581,21.47260066,18.50609265,25.16694988,24.49419847,21.8924989,18.24207165,22.88992239,23.31815688,19.95066396,20.35706787,19.557149,18.68826136,21.53146886,16.34285728,21.11946468,19.39093888,18.30071261,23.63979633,0,16.08774359,17.81466185,21.31789172,18.01253703,25.57744164,17.01338876,14.74939693,20.29225197,20.94464012,25.20319454,17.06289124,22.41040385,22.90558649,22.15477288,19.86918766,21.83949457,16.28711185,26.58603957,17.82974183,22.67990874,17.50943981,18.95651796,18.92942828,18.87535429,0,21.48836376,18.86199333,17.64163219,22.2097834,15.76512106,17.2865047,16.87619201,19.6897872,18.81730383,17.78935134,16.66124881,18.05475422,18.15574271,19.13539867,18.53750239,0,0,0,17.56727493,16.45641915,18.04885663,17.82985961,17.82982618,16.88625976,18.61093017,0,18.08890789,17.1226898,23.08275057,23.1830047,0,25.81988595,14.58437484,18.36630432,21.60752919,21.24930157,18.37544656,22.08278244,20.14459135,18.54318921,16.39461576,19.59796655,18.37805773,17.47748862,22.07930383,22.4459212,16.60572921,17.33490336,16.74229398,18.35202154,16.0085843,19.90306099,18.26773258,17.17578817,18.20933106,18.06535171,24.51984173,18.41864668,22.21676972,18.45673132,19.94337257,19.96444474,17.58832051,17.6033171,18.46242791,19.28358675,18.82547874,19.5314888,13.26889945,18.92542951,17.79131353,26.8054822,27.29947208,26.86959057,21.38876162,19.21737177,17.73941027,18.88475814,19.04401731,19.77242555,22.33178572,20.17214022,21.28445784,17.29187216,21.28429154,13.09108277,20.07500517,14.28632589,18.76950949,21.53745044,20.40881905,20.44648324,22.62731056,22.53759387,19.24562311,17.05949466,18.92072436,18.71856807,16.817411,18.26762796,18.43147687,17.42965563,15.66710401,18.07226917,20.4202279,17.32164015,16.92383813,19.12275657,18.563608,22.688664,19.54045404,18.69255771,18.89156416,18.36356852,18.7515801,16.42669484,17.52265055,19.7187639,17.09372772,0,18.92909322,19.22496599,17.23612445,22.20690264,22.20690264,0,17.01863328,17.134956,19.38192354,18.25567587,19.89144188,18.74324218,18.28786197,0,0,22.3845718,19.01174138,18.27711098,20.90815034,19.22608559,20.26646155,18.65440504,0,17.61822307,19.1077972,18.75562051,16.95937135,17.4572909,20.72698109,17.60230127,19.20520118,15.0395739,0,19.52050427,18.47565403,21.7272647,16.93014172,0,18.11997415,0,17.54537912,19.3199505,15.14697655,13.83502689,22.61444857,21.83261631,20.07884722,17.06289124,17.23752079,0,22.00186311,21.68579263,17.23141341,17.03769444,0,16.30014494,19.79728729,19.95389103,17.55422288
TP3L1,12.73741983,20.91143099,17.32407152,20.03887466,20.58316997,19.13382046,19.0313917,15.80204592,17.75633945,19.73125052,16.9908823,16.75373782,19.44746884,0,0,20.97445831,24.27780037,20.71966852,19.86085006,17.06082175,16.34351262,17.30460309,20.40019226,23.5355582,19.21830269,24.32337259,23.67578792,20.46298368,22.53622971,17.86283984,17.18156529,21.80929117,0,20.41606326,17.02987079,25.99602235,17.69169294,17.66195062,0,20.2100457,25.13403901,16.31143605,18.86602619,22.73482482,17.73236576,18.83490306,22.31521203,18.81115841,23.60433319,22.45940619,21.90351838,17.55816312,19.67075216,18.88975517,22.26753807,0,20.53526472,23.28777455,17.29710814,18.06192377,18.09028956,19.16159155,25.64495519,21.68890999,23.15812335,16.31298627,24.321157,19.91360999,0,18.23183272,19.84378566,16.1725701,19.20807965,16.70752066,24.84168634,23.17485845,20.39295798,12.51606294,20.43321147,21.98864757,20.50259042,20.25332941,0,19.01983774,19.4557321,16.72565566,20.84105987,16.30804916,17.86821167,24.01711705,16.25659792,15.75126759,17.19625435,20.98764637,17.32834862,24.59858447,14.89838251,18.0282036,18.69450187,19.85601741,23.91317024,17.46021846,21.18971343,22.35342831,23.32965306,19.64770681,22.99555002,17.21613321,26.44686079,16.50374941,21.23671948,17.1535207,19.26750681,18.28958667,16.85719587,0,20.12901004,16.48291619,18.33907667,21.89013875,17.00646084,18.62946109,16.77757044,19.59090015,17.99933806,19.38740292,15.52993322,18.44108736,19.43982344,18.5196209,17.91254061,0,0,0,17.00311738,16.67709807,17.72782818,19.29463814,18.67785251,17.00163612,17.84211157,0,17.89334105,17.0298456,21.87893871,21.89915004,16.24783313,21.85708012,16.06002146,0,19.66936585,20.68633136,19.78893626,20.67947278,19.02841531,17.4829156,17.61078648,19.27866171,18.09154902,15.34999822,18.15690977,17.43330855,18.19711602,16.72332908,16.23376085,0,19.34080762,20.16209083,17.76664528,16.79259671,17.90204272,18.16649192,22.87147427,18.19656864,19.28031131,18.68760623,19.7838743,19.23541928,15.70323793,17.66389826,17.3832306,17.19580781,19.1763181,18.99113191,13.17780265,19.01036309,14.93307189,25.0191119,25.57478456,25.79246641,21.30414702,17.95190216,17.61897829,19.25124659,18.2997854,18.88821623,21.96052211,19.41413113,20.24616586,17.98434891,19.39021358,15.1002529,19.46153096,0,16.92862258,21.6283664,20.6675638,0,21.65057673,21.65298725,19.92462589,18.17661129,19.61941146,18.92291073,16.89017463,16.71325678,18.02223555,15.67713221,16.23204858,16.70482342,19.27657369,17.87273241,17.27877735,18.35980671,18.40880929,21.21413749,18.69518798,18.19919244,19.24984967,18.18014242,18.50737497,16.15009659,19.73403812,19.78864819,16.01182117,0,18.27103437,18.60736191,15.93471231,22.48891541,22.42940272,0,17.41599487,16.18837918,18.61841028,16.36723993,15.98108688,19.75750355,18.68872212,0,18.02087932,22.53759429,19.04661292,18.69127938,20.44480302,19.21124053,20.25643292,18.73174678,0,17.42143209,18.6992133,18.44049041,17.05055999,17.72524597,20.97262178,17.62237757,19.28270343,14.22580925,0,19.15053908,19.24033101,22.28991876,16.82666697,0,17.88115652,0,16.87915002,18.72721212,15.84691215,14.86111128,21.99495346,21.64642986,20.05818785,17.46021846,16.63781429,0,21.83252677,20.07137344,0,17.02304359,0,16.33158072,18.19020241,19.92434352,17.50796787
TP6L12,13.30830474,19.97288108,16.89805999,18.37235185,21.62195524,18.63270333,19.00108828,16.22290321,18.38505995,20.69435644,19.23582871,0,18.84809033,14.91328824,0,17.92373867,22.64154027,18.33255051,18.96363998,16.01009305,18.80507566,17.69397994,22.08809786,22.68197202,20.47191724,22.85660964,21.13103954,20.23837795,21.28180137,19.61356523,16.86118771,22.3853882,0,20.23991412,16.90058458,28.09635068,16.52272617,18.20113109,0,20.24852938,25.01486006,15.55287182,19.71058858,22.67673065,17.0783338,19.12778278,21.75884843,19.12944193,24.64670286,22.60476928,21.41292905,18.07176928,18.86473669,18.02612173,21.47316367,0,14.74835029,23.80114006,17.92840307,17.92122419,16.6969419,20.04495805,25.57329118,21.84804717,22.40284691,15.44424279,23.7847976,18.65700717,0,18.88775143,20.6156289,17.35300221,19.29732173,17.29818232,24.08923275,23.52005806,20.67482715,15.28480712,21.13825187,22.46650414,20.5459069,19.854472,16.92790332,18.76834749,19.437614,16.08169243,21.07036267,16.61452986,18.05419457,23.11978568,15.86486324,16.84701669,17.9369414,20.21662802,17.81664777,24.97682449,15.66199075,17.63569981,18.57011043,18.67410484,24.85932018,0,21.13428733,21.173039,22.35870019,20.47792746,23.46977086,17.10723751,26.7176089,16.52029389,19.4628158,16.87005066,17.60358504,17.06472392,16.4955896,0,19.09660847,17.6466909,17.94594607,21.10492711,16.73818298,18.00870217,17.25347888,18.26964408,17.78582416,19.12468142,20.57607484,17.20160704,18.06816419,18.42278674,18.02547216,16.28363252,0,0,18.36383059,17.01162873,18.00442408,18.11501484,19.27497907,17.39658469,17.45576265,0,17.45993228,15.65695801,22.35026124,22.47626595,16.05092293,22.9375105,15.89663423,18.16777605,20.80424338,20.25816232,20.41546154,20.13998467,18.73784493,19.33892282,16.50676358,18.65868954,16.41746723,15.36885196,19.43165026,19.47084976,18.73276744,16.10491337,17.50888268,0,16.65482773,20.45072454,18.16061063,15.35080904,17.80167479,18.63921436,20.43770211,18.72503208,18.46628376,18.7360222,19.88111301,18.98747428,16.25159181,18.37146758,17.85644887,18.90095593,18.62664668,18.99997229,13.42345358,20.66781327,16.24536725,26.09923956,26.65637287,26.32326331,22.45019746,18.24978951,15.60345321,18.90800183,18.30807145,18.99458411,20.96045128,18.93990811,19.66390105,16.30045981,20.25227879,15.77115697,19.28795019,14.18412893,22.92305525,20.86516147,19.9029461,0,21.45042897,21.42647834,19.81789729,17.6674007,19.70854827,21.11251979,17.74330548,20.77335646,17.91799181,16.51843164,13.93869568,16.87908201,17.68914108,17.35710729,16.88250511,18.14954105,18.15441763,20.59986505,16.74726492,17.37703033,18.53324777,17.45320285,18.17000043,15.93720248,16.80135706,19.54061788,15.60976561,0,18.04939125,18.14508645,15.4806421,21.57194673,21.58992056,16.16700407,17.83727152,16.12146314,17.75200493,15.30040524,17.22679979,18.33848254,16.64473706,0,0,21.98240104,18.21047659,17.86200179,18.32940052,18.6811908,19.65203764,17.18319798,0,11.03753992,17.9288174,18.03210231,14.92441466,16.47536898,18.87890897,16.5342884,17.48345434,0,0,16.60946813,16.1908222,21.82692221,0,0,0,0,14.65676524,16.32808073,0,13.00044453,21.04377132,19.05154918,17.68193808,13.61862494,0,0,20.68909407,18.240786,0,0,0,17.10662428,18.63041976,20.57827302,16.88865572
TP4L18,13.60513133,22.13003222,17.62350914,19.21366208,21.64184255,20.22217332,20.39612818,16.52399469,17.93663916,20.75915859,18.9908695,16.49644185,16.20112508,21.89581949,0,20.73310173,24.15500129,0,19.84112824,18.39051636,20.0688656,17.72025914,24.57618878,23.72808314,19.11795852,24.25285756,22.9550218,21.05415452,22.46163833,13.40837708,17.77991965,23.28175386,0,22.16924789,17.65819189,28.94402678,19.22705039,18.13008925,0,21.08953227,25.9800288,17.09527399,26.52020213,26.49377534,17.26854555,20.00030541,23.97279479,19.40520606,25.63579625,23.42122858,24.76325399,0,20.73656791,18.42992587,22.8707303,0,21.35908289,25.17267841,17.65370181,18.24190498,17.76028166,19.76751092,26.09761992,25.3792427,24.9203856,17.04736368,25.24681112,21.71151087,0,19.90834617,21.01951218,20.36853119,20.30166036,19.69958919,25.08940275,25.24390321,22.36875242,18.73659792,22.65541163,23.20445831,21.14441614,20.10636171,17.68659762,20.90268052,21.38512084,17.02595392,21.50405933,16.77749512,19.56214984,25.05708026,16.33392957,16.74662968,18.64668129,20.75788648,18.29886219,25.72553847,13.59381427,13.90907849,18.89342914,18.98624185,26.92072147,15.27242349,22.01805517,21.81090915,26.43564981,22.47279589,24.78160299,17.37843363,26.93576226,17.64346296,21.85935321,18.57100512,19.99123668,19.54046295,16.93283278,0,19.79636161,18.72746598,18.1372871,21.64756633,15.52983183,17.64075199,17.10369826,19.72455331,18.32058246,19.99918424,21.26130099,18.35303423,18.60315543,18.59908107,18.63463489,0,18.53235462,0,19.53165155,17.22747889,18.41304536,18.80640998,19.59549121,17.93985091,19.30667576,0,18.21053956,16.70309661,23.16594976,23.27149477,16.45197447,26.38886124,15.2568018,20.37840388,21.47288831,21.46470089,20.3225333,21.32984553,19.9258109,20.59859575,16.55574582,19.83526134,18.72110253,17.31281414,21.64015204,22.27073828,18.77719035,17.10456558,18.40736174,0,20.91949863,20.74991524,18.83607161,17.71357151,18.58677651,18.89387652,21.74117923,19.84130932,19.28152749,19.83306302,21.40563698,19.95944948,17.0489681,18.54291836,19.39064565,19.51735141,19.62594557,20.51670111,18.12686114,21.23261047,0,27.33140847,27.82190257,28.22697475,21.84494291,19.82988783,18.43363952,19.78571551,19.23392167,20.57074418,23.14374418,19.66167734,21.66939262,18.08458574,22.04974262,16.59469442,20.78085212,18.55363274,19.3632727,21.60844716,20.55853035,0,22.28492066,22.26812875,20.64420475,18.38303941,20.07646011,19.56355304,17.69256579,19.50207619,18.91597433,17.01590021,16.63056411,18.31074102,19.97349737,17.36575472,16.74136343,19.39227417,18.03423227,21.93211182,18.46782159,18.64318368,19.37302464,18.17425054,18.87061452,15.91435378,17.77025363,20.23235087,17.13998596,0,18.63687593,18.58749108,18.25963981,23.21920259,23.21920259,16.15831409,18.57336078,17.56959841,19.99109211,16.00676092,17.74423446,20.36667112,17.89460928,0,0,22.64282373,19.36053744,19.00569535,20.27116921,21.07633116,21.82607238,18.82021315,0,17.2457711,16.82128282,17.48752612,14.39616633,16.79077792,19.64130216,18.81462686,18.35147131,14.14487612,0,18.83814272,17.10166427,25.16667657,0,0,0,0,15.43148076,17.6464564,14.74159374,13.97429156,21.69399003,19.56707848,17.65111592,15.27242349,13.5394866,0,22.51483797,20.61942897,0,0,0,18.24609049,19.11463274,21.16055768,18.03975104
TP4L20,13.84947905,21.43803426,16.70790091,18.50695689,21.19888654,19.44801917,19.0037405,15.84102545,17.72130497,20.54902858,19.00209382,14.54639758,19.1021513,14.01956265,0,19.74047839,22.2340089,0,18.63869657,16.59611829,19.27977754,17.39066898,24.00824331,23.0740371,18.50547523,23.17464984,21.36230671,20.73909024,21.93928444,14.81290414,17.01767071,22.56739452,0,21.10287913,17.58524297,26.8524946,17.96506422,17.84483895,0,20.61691566,25.75411975,16.43891937,19.18618438,26.47553194,17.17242751,19.80103523,23.40662785,18.74367125,25.68014784,23.03575998,23.73356788,0,20.03957692,18.29555117,22.72938371,0,13.91476365,24.97316124,17.50972853,18.18162414,15.88989034,19.23583882,25.99221462,23.6271635,24.16519635,16.15496906,24.49713453,20.84346431,18.55960511,19.84501182,21.35682315,19.01518659,20.19475327,18.51523611,24.69082004,24.88004562,21.9124688,18.04311845,22.29195686,23.21878541,20.98035342,18.98438488,17.06488894,18.71186208,19.82476953,16.33362762,20.89144285,16.72813331,18.58067737,24.08289138,15.39326041,16.67568637,18.61387034,20.24132767,18.2350597,24.76825834,15.35560702,13.68882127,18.68451924,18.33123073,25.71796562,0,22.00032856,21.54718804,26.33339197,20.94631927,24.59102166,17.70032808,26.78209921,16.95422007,21.66104782,18.09090203,18.70721026,19.23285491,16.26202497,0,19.61991658,18.83218141,18.0259485,21.10443203,14.70516789,18.82868815,16.88274402,19.24155743,17.12882456,16.9610992,14.97084716,17.84380911,17.61964205,18.34111498,18.31064795,0,0,0,19.00242197,17.41808675,15.62830028,18.80375467,18.43095926,17.84601429,18.67266715,0,17.48729271,15.89176293,23.59603216,23.6992983,16.69011828,25.08422115,13.85282365,19.43174629,21.0160484,20.90181537,20.20284763,21.42981915,18.30456049,19.90143754,15.8956375,19.27700197,17.53719365,16.68525917,21.28436459,21.32738204,18.59298129,16.05903146,16.89946941,0,18.49793473,20.78525663,18.29991073,15.76233334,18.16241531,18.70134351,20.08554774,18.90270859,18.79277492,18.95454132,20.71197191,19.2007697,15.81309681,18.54193749,18.13705718,19.42304567,19.56817861,19.64976078,15.91006108,20.73725843,17.83783251,27.32664258,27.77750519,27.97787903,21.15557456,18.52982979,17.14335923,19.28587641,18.25112608,19.9569352,22.3879368,19.99437991,20.75506541,17.85925571,21.82928566,15.67899009,20.03639456,12.1166204,17.97886789,20.71716638,19.86400807,0,22.26930506,22.19091976,20.60081753,17.05891863,18.91862942,19.11099155,16.2917246,17.22823624,17.98489669,16.28273987,14.77827058,17.69397652,18.50078422,16.4136899,16.22048138,18.51186201,17.05338738,20.94203717,17.40158654,17.44124668,18.50067217,17.72028424,18.03728075,17.59978394,17.1601369,18.98381175,16.16870095,0,17.82552405,18.70047149,17.11754106,21.7470223,21.99049842,16.19448475,17.75528411,16.00630985,18.53135945,17.29042262,18.51563063,18.64782209,17.25780025,0,0,21.18439059,18.54696658,17.08613115,17.54308821,19.06922527,19.91379985,17.68220821,0,14.97363624,16.10622333,16.53359595,13.29477786,15.1582493,18.22434262,16.63042058,17.04925926,8.306013103,0,17.40144413,15.35740378,24.13875459,14.39310499,10.1811796,0,0,14.25113415,16.33603729,12.86918755,0,20.75257416,17.52535501,15.87323336,0,0,0,21.73012563,21.4098821,0,0,0,16.59661698,19.00206199,19.12394745,17.52338492
TP8L6,13.94525656,20.82298236,18.95752887,20.63684369,22.45906013,20.90050044,20.07648082,17.46804969,17.81374706,20.04867042,18.83009487,0,18.03211734,17.2375879,0,0,26.81067962,19.15132077,21.40546811,19.28911349,14.89775805,18.85239783,20.23435373,22.61162623,20.21342878,22.71861669,23.85449534,20.93523991,23.17367908,15.05281247,17.08291312,24.30702211,0,21.08143658,18.08693237,27.22057013,19.37626319,19.99271141,0,21.53619097,25.14306806,21.55080451,22.06372597,26.62333044,18.89527792,19.73420983,21.44824341,19.65709504,25.89381242,23.15772065,24.13033762,0,21.21241165,19.74164639,22.27068056,0,21.62501339,23.59659905,18.93402935,17.9864831,22.05489958,21.35044963,24.11600257,23.39035906,16.5254215,17.33400531,24.28943496,19.85864763,15.21130344,19.13315073,19.14272793,18.10739818,22.31468848,19.96204289,23.87528368,22.67685943,21.0447188,20.88383692,25.27341236,21.59801436,21.60659389,22.84362175,22.90067588,22.36284054,21.59785665,16.97999739,22.09378363,17.91332456,20.12905384,25.4284804,25.25063721,18.14193824,0,20.58309584,18.56144931,24.5183356,15.45289656,18.69264322,18.91313058,20.18133751,25.3059703,19.26639509,22.70124037,21.49978585,26.48812736,22.84810266,23.42698535,17.35199644,27.57730737,17.65809788,24.56936354,18.3598444,20.84363934,18.69128965,15.96741188,0,19.67627563,17.96480118,18.37082597,21.53103332,16.9867888,17.75259105,17.80983595,21.23330342,18.92603244,18.14616327,17.21273923,17.57697607,20.11124441,18.3406787,18.08428337,0,0,0,17.70084409,17.39891559,18.9959401,18.3682396,18.85851914,16.91460332,18.40878792,0,17.95054117,17.022635,20.08559141,20.00890934,16.09287726,22.62480775,16.71342936,20.58063585,21.53893915,21.59928754,20.96883746,20.60569351,18.68519932,14.89775805,19.13333332,20.59495088,19.33473295,16.02215322,19.12487554,17.48210354,19.13318997,15.24241074,19.38292567,0,17.27422906,19.73420983,19.25677002,15.81476168,19.01000995,21.96101503,25.99319941,21.25669652,19.91519466,20.01294638,21.35565704,21.3872089,18.475217,20.04157137,19.65458586,19.54114358,20.61107736,20.41777348,17.41056792,21.16572257,21.46920346,27.46855435,27.94899917,28.36544896,23.51509836,20.72339147,20.20709056,19.43988767,19.39722288,21.20683952,23.53251619,21.37556935,22.24691365,20.41710554,23.12184049,13.41273017,19.03002922,22.27851392,19.97401733,22.40082967,21.81315973,0,21.45999636,22.22604896,20.24662555,20.01260698,22.22858556,20.92763041,19.10867059,19.26566615,12.04962403,18.63558954,18.93934774,19.14592565,20.99369962,19.87418415,19.96321118,19.73914023,20.6900139,22.95161941,19.75068826,20.20281304,21.60339834,19.72508749,17.92134172,17.57616228,20.44483415,23.19505922,18.66351023,0,20.91324581,20.98996024,19.15525882,25.29970641,25.29970641,19.0508024,19.7669956,19.61539266,22.72191504,21.34221759,18.93755297,23.17760304,23.34957481,0,0,26.52951754,21.31738998,22.50128854,20.79818383,22.39799529,0,20.75888866,0,22.81519133,21.93884228,21.54872807,18.69997671,21.28737815,23.53354005,21.60612687,22.82532332,16.55135403,0,22.3167945,21.3440914,25.90921461,20.51002696,17.61094766,0,20.5909725,17.64283476,22.1184942,20.03724506,20.13284914,24.03567584,23.81832142,22.33575729,19.99223169,20.5099805,19.37981711,26.08437139,24.02349501,23.8640707,19.11190542,21.65301468,18.05622686,18.6642836,20.72106897,20.49336107
TP8L17,14.44266315,21.73666969,19.65504649,21.06708262,23.29233043,22.07984166,20.96793759,17.71440815,18.51679405,21.08186794,19.10340924,0,17.71373158,21.23326499,0,0,26.9649434,20.06068546,22.28142066,20.58721171,17.04170023,18.91056989,21.91072224,22.5387493,20.59244123,22.91769958,24.51714275,20.98441844,25.03678532,21.45236597,17.49015039,24.72362224,0,22.68507532,19.27998626,29.20880452,20.54602754,20.01453392,0,22.82608863,26.90550366,21.76398423,27.09374291,26.94804868,19.83556072,20.49326208,22.3132652,19.40535306,26.23810431,24.77233653,24.8512942,0,22.28123302,20.46473694,23.55166962,0,22.62609678,24.90538596,19.2892294,19.40865092,22.77710572,21.78892557,25.43577797,24.13788903,23.62348765,18.20509749,25.4824972,20.99580952,0,19.85120722,20.46542499,19.12518342,22.58087328,21.39605898,23.9427421,24.8614451,22.03895278,20.87420796,17.68679266,22.63494986,23.5533715,22.73787203,21.55495246,22.69716623,22.32506169,18.71395362,22.70527481,18.73385279,21.17867632,25.66510463,25.40542448,17.84509513,0,21.12350545,0,24.16509248,16.45047584,18.58316463,20.27254577,20.48756651,26.45646388,19.4327542,23.09110967,22.32565698,26.95226419,23.45755158,24.85677886,20.85873264,27.67474507,19.05007591,26.98126108,15.99713459,21.18465103,18.80654787,15.54608627,0,20.28415536,18.67965569,18.71488188,21.99735324,16.31311215,17.38898425,17.87697729,18.88002935,18.92182932,18.23766912,17.12994041,20.83314255,20.98804072,18.62086142,18.42397723,0,0,0,18.38302672,18.88811961,19.55434309,19.12901772,20.47658752,16.20816568,18.28657365,0,17.59364658,16.34403911,21.5816248,21.55832297,15.84714341,23.43708475,20.14419551,12.8940273,20.4115324,23.042644,21.20213797,22.57214784,19.68325491,17.15487961,18.42692792,21.34578934,20.56045089,15.84791255,17.15605186,18.15509417,19.28063217,16.30659221,20.17857532,0,19.40537239,20.98547147,20.2062513,16.73344878,19.96179895,21.97880767,26.15506967,21.85230462,20.97948713,20.91418291,22.18595339,21.66350127,17.99995905,18.79955042,19.00134703,19.81842029,20.87587831,21.54982013,19.71549308,21.7621933,0,27.83314739,28.28101532,28.61538713,23.58385901,21.22244634,19.87098385,20.25061303,19.46627953,21.41842263,24.70337939,20.70143084,23.11544463,21.97796026,22.86122055,17.43420265,21.25877629,22.80450034,20.46463282,23.1241757,22.3733269,20.29297657,22.20736501,22.8057662,22.24794837,20.88418043,22.85413424,21.73150466,19.83652527,21.14762528,14.35382212,18.58251005,18.77480819,19.61653813,21.45172218,20.16452826,20.17541166,21.07613925,21.19532221,23.84420374,19.94872613,20.72696688,21.83665478,20.10885165,21.12387318,17.68837436,21.42825793,23.42505993,22.25454017,0,21.3686045,21.13169782,20.74817505,25.72813815,25.68978748,20.71594092,20.15417377,20.57194258,23.22255327,19.7729836,23.19381566,23.73012937,23.10654937,0,20.2434386,26.12868529,21.29236401,22.42750759,21.42562616,23.09439243,0,20.91570024,0,22.16918944,22.48859415,20.7708682,18.96935787,21.4029616,23.52597945,22.78371586,22.77924891,18.80081605,0,22.42803099,21.13186924,26.56145787,20.28638744,16.44104148,0,20.51674639,18.01244582,22.08199106,20.01495981,19.67547835,24.76222378,23.51519954,22.09769084,20.52302071,19.9497198,18.36940961,26.80114409,24.10612181,20.31441259,21.32977988,0,18.48619496,19.5326156,21.55283964,21.11285519
TP6L13,14.88869967,19.67861891,16.61388805,16.41067057,21.01171391,19.263825,18.83410608,15.901771,17.49914313,19.71962247,18.29380007,0,18.79147591,13.96515385,0,0,21.6072705,0,17.42163885,18.03205454,18.97121145,16.95690864,22.32601262,22.47090611,19.27373431,22.74717599,19.36290107,19.59489816,20.85232708,19.93943094,16.33852522,22.07692035,0,19.89006661,16.35608983,26.72010248,15.81752181,17.88164754,0,20.18600641,24.39836421,14.56472479,19.41800081,22.98522141,16.403814,18.73452771,21.55743921,18.84554206,25.00438726,22.21857456,22.44239305,18.74580193,19.29034045,17.33867886,21.09739564,0,13.98137331,23.18890299,17.38921928,18.37524029,16.3395336,19.35236836,24.85557277,21.26821264,21.58950173,14.93983187,22.84023019,18.39771007,16.67228239,18.72801472,19.55840438,16.76191967,19.38912041,19.0263123,23.01642985,23.23621657,20.20779968,14.11299493,17.56543287,21.67902056,20.00288687,19.05203871,16.59746041,20.04687701,18.53261194,15.73017665,20.59757413,16.14979048,18.37323506,23.22055844,15.53087159,16.30318232,16.70434635,19.83217936,16.62363671,24.31825455,14.57896132,16.06133946,16.65453357,16.76431281,26.01922282,0,20.62906275,20.10179405,22.6305169,22.00505282,22.85951893,16.7221352,26.74462157,15.97466158,19.56499636,16.90543693,15.91570296,14.33283684,16.07303843,0,18.91604011,0,17.51445434,20.16077835,18.25809754,16.95737415,16.0614436,17.15920058,17.19093345,16.10435304,19.85080529,17.4983779,17.22730457,18.701087,17.70197362,16.20588646,0,0,16.20846856,16.45660958,17.49760426,18.38311633,17.63519332,16.60073488,16.95996219,0,16.60706072,14.50852928,20.95269871,21.06793425,15.26101645,23.2104507,12.92455868,18.7026287,19.91824698,20.22913048,20.32831242,19.63311797,18.44762232,19.45839426,16.79173567,18.5396702,16.9061198,14.40775482,17.77462563,19.13942363,18.65701394,16.03104167,17.15714506,0,16.48729568,19.87301069,17.59038518,13.53841697,17.48978473,18.32461056,17.19235793,19.44214784,17.93732615,18.2725468,20.08317544,19.10936728,17.4493544,18.18999572,16.99697712,19.46245377,19.00870534,18.94635338,14.89400067,20.47932922,17.66142445,26.51670587,27.03601523,27.91162973,21.64156206,18.11589015,16.90656478,18.36917612,18.11743911,19.44011144,21.72231624,19.3635006,20.11323981,16.98371732,20.87697947,15.30800764,19.02988301,16.21575969,23.06031951,20.59639492,19.54923143,0,20.90636437,20.96048889,19.30676447,17.16756304,19.14557875,18.47731133,16.57611637,18.33724188,17.12115951,15.99850798,13.9996416,15.52148182,16.75038379,16.55795138,16.01080202,17.97662513,16.91670675,19.71156018,16.93109069,17.21855816,17.83990301,16.63567237,15.05277672,15.345505,18.29064031,19.0828926,17.96363056,0,18.36024377,17.40274777,16.56887932,21.65737808,21.65737808,17.47792523,17.35363046,16.38634466,17.65089981,14.88079749,17.75114778,17.78526677,16.42184581,0,0,21.11398697,18.24433616,18.39738598,17.92326399,19.73299553,20.47006805,17.52515281,0,14.48166769,16.48112893,16.49422771,0,14.31971181,17.312454,16.48763351,16.73590629,12.77601697,0,16.19512863,16.02779151,22.85780087,0,0,0,0,0,15.09379749,15.10245988,0,19.80292354,18.19209022,16.2789201,0,0,0,20.6042126,18.26820204,0,0,0,16.82588021,18.05759841,19.70595736,16.26189225
TP3L2,15.36938248,21.40027656,16.40054908,18.9889757,21.04675308,18.20051776,18.52748794,15.3914493,17.96058305,17.96788968,17.18574123,0,18.43726579,14.15476567,0,17.65967265,22.33149019,18.7549313,19.26662163,18.01538099,13.84693337,16.87448018,21.57340621,22.76286909,18.37737772,23.85813606,22.57720862,19.42005486,20.92380407,18.34563669,17.12231763,22.49348,0,19.8039642,16.06994239,26.10940927,16.64303041,16.2289451,0,19.77116639,24.43409446,16.42001504,18.5519566,21.80713668,16.48738472,18.27945642,21.47715987,17.87604283,23.22767938,21.74411306,22.20261674,0,20.02000086,17.73333101,21.57567068,0,20.24643131,23.85627175,17.19875831,18.30864894,16.80929608,19.72979132,25.56397742,18.42712729,22.52851563,15.72433376,23.98267898,18.13699962,0,17.63989617,19.44880167,15.9014524,19.02935116,17.73279288,24.31648578,23.33849129,20.44253104,0,19.96945161,21.45311013,19.6407984,19.11861002,0,17.88340617,19.52024747,16.22349996,20.28402235,18.4367073,17.61585653,23.15031607,0,15.44777039,0,20.84823933,17.66034663,23.72894264,13.91686969,17.33524303,17.61839267,19.45027711,23.66295369,14.67609522,21.41255398,20.96451548,21.98919767,19.63177871,23.5121346,18.23988667,26.37098528,16.45806474,22.28221743,17.70203687,17.99562915,18.80345509,13.61766335,0,20.24058181,17.27343068,17.78707483,21.66623614,16.06534109,17.03879564,15.79751556,19.23592683,17.97745853,19.35359877,19.67910292,18.42243622,19.08116655,18.23430289,17.42691721,0,0,0,18.09688167,16.45788838,14.76345686,18.44429818,17.426687,17.10127224,17.06963832,0,17.90092212,15.57931354,22.84871775,22.98177509,17.92024179,22.7144618,15.91539103,0,20.56664259,20.3104929,19.04737855,20.35107245,17.08376852,15.06786309,16.90181971,18.37364563,17.19988318,15.38044402,18.16645736,19.71390987,18.81962282,18.32574431,16.95383871,0,14.63630534,19.49971025,16.43113192,15.21483314,18.53999679,18.55850241,17.64951214,18.01247095,18.41960653,17.53869331,18.06776367,18.78530217,15.57868202,17.42192834,16.60520866,18.80434281,19.82172225,18.10972719,0,20.25661615,14.78757096,24.68957192,25.24289706,25.9132031,21.09160728,16.49989817,15.05355451,17.27813298,19.35490345,18.9918675,21.53088509,19.90295819,19.07577986,15.58105984,19.43942886,14.77265079,18.81183751,17.71652362,16.57496474,20.28549088,19.28973823,18.5812679,20.36997428,20.39387177,18.73697131,16.20396191,18.30602546,18.07017514,15.57238971,18.07017514,17.06911049,16.93420491,13.61080551,0,17.05482527,16.82437013,16.34164697,16.78151604,17.87258315,20.0860413,15.55530475,15.88819428,18.24896443,17.03930173,16.6534671,15.1143604,18.55378807,19.21691094,15.7251954,0,17.76949808,19.02232732,20.38945488,21.88015911,21.88015911,0,17.40128177,19.30792355,21.71067287,16.88525772,14.62421559,18.96843389,17.52994544,0,0,21.55044998,17.18776944,19.56553191,19.0917866,19.24366952,20.22516809,16.9860163,0,12.73794931,17.09721741,0,16.14240346,16.43670665,19.21084293,16.85607307,17.98574014,12.84710723,0,18.12994162,16.69998554,22.61630495,0,0,0,0,13.29169134,15.88278695,15.17018401,13.68901573,21.23945177,20.32938338,18.46411659,14.67609522,13.57636966,0,21.97620412,21.23662257,0,0,0,16.31120947,18.48384577,20.6904082,16.42700499
TP6L20,15.39692172,20.15310619,16.94420307,18.54705593,20.3708159,18.77628141,18.90640614,16.28595592,18.41061487,21.76230436,18.68833763,16.96732119,19.95238065,15.42080557,0,18.18657299,23.3701597,19.81388151,18.78762394,16.44270351,19.1458231,17.8145645,22.38387558,22.54460105,20.30784319,23.03507973,21.2235421,20.50321409,21.38447838,19.99239029,17.03823867,21.39461462,0,20.53235789,17.34883855,26.78223819,17.01625526,18.72173482,0,20.86812276,25.34020196,16.63234076,19.8950205,26.06438877,16.84241862,19.72135657,22.67237151,19.12280913,25.35082281,22.8089744,21.9430118,18.3275211,19.06305461,20.06075492,21.82545735,0,14.58508602,23.92866406,18.09565447,18.06493318,17.55596902,19.8617571,25.69661194,22.55207231,22.69461494,16.42595368,24.07151465,19.95363523,0,19.28307128,21.02644322,17.82295117,19.85080652,17.66132391,24.32411981,23.87322676,21.06509482,15.81251251,16.98768592,22.72677641,20.602087,20.26871337,0,19.2836059,19.08130899,15.73374942,21.31686111,16.6358185,18.34505506,23.18646854,16.93524319,17.14446022,18.05305978,20.13388365,17.77066869,25.1488382,15.49121088,17.78544422,18.88315216,17.78790875,25.49707335,0,20.97132753,22.02506037,25.92469903,20.99696436,23.65347007,17.96713621,26.84341278,16.44997063,20.82004571,17.2284781,18.05551491,16.1611122,17.47896552,0,19.29450722,18.1832382,17.91463421,21.01319961,15.67509943,18.20271213,17.47733733,18.4361276,16.86677729,19.03137419,15.73269613,17.4277476,17.67421089,18.97394853,18.33122528,0,0,0,16.63875035,16.13175313,18.1947125,18.4099919,19.24748565,17.015508,18.09237598,0,17.33241202,16.4783263,22.47469095,22.59280739,16.6217393,23.53916909,16.20625634,18.5563741,20.25841661,20.19436782,20.33876672,20.36015746,19.08869499,19.62687993,17.83320449,18.98473287,16.71781223,15.68112225,19.88134817,19.90757737,18.99184051,17.34261387,18.03329035,0,17.49629858,19.72135657,18.3077226,16.1044155,18.34103224,18.8209533,21.05533076,19.56726737,18.10701579,18.17670674,19.0336112,19.23767482,16.51233255,18.35888296,17.63829083,18.85777268,19.33228421,19.28428092,16.17143428,19.22850097,17.91623628,26.86145137,27.38031093,27.95262687,21.57778013,19.16529246,18.17499728,19.36052661,18.64817558,19.76636782,21.14833392,19.43965754,19.88037122,17.11223614,21.03934351,15.48033832,19.38456261,0,17.19058024,20.9882807,19.85713112,0,21.64130209,21.81547009,20.16238414,18.28253451,19.82789568,21.51522661,18.15120927,21.15392522,17.89819826,21.14747663,14.50694003,17.54044023,18.38144564,17.66513933,17.13772467,18.16733129,18.33664167,21.05764741,17.15059336,17.64928129,18.86399052,17.83245123,15.46993699,17.20404284,17.67535633,19.5345411,16.05806649,0,17.87943368,18.92505898,16.49167735,21.51315295,21.55133694,0,18.16328936,16.46229022,17.69293993,17.09337784,17.74815619,19.12138013,16.86389378,0,0,22.77396817,18.89286965,18.31809212,18.4957047,18.81406576,19.81447343,19.0675522,0,13.16683667,18.73409079,18.26013617,15.62452621,16.83543801,19.3639062,17.02475317,18.2184789,11.59482957,0,17.04208462,16.73548891,22.35737057,0,0,14.91694049,0,14.49733845,16.17346945,13.37199162,14.25685809,21.57849767,19.41480659,16.2524897,13.87191523,13.87026648,0,20.93518741,18.84288599,0,0,0,17.86708687,18.86125568,19.3029577,17.10748915
TP6L6,15.71409697,21.08051051,18.00573902,19.51779135,22.30206261,20.06940134,19.74888297,16.02295589,18.20384591,20.82374621,18.82529164,0,19.40592209,0,17.66271994,16.90077979,24.48623663,0,20.31428831,18.01570418,16.41381802,17.86495088,21.54168137,21.67697327,20.35149825,24.86481768,21.61110377,20.63498472,22.00550201,21.24159053,16.83037855,24.01414182,0,21.37554248,17.45364088,28.63250898,18.49823665,18.46271963,0,21.10880794,25.08087128,17.27272669,19.4953915,26.35361591,17.61511005,19.54904761,22.33370012,18.11569581,25.66254834,23.35490944,24.28860997,20.63194736,20.09741093,19.32366171,21.92247194,0,14.83483367,24.10457295,17.53809049,18.60169463,18.64618217,20.64911408,25.74847661,21.45848781,22.45482096,16.68132778,24.3290399,18.66869462,0,19.81129602,21.18038637,16.53765423,21.31960172,21.37370461,24.44628449,23.85183256,21.08297254,18.3872904,17.52656801,22.76019823,20.19849845,20.50161431,0,20.33068179,20.7807405,17.45606497,21.61336173,16.22276224,19.66506857,24.81963349,15.13606991,17.32704633,18.4085853,20.82596462,17.92867562,24.92106149,9.824988743,15.37868732,19.38878219,19.66914988,25.20766212,13.88551414,22.48208425,21.55274322,26.24184985,23.04869683,23.59649345,17.7477987,27.23237629,16.85584427,23.11703209,17.47528225,20.60330403,17.92602645,15.83639615,0,19.59184994,17.60977345,18.21098133,21.7206311,16.57585169,18.93137911,17.04541226,19.61094033,18.49308925,17.58378795,16.76782236,17.94772563,18.41009208,18.43715084,18.6779235,0,0,0,17.16945704,17.39762753,18.55565419,18.89158973,19.4860312,17.76567501,17.7579586,0,16.42728555,16.16459997,21.43943865,21.55375365,16.94978709,23.00759638,13.48112403,19.03794003,19.25233238,21.35158881,19.98544834,20.30307439,20.59225783,17.43534362,17.88202911,19.78270986,17.89257134,15.70631016,19.08700839,19.13969409,18.76348635,15.8988079,18.65653877,0,16.70201079,20.81985207,18.57861846,16.4698632,19.07325824,21.77577039,18.97836972,20.60876246,19.07579768,19.05799701,19.92552691,20.68145728,18.52221159,19.51250506,19.68716454,19.13112115,20.47395016,20.15788506,15.72169184,22.06435075,18.26590476,27.17889499,27.67299862,27.99010803,23.42890349,19.40577676,18.25812953,19.77880441,18.17245817,20.49355708,23.13492288,19.892242,20.84426558,17.11718232,21.0263751,16.77724585,19.82008807,20.0907943,18.79556194,22.27851528,21.30064344,0,21.853975,22.00738063,20.23501534,19.13034484,21.3468697,21.21934183,18.31717235,17.16999417,15.24276309,17.61532789,15.83809352,18.92671087,19.16609744,19.12276819,18.72868468,19.34462287,19.89928383,21.7243538,18.1091743,19.17653611,20.32229064,18.66690317,16.6117646,18.67253718,19.29586511,21.99146681,17.59538764,0,18.90579832,19.32710618,18.15648506,23.87048798,23.84230154,19.44846868,18.95533109,18.59459033,21.26437936,19.14811267,19.94739272,20.68597823,20.38620286,0,0,23.01275897,18.52945358,20.51566423,18.68970749,21.66657218,22.5498651,18.49421583,0,19.73738911,18.06751455,18.28591766,17.11127152,18.51362633,20.46898924,18.69303918,20.56250461,16.04032984,0,18.87218548,17.19047096,24.69384416,0,0,17.0139859,0,0,18.48628873,16.82988885,0,22.11426472,19.25137579,17.39282506,15.50359651,14.40814182,0,23.31020806,20.66222863,0,0,0,17.50125341,19.26826128,20.2917509,19.37477505
TP3L14,16.07072948,20.38384813,17.29315217,20.20986224,22.0812112,18.97941866,19.39473855,16.25025138,17.82300164,19.05413442,18.60998871,0,18.49647905,0,0,19.36822303,24.67288448,0,20.68056737,19.17908601,14.06984932,17.46349341,19.15225052,23.46629336,20.02925808,24.68090674,23.87263952,20.67375816,22.55079753,19.07233744,16.95620107,23.8537084,0,20.92351008,16.87250264,26.3275989,18.84774894,18.51337036,0,20.67517987,25.77011106,17.24359505,20.03014982,22.37708,18.07056944,19.47195696,21.65357713,19.0882456,25.36973634,22.81627428,24.33193829,19.28319748,19.79759219,19.37654673,22.53387326,0,21.51502332,22.29051533,17.23382637,16.89863388,18.30184721,20.10999044,25.6014803,17.2776769,22.82390035,15.81052927,24.25737049,18.38712311,0,18.95377431,20.53792001,16.23931796,20.12061602,17.96826962,24.51532631,23.30500277,20.48959169,0,16.79769952,22.01813174,21.14394456,20.50293477,19.37028221,19.39118493,19.98861898,16.34175823,21.06922463,16.70632102,18.30171857,24.50198814,16.0579875,15.64059423,17.42346649,20.86139574,17.55717319,24.74145797,15.09252119,18.23102949,18.75097714,18.95130235,24.76663312,17.26931991,21.1626724,21.74795692,22.02700165,21.33086221,22.6953667,18.80860192,26.8674,17.22900696,22.24337915,18.11867886,19.63647352,17.79006513,16.5544569,0,20.42598801,16.41316019,18.61822387,21.75605868,17.07692137,17.24545304,16.92583458,19.89744444,17.90254339,18.91812856,16.20949888,18.78449719,17.45081152,18.06392693,18.0864236,0,0,0,17.05279793,17.42714065,17.94416808,19.53646294,18.79632982,17.59517065,18.16774154,0,16.6769048,16.18782176,20.25105398,20.34034975,15.34566941,19.59692675,17.12425007,0,19.28997577,21.09999399,19.82870217,20.77189092,19.38800401,15.9742781,16.17685093,19.20988599,18.07943791,15.56998837,18.49625218,16.24946833,18.23378582,16.31257392,17.3648763,0,19.74618234,20.82319174,17.88049802,16.23022932,18.31019118,21.54612979,23.2430614,19.20395018,18.32327231,18.54682288,19.13203526,19.81692566,17.01042488,18.95519475,17.56212019,18.64013544,20.28936864,18.92547378,0,21.52503596,18.10263442,26.92596815,27.40889736,27.54602388,22.92733646,19.10271741,17.80215374,19.47278398,18.53629492,19.57953383,22.12723944,19.92110293,20.73878828,18.97583546,21.41033728,16.76561937,20.02243811,0,18.86710389,21.66767978,20.61212642,0,22.10630095,22.07400404,20.42695507,17.69187261,19.75249715,19.08481074,18.27153205,17.31531765,18.06172211,16.58645449,17.0698136,16.92933614,19.20085153,18.03379695,17.59336246,18.48468862,17.89059679,21.31883681,18.11922673,18.18434651,19.83120175,18.22935402,18.41817679,16.54763226,18.64497998,20.43869407,16.88087594,0,17.78307828,17.69618771,17.3790341,23.05370437,23.05370437,18.70596894,17.97411131,17.31872104,19.95291908,17.20209643,18.41913723,19.70350439,18.23891653,0,0,22.86674062,19.49125424,19.49713489,20.60833665,20.34892657,21.38298322,19.68792926,0,18.80301767,19.51245673,18.22468507,17.82621401,18.3136525,21.20786946,18.26730446,19.48255764,14.7387468,0,19.54170274,18.40571072,24.73498293,17.4211548,0,18.28632506,0,16.09460903,18.74710505,16.70360967,15.04398856,22.17927713,22.08612253,20.27510341,17.26931991,17.01200384,0,23.44576223,22.66438825,0,0,0,17.08718787,18.23641021,19.77540701,17.68755073
TP4L5,17.17123936,21.5349249,17.58394871,19.36118452,21.50604457,20.19191811,20.43979308,16.11993102,18.39764512,20.47729581,19.15093297,0,19.21221834,0,0,20.22206048,23.90136226,19.67980852,19.86906758,17.06066949,18.64219382,17.6240209,23.41029902,23.68105776,19.34551005,24.06057359,22.56671618,20.80268139,22.75324772,20.03452121,17.627293,22.96339519,17.74419502,21.41837111,17.64529712,28.52475823,18.28660724,20.98494339,0,21.11027847,26.03933973,17.91674907,26.89799532,26.9759386,17.04879088,20.1071366,23.1164271,19.30509681,26.13531849,23.39156973,24.05424892,0,20.49152157,18.44297369,22.94480089,0,19.04042762,24.28922727,17.81356146,18.49460168,17.68741722,19.85631363,25.89103082,23.23100767,23.97622728,16.22191791,24.70216516,20.21210125,0,19.67742423,20.94934922,17.77963857,19.94796573,18.68610963,24.7324096,24.54347852,21.75659201,17.35110978,23.38403969,23.04092321,21.45162176,19.75369654,0,21.13911505,20.41070011,16.98814899,21.44546503,16.66971297,19.35637255,24.90487733,16.63215596,17.20772925,17.9536312,20.85976392,17.92297422,25.18193407,0,14.91064754,19.8263148,19.05029304,26.9776267,0,22.7438613,21.86667374,27.01316464,22.17242981,23.99210675,17.10263662,26.87778003,17.55168184,21.59843376,18.56188969,19.98144356,18.85619201,17.27653254,0,19.78015071,18.34341799,18.36872559,21.74653341,16.77556944,17.96632387,17.04852248,19.55986689,17.19475764,19.54996278,15.41149086,18.44515797,17.65310063,18.5740428,18.65271437,0,18.69547977,0,16.93602171,17.53480509,14.9944687,19.08965296,18.96261633,17.40923753,18.74298552,0,17.52774807,16.2513176,22.59372462,22.67142489,16.5931774,24.70461472,17.24083542,19.34534384,21.1406835,21.56529055,20.62598754,21.38071376,19.41571724,19.28789209,17.78709766,19.86329481,18.57848505,15.64931805,18.51939397,20.49662863,19.04098166,17.47468007,18.95177363,0,18.83308344,21.15397253,18.94627292,16.12600777,18.83979191,18.59973945,18.41190401,20.1048859,19.85506768,20.12162837,21.71996697,19.84874253,16.55524876,18.43992168,18.5450335,20.5562304,19.93765979,20.27690779,16.79203134,20.88191908,0,27.81734356,28.32019199,28.47861694,21.4119175,19.73298579,18.40139693,19.49090057,19.35306863,21.6051263,23.15225616,20.24966555,21.32525306,18.69615252,22.64754741,15.82570087,20.39991104,17.84757373,18.53703674,21.59048143,20.49658031,0,22.44048725,22.38522063,20.77635201,18.43456355,19.77315381,19.60475453,16.77225234,18.04997082,18.59463311,16.9666546,16.5423238,18.82760029,19.36623439,17.41656857,16.77741285,19.30722515,20.8119128,21.58738477,18.22150883,18.33873847,19.33664513,18.24759291,18.98758327,15.85750745,19.21224805,19.91976584,16.79055086,0,18.47392806,19.1434009,18.07952532,22.86801647,22.86801647,15.93511924,18.44693692,17.35082509,19.88064092,17.25238093,19.07031244,17.68493036,18.59459135,0,0,22.17710551,19.61271387,18.9109165,20.25749265,21.09467941,21.81598454,19.14994336,0,16.86501783,18.10081229,18.53706878,14.26373339,16.33879513,19.24186298,16.19075534,17.88536244,13.66173854,0,18.50300515,16.68900341,24.46216364,0,0,0,0,14.79948381,17.09928721,14.44127855,13.74393559,21.43593045,19.94195479,18.01983355,13.48062952,0,0,22.16682147,18.58428087,0,0,0,17.03713451,19.14584048,21.08738362,17.93170405
TP8L1,20.61092908,20.70507542,18.37291998,20.60911655,22.864899,19.91607639,20.4633517,16.82111067,18.47788771,20.42364817,17.40812109,0,16.78902487,22.3382171,19.87710078,20.0797849,25.98380308,0,20.8627525,19.53085937,17.65649894,18.43918988,21.78283206,22.38313529,21.73018149,24.40716928,24.86645531,20.55722021,23.12008274,21.34941173,16.97864544,23.71296442,0,21.65517133,17.5649815,28.03425167,19.64907424,19.29424443,0,20.9535873,26.08972183,19.915559,20.46678148,23.40896305,19.30418817,19.14450107,21.37433886,19.42871098,24.01187737,23.06867665,25.96263107,0,20.18947066,18.9753967,22.44205171,0,22.81353013,23.40181957,18.49811765,17.03028903,20.03852814,20.52599304,25.72238646,23.79916166,23.66376362,17.42162095,25.40942484,22.08740176,0,19.33080001,19.94011529,18.34060443,20.85387214,20.18743851,23.88066301,24.37208476,21.67064956,17.53411357,22.13793146,22.17795064,22.01470423,20.60295789,20.60432108,21.07611746,21.91124515,16.61138941,21.78464534,16.91091202,19.17723183,24.02562191,0,17.62768607,0,20.78148583,0,23.93003829,16.21772125,18.92403679,19.00683832,19.97307459,24.33889762,17.3141381,21.54272267,21.27241089,22.31644865,20.13734199,23.45724424,18.76779724,27.14198831,18.10872924,23.5196651,18.29279446,18.85031985,18.91858967,16.34875505,0,19.44460018,18.24641803,18.73528958,21.72926793,16.84039528,16.57507137,17.83058191,18.20890494,17.47416937,18.99832925,17.50273992,18.93862863,21.40668712,18.76616101,18.43277304,0,18.29994237,0,17.59207554,18.09801675,18.72440275,18.88336497,20.36414758,15.88043043,17.40542251,0,16.74462657,15.54106567,22.24470063,22.36188096,16.07403877,23.3556163,18.25403954,0,19.71670051,21.44248139,20.54293086,20.94437595,18.91221598,17.71511686,18.65235945,20.42661632,17.90981289,15.39284042,19.52142358,19.79778705,18.53495431,16.24975203,17.24863565,0,19.45235377,19.14450107,19.63834969,15.29007069,18.87951183,18.05003463,25.17225911,19.81355869,20.26042985,18.76065324,19.48067977,20.48099383,16.35218729,18.11303884,17.86704485,19.47697976,20.56621762,20.0333682,16.61020502,20.82242055,19.14551718,25.48309621,26.07063438,26.95621919,23.5105982,19.35633359,18.7742206,18.85765151,18.1586229,20.14094635,22.91961749,19.58300245,20.99221994,21.97442606,20.45225293,16.16849465,20.20278076,18.00138969,19.1319761,22.14813302,21.14621112,0,20.80942823,21.55891461,19.77744455,19.8396653,21.17800152,21.78524353,19.61566379,21.510264,13.8971167,18.21533566,16.90382844,14.41356061,20.14411827,18.96564835,18.37224583,19.83372502,20.16150432,22.18477551,20.99840351,18.88377221,20.15655921,19.06676749,19.70907503,17.99698439,18.74537772,20.99666332,17.93692786,19.60667544,19.09700727,20.34495901,18.62272648,22.96571542,22.96571542,0,18.88171606,19.40863794,21.84234818,18.77920986,18.92129232,21.20828567,18.59682228,0,19.02562629,23.06415533,19.76527441,18.45637025,20.49998427,21.2586274,0,19.77081684,0,18.24059806,20.03313894,18.86523265,17.85819363,19.6932705,22.03669442,18.55924905,21.24281443,16.93045488,0,20.9101315,20.43197191,26.47632302,18.14390071,14.60804595,0,0,19.05390492,20.63120492,17.54079366,17.16204684,24.9571486,23.74921084,22.05319144,17.3141381,19.39273641,0,25.05654246,22.55102228,20.46730599,18.67460953,18.28294077,18.13466215,18.7293134,19.20300567,17.72271946
TP8L11,21.94583036,20.87287917,18.27833505,21.24746571,22.77856637,20.87339869,20.3286157,17.3181693,18.52964498,21.46763922,17.46869318,0,17.41029648,21.27925899,0,0,26.13057931,0,20.90266541,19.64011428,17.177924,19.03411401,21.48096904,22.25908229,21.33797933,24.98841442,22.59990945,20.43674035,24.56260694,21.5538682,16.54040228,23.23708393,0,21.60525148,17.88589297,27.09597543,20.05574806,19.56321702,0,21.76597418,26.6829008,20.64930404,21.04581431,23.68765899,19.25020111,17.48740844,21.96063641,19.61348394,23.04835163,23.30715581,26.07472301,0,20.5938342,19.82051222,22.78421276,0,21.34296907,22.85395307,18.72276126,17.03796119,19.65092904,21.67653095,25.86816331,23.40265789,24.34971471,17.99227543,26.0081873,21.44055247,0,19.96928042,20.5741916,18.62013371,21.80121127,20.6711809,24.1520959,24.6686856,22.0978661,19.08398702,23.32843988,22.59543316,22.56583419,20.98297852,22.66904798,20.60847371,22.06226866,18.20728964,21.6997713,17.6705885,19.69559682,24.13124609,0,18.39593721,0,21.99265869,18.92915577,26.34605062,16.42791066,18.78038308,19.67706722,20.3330553,23.95165182,17.08104671,21.29750971,21.30870074,22.84466746,21.06622111,23.12116544,16.28287794,27.2301143,18.40823357,23.48678989,19.0034639,19.45657078,18.08193493,17.44289519,0,19.93938288,18.16568613,18.45194571,22.41815523,17.66948112,17.83058995,17.89315871,18.78551015,17.65933076,18.89677975,17.91485007,18.88938954,19.20423825,18.98228325,17.8663318,0,19.10361331,0,17.37981225,18.1402353,18.64754577,18.55697407,20.08648239,16.2644173,17.36311493,0,17.8508492,17.31854007,21.56101279,21.62905796,16.00021849,22.785824,19.07436835,0,19.90281879,22.30507197,20.76408868,20.98258507,19.10950193,17.40862421,18.25830539,20.51888982,18.65097736,14.90962894,18.89412887,20.74050781,19.31313094,15.99347361,17.70876633,0,19.55205989,17.48740844,19.82716379,15.20835312,19.30901333,18.28719901,25.30916788,19.44416185,21.34564425,20.11443773,21.34403578,21.41625205,16.97124711,18.46827112,18.4317009,19.86238763,21.48765384,20.15055511,14.55633194,20.30180737,15.76698974,24.59708465,22.02319394,26.05771979,24.17165477,17.9302102,18.92102009,18.77575233,17.90405699,19.78376726,23.50668398,19.87204475,21.1120934,22.4756877,19.36515241,16.90517351,20.18018949,0,18.93252388,22.36640119,21.46864843,0,20.66543742,21.48464641,19.73595743,19.66006499,21.54107046,22.17701592,19.57125118,19.2675701,13.84760602,19.01083606,17.59104,18.75731668,20.48876642,18.88022866,18.26823787,20.16635026,20.2072597,23.02787043,21.79245569,19.2539566,20.56042202,19.2235777,18.43304559,18.17192146,19.14206868,21.84789188,18.06880738,20.05061862,19.79821346,19.95932716,18.62249358,23.56267189,23.57801578,0,18.87056746,19.07793764,19.12528018,19.63346675,20.36065901,21.88475549,21.09248164,0,19.56286649,24.07993148,19.61582401,20.37660622,19.80864403,21.74047479,22.75299742,19.38448767,0,20.43698543,20.69655549,19.53350196,18.69705564,20.01949413,22.13734933,19.99315989,22.05374731,15.44562705,0,21.05552097,19.6327929,26.66712703,17.53642877,16.91643093,0,20.19906674,17.40280442,19.49640425,18.24280666,18.78013154,25.13068636,23.40178868,20.91489476,17.28096909,19.54395209,0,26.94432233,21.70659014,22.28713783,19.98545488,19.24655537,17.97789211,18.6758708,21.43217009,19.6440952
TP8L12,22.46940148,20.41708812,17.98715236,20.71788241,21.78673272,20.01814976,18.77691947,19.43582377,17.60637315,20.07837693,17.99066286,0,15.80631597,19.02895136,0,20.11899673,26.82139942,0,20.00938669,17.01739498,13.66775227,18.43183682,19.76955699,21.05874366,21.58619091,24.03207354,25.14772275,18.26392789,23.15801818,20.76424863,16.14353429,22.69584197,0,21.6504484,17.89392843,28.23158838,20.00266304,18.86307917,0,20.57695793,26.40748155,19.81736207,20.55845248,24.99270812,17.19951376,16.03529364,21.15360973,17.213654,24.25702869,21.8491343,25.96734923,0,19.82532097,19.19943502,22.4043711,0,21.96924473,22.49358004,16.57533224,15.18884532,20.49976338,20.4751689,25.52531045,22.68848052,23.52240585,16.82599308,25.09542481,21.30886492,0,18.87742965,19.50603898,16.92587935,20.48285041,20.12278604,23.46325,23.71190435,21.43307948,17.06654577,21.62026434,21.86399214,21.96946165,20.33190584,22.63091776,21.01803269,21.74082077,16.43448473,20.36132772,13.57518109,18.85648472,23.44337838,0,16.47232483,0,20.36773311,0,26.11696307,16.20440565,18.68754892,19.55616398,19.80535045,23.95244238,17.63458017,20.72130229,21.06880148,24.9415829,20.1221725,22.79044771,16.63114178,27.11414854,17.08836592,22.27520837,17.25385256,18.59751089,17.84846771,16.24267365,0,18.32358,16.65170992,18.39708395,20.56577867,17.27312337,15.67545176,17.4981598,19.34682423,18.24859936,18.36151197,17.51236282,20.03410815,20.53824687,18.02654091,16.54671281,0,17.32787823,0,16.92476519,17.1411144,17.29324927,19.08108468,17.89119148,15.62154678,15.0875979,0,16.98318484,17.75911333,20.81873206,20.82830201,15.97892072,21.14988064,18.52323169,18.2655051,19.28747289,21.11697599,16.83961538,20.83043672,18.63137306,13.66775227,19.3327569,17.71024728,20.17072073,13.88169254,15.37340896,17.74060706,15.77744968,17.04383063,16.9932087,0,19.94272022,16.42994784,19.3175778,15.48700521,18.45323319,21.89558162,26.00625272,19.39277755,19.74218239,19.21030237,20.55222629,20.06914329,16.02002451,17.66448602,17.95376555,18.39034819,20.31282886,19.92578661,7.503004915,17.89077147,19.48117588,25.81922462,26.31860444,27.72593056,22.67997994,20.22389453,19.16436533,17.95853883,18.8571039,20.87631015,22.17203428,19.78585451,20.71051737,23.15700773,20.90955164,0,20.02605403,18.04704398,18.1799514,21.6120823,20.49346069,0,20.93903608,21.31262247,19.66886682,19.0341611,20.63302541,21.26545382,19.76998577,17.72415409,11.75503785,17.21618386,16.9880463,18.83072584,20.63449498,18.12485708,19.16781054,19.39337739,19.54694343,22.17298924,20.95592947,18.60813846,19.72896786,18.97669999,19.20938382,16.70481846,19.77958037,20.58589447,17.66004254,0,18.97522104,20.06367551,17.66396566,22.63346256,22.66389626,0,19.00861662,19.93117459,22.33957218,18.4710172,19.20479738,20.74079651,18.58267105,0,0,22.96925401,20.36206722,21.07515469,20.59978952,20.38472468,0,19.39955376,0,17.26116958,20.83340505,20.14375242,17.4925944,19.62557162,21.8962104,19.62440914,21.35896124,15.04893604,0,20.83219335,20.23887118,26.52956032,17.49237606,15.44377025,19.3305842,0,18.7578982,20.37894815,16.88288733,19.2295318,25.38004078,24.34824128,22.6365225,17.63458017,20.11486937,16.78186603,26.11902652,23.03551197,23.07923666,19.86747134,21.09598809,17.23566478,18.03720696,19.78451819,16.3381268
TP2L19,24.30378456,21.08932145,17.3078548,21.11179325,21.68898259,19.6516057,17.76677967,15.9997102,17.49207271,19.29802986,16.94287585,17.1234996,19.27442054,14.75037969,0,20.82417915,25.6646311,19.47743637,21.41233129,19.37725609,16.36556272,17.22888486,20.71146546,23.90498397,18.49066629,22.17268863,23.96549131,21.44161257,23.56349943,18.03972008,16.84394067,23.60378156,0,21.28745387,17.94876267,26.37976563,19.00932391,17.49524891,0,20.8105558,26.09644811,16.56663743,19.69508723,26.47431472,17.9740168,20.50534573,23.15800062,18.84911542,25.621579,24.20038473,22.93816585,0,20.75715243,20.09124142,21.78395527,0,0,24.78628676,17.0485747,18.9722501,17.06529542,18.90325215,25.68773555,22.85025187,23.99550595,16.55559554,24.73268785,21.52711343,0,19.61926146,21.85332107,17.01428902,22.48068502,18.02926981,25.47168185,23.48244261,21.16400791,19.35337713,23.71285656,22.77796902,19.69392967,20.56208712,17.76698624,18.26756545,20.57225349,17.6079694,21.11242004,18.24750254,18.6503383,24.00773372,0,15.52359253,17.66306005,21.31651914,17.65046187,24.50295907,0,16.18509068,18.7658373,21.4035312,26.53129664,15.96542171,21.81987635,22.66267851,23.85081633,22.00307874,24.3554474,17.67998461,26.73861716,17.48338287,26.31690483,17.59127473,18.94047706,18.66277921,17.64794128,0,22.07893973,15.71930101,17.27399909,22.21480847,14.78132362,17.83265926,16.58237001,20.51906746,17.9863976,17.55088273,17.11752807,17.16368196,18.3922042,18.66152065,18.55709024,0,17.46137976,0,17.64443836,16.91739299,18.00507899,18.66342133,18.19853264,18.24797748,18.05373262,0,17.40574768,16.69379618,22.66100525,22.75443541,0,22.87736037,16.48551453,17.90071283,21.49228547,20.94286238,17.57207604,21.84125751,21.83457139,16.36556272,16.69180785,18.88359123,19.33622763,17.30252052,19.89605676,19.51119368,13.96679104,16.06726734,19.27468472,0,18.08419684,20.50534573,18.32689832,17.37714343,18.64763547,21.16423416,24.81463727,18.89699683,18.88329949,18.63573583,20.03169178,20.03531276,16.38299804,19.34921473,19.10977314,19.46084059,20.43443022,19.63690083,0,21.81959044,18.26704198,27.63985541,27.78673928,27.60027453,21.99993934,19.1885655,17.86437408,20.01272878,19.4720395,20.84863119,22.47647934,20.92699338,21.31697939,18.27428714,22.27854328,16.40203047,20.45255796,16.01768535,19.03658196,21.73410433,20.45059136,0,22.46907363,22.38711802,20.86966043,17.71340179,19.01984815,18.52102889,16.19517145,17.59922276,15.95187813,17.06418463,17.71803508,17.79498326,20.1586361,17.30878327,16.9792332,18.87924848,21.52019501,22.80172734,18.64001054,18.15547966,19.54493127,18.01580623,18.49315737,18.64793179,18.71411158,20.41858353,17.02013352,0,19.10625184,19.57163002,16.089124,22.60563704,22.60563704,17.81997781,18.66206014,16.35930149,19.56656503,17.32799813,20.07459024,20.24268194,18.28929939,0,0,22.53778716,17.93718028,18.27907015,19.32361623,20.42328537,21.40584775,20.27122496,0,18.98680534,18.46144424,16.59496714,17.52493328,17.22150706,20.37456646,17.34375846,18.19701109,14.96254915,0,19.20033852,17.25075498,23.34625472,0,12.38745451,0,0,14.60592768,17.06371997,15.62484336,15.02109773,22.42389112,18.75870384,16.82784509,15.96542171,0,0,21.84256653,21.52432966,0,0,0,17.14243617,19.75992613,19.85566169,17.91748767
TP8L19,24.4951788,21.60145321,18.37550321,21.71119678,22.63857623,21.13805742,19.86949648,16.79322412,18.17393133,22.2787304,16.82822161,0,16.80375967,18.02202895,0,0,27.24752268,0,21.12925582,19.395955,14.1468978,18.7079545,21.06116389,21.58600548,20.24723026,24.99656191,23.55785175,20.18415538,25.0985968,15.39563967,16.95195617,24.1832162,0,22.01854747,18.12714957,28.16088789,20.31464978,19.37563766,17.12723468,21.96939366,27.04123755,20.33455857,21.04162774,24.38403613,17.06345828,19.7726593,21.93028077,18.09894014,24.59315523,22.9982715,23.80190252,0,20.75213052,20.08250925,23.07590771,0,21.47670583,22.43819591,17.77870005,21.3810223,20.2641992,21.65606896,25.75055163,24.13841563,24.80357252,17.98689406,26.26630719,21.47416502,0,19.47298049,19.34747075,18.67697856,21.68994462,20.83081607,24.28345936,24.17099551,22.36378793,18.7190757,23.37717,22.0257207,22.75350791,21.57555072,24.03541472,21.03196137,22.31575755,17.99071062,21.48844661,19.44008729,20.41238904,24.22907451,23.77839238,17.9375843,0,21.06287702,18.81365386,26.24345999,15.83907639,19.13162372,20.73602214,19.99745592,24.53570652,17.73773718,21.25968609,21.5319863,23.17076684,21.50472815,22.71461652,18.76656449,27.35780453,18.20938411,22.44983477,19.25918207,19.23801194,18.29041533,19.56975152,0,19.61629459,17.8697408,18.47579542,21.9755396,16.9557314,17.32463626,17.7585941,20.4611167,18.06478283,18.14030863,18.01675769,18.78455535,20.57059472,18.41724281,18.40787574,0,19.44025264,16.82434538,17.29428028,18.07595369,18.46602438,18.91567309,18.48619809,15.13515242,16.77188278,0,15.67971645,15.82429603,21.29795493,21.31320447,15.98481885,22.87561361,19.34114314,19.45413502,20.09663839,22.38211063,19.13834483,21.29808664,19.16713421,13.95521599,15.76117637,18.78748196,21.2062991,15.40403942,18.76968025,17.50438412,18.00229519,16.50797889,18.53381655,0,18.78424341,19.7726593,20.02646514,15.58674628,18.97848062,18.18589949,26.51916788,19.70472981,21.18697962,20.46511254,21.7987787,21.5729141,16.91750632,17.57182952,18.49553566,19.30730445,21.72476814,20.99179989,16.6615101,20.44285021,21.13383726,26.08869464,26.71791009,26.51995768,23.40574605,19.67145437,18.1238959,18.56566232,18.25768044,20.26276447,23.8819511,19.48512469,21.5022212,21.85003663,21.45571754,16.47108042,19.9393047,19.06304616,18.83942492,22.33210857,21.39293963,19.47986674,21.19448996,21.79021388,19.90147777,19.55045905,21.08922717,21.64060285,19.73308986,18.40186258,12.61642289,17.82754618,17.15553544,17.21020696,21.46684639,18.42877206,17.83865119,20.33032172,19.68194868,23.21300177,18.44191039,19.1954721,20.42051474,19.24857721,18.87060553,18.47900231,18.94315346,21.3774603,18.19350134,19.87892341,19.29189453,20.4525675,20.3325096,23.49922414,23.49922414,19.50357186,19.51602079,19.97667264,22.42077212,19.83102772,19.71393282,22.32554502,20.8077377,0,19.41335652,24.34073827,20.07404532,20.27936691,20.194209,21.56460163,22.68590638,19.8676369,0,20.48445275,21.25636304,20.69025801,18.3512011,20.2550875,22.1036092,21.22542281,22.08234498,17.22136169,0,21.07466811,19.56670071,25.58867176,17.79146483,17.02165827,0,19.51874534,17.68110729,20.52064435,18.30980398,19.47168906,25.42931268,23.81797467,21.46380765,17.73773718,19.82148982,17.35572877,27.22847417,26.85582694,23.5077352,21.14629259,21.53857902,18.19776583,18.63875179,20.07495509,19.72220137
TP9L5,25.66297882,20.81057383,16.960921,19.47333056,21.62194217,18.935019,19.330828,16.96265898,18.81082264,21.03420127,18.00786968,0,17.24531828,24.77504152,0,0,24.63358268,0,20.40987983,18.51701003,18.94276356,17.84412667,23.64744691,22.4611127,18.74833635,17.85004601,23.97489528,20.02392637,22.42260125,0,18.09642484,22.79508282,0,22.03629015,17.6716756,26.13507245,19.58034623,16.98226646,0,20.59417626,25.19077,18.63026382,19.5125283,25.41844736,21.11387846,18.25909099,22.22389357,18.95802752,24.96113617,22.46100917,24.87833879,0,19.46180874,17.4212756,21.73657196,0,23.66635867,23.90442215,18.51045859,21.64238974,21.50691377,20.16345805,21.95680601,26.81452342,24.04984022,17.30784155,24.8767496,21.35964362,0,20.2517155,21.70316983,20.60571933,20.70184954,20.24554814,23.89143137,25.18667944,22.72380587,18.22433309,22.24884128,23.71445673,20.25859513,21.49772489,20.40901128,21.83858805,21.28171833,19.27315393,21.48767575,17.84091306,19.45296257,23.86209329,24.60787302,17.62555548,19.33286605,18.97305687,0,26.22829475,20.88695332,17.22485861,22.61080706,19.50924943,25.50589788,15.74167872,0,20.11402159,24.69262661,20.52774311,23.54542295,16.3857506,27.03763041,17.42715125,24.45098567,17.74418845,18.29771338,17.90747221,16.37860824,0,19.85626152,20.09840619,16.86144487,20.45211341,16.21848603,18.27845655,16.60021622,20.28036925,17.77148164,17.31066613,15.21357818,17.56443236,19.80478934,19.10386357,18.00562041,0,0,0,19.7649486,0,18.92206862,14.71744973,18.93756022,16.54426822,17.70299742,0,18.12468276,16.36166355,22.19162755,22.28923495,16.28597321,26.25835123,13.56707426,20.00170856,19.89125668,20.61401698,19.77170118,19.64753828,18.72279336,19.26632423,18.03062556,19.5088574,18.55750025,17.21907216,20.78533525,20.09030887,18.7078935,16.57888971,18.42788143,0,16.52030744,21.49917071,22.59591408,17.28084522,17.97559217,18.29111736,17.84335481,19.93193203,20.49721497,18.60456771,19.89725609,20.10509087,17.27785222,17.44017863,19.45815806,21.9220856,21.0710356,20.25624764,21.9463868,19.69143584,21.44783397,26.23373555,26.86861534,27.45428349,21.49723873,19.25020535,18.25979265,19.36488848,17.87045751,23.25275758,22.22918833,17.8852505,20.14188958,18.69067611,20.88651401,16.23030408,20.56484088,18.70204565,15.94720894,20.87818087,19.53114847,0,20.51955634,20.83411678,19.92777652,18.03653403,19.95208144,19.19260163,18.96075488,19.70471421,15.62380104,16.57963072,16.21682674,19.02991102,20.41598246,17.5017595,19.09259146,19.6473312,18.82677733,22.33249526,20.93693284,18.54832475,19.1530254,18.2891708,16.36843663,17.0773134,20.13582727,20.58899991,17.37400252,0,19.50374617,19.68969134,18.60356468,22.95821493,22.9038453,0,18.88999816,17.40957661,19.86379734,16.99658569,20.8926794,21.68115654,20.05922352,0,18.26721327,25.44039228,18.6707533,20.31196757,21.21618348,21.56895688,0,19.04182765,0,19.34126019,19.30703264,19.05958751,16.54026029,18.5808728,20.59491581,20.53630489,20.31725672,16.16137389,0,20.29237676,19.72235935,25.22257754,18.30173766,0,0,0,17.03865968,18.43872365,16.36955254,14.90263249,23.1799111,21.43502021,20.94438063,17.97680151,18.49258701,18.02354488,23.90944417,21.88255819,18.35146376,19.43584222,17.04540418,19.45112087,18.3278234,19.52268037,16.8589343
TP9L17,26.32844761,20.83191683,17.6043051,20.54072236,22.00333408,19.41441365,20.30189491,17.58042025,20.2777455,20.15182982,18.25277119,0,16.6440499,23.20565476,0,0,26.031375,0,20.39764521,20.10869202,18.79198534,18.23832065,22.35333387,22.7639152,19.05365881,24.72385814,21.07865784,20.98941024,23.87900984,21.81961376,17.9334912,23.11831997,0,21.51907808,16.77011968,27.87497376,18.75502548,18.20030729,0,21.13517859,25.835053,17.0368862,19.56654102,23.1682044,17.55110862,18.97786684,21.98385995,19.85105074,23.65179786,22.97471963,25.05811438,0,19.72895952,18.27042999,21.82039296,0,21.19059821,23.28498331,19.06314143,21.29121839,21.34511962,21.40611675,26.01983731,24.95067359,23.64946278,17.19211032,25.01031388,20.15835802,0,20.48308038,21.97652731,19.44247429,20.69683922,19.16775636,23.69466205,24.31961035,22.12845439,18.41060198,22.47378398,23.56733686,20.91713776,21.84635202,18.75590042,21.03713651,21.17365831,16.28268625,21.93174463,17.82283914,19.56013931,23.61511653,24.24600165,17.59203722,0,19.45822025,0,25.14393432,19.51289564,17.64368839,22.6801193,20.0975611,23.54093589,18.04018562,0,20.5972825,22.22834713,20.13160001,23.01986871,21.0990991,26.95718373,17.72569818,26.34940326,17.94865746,19.41991797,17.72629564,16.99435459,0,20.21156306,19.049328,17.35782073,21.40703632,16.69291391,17.78456991,16.54612445,20.70903509,18.19122153,17.88571482,15.65390389,17.18794316,19.93474122,18.91482566,18.23473146,0,0,0,17.63660898,16.78863278,16.22841531,16.96707758,17.3334405,15.83672843,17.0076581,0,17.11925599,16.04228133,21.08312469,21.17160277,16.45317087,24.35248607,16.5443969,20.21342167,20.44792677,21.32745648,21.21851678,19.82252839,19.10123244,19.22338871,16.08406999,20.06660336,19.60254483,15.63378318,20.15280168,19.6373206,19.91090688,15.59796536,18.75971742,0,18.5521833,18.97786684,19.22143832,16.53291846,17.94518144,19.45575657,19.3865915,18.7007768,20.24902315,18.47031729,19.68725948,20.53746634,16.50756552,17.20642128,17.44744026,16.93963174,19.73321254,20.09308612,19.97162791,20.12887387,21.74487984,24.70329889,25.49301522,21.92651028,21.79686769,18.27801465,17.15755553,20.65964143,18.02662253,19.94828836,23.01110961,19.57072228,18.86865613,19.94787052,20.31207934,16.29974114,19.89557204,20.65310728,18.15105038,21.52120488,20.5951325,0,20.39105254,21.06730924,20.31932702,18.79904798,20.86227477,20.14811283,18.47930288,18.19331359,16.89346654,16.90587113,16.95730476,19.00855685,20.33748167,18.27157463,18.87500137,19.54481143,19.82868281,22.4099872,18.92590689,19.05001705,20.26753188,18.79580143,18.38665387,16.91029631,18.82457968,21.98713639,18.334165,0,19.88168603,19.79255532,17.67197547,23.71734303,23.7835133,0,18.95298545,17.35807432,20.21132344,18.70128493,18.35860103,21.6647819,22.35132557,0,0,26.18915467,19.48610078,21.00586606,20.22329588,21.37331958,0,21.92999665,0,21.43692452,21.41426264,18.60383623,17.10730551,19.68870476,21.71654854,20.77157923,21.40992354,13.13664085,0,20.43951992,19.53166018,25.40026717,19.98734553,15.81838073,19.33112245,18.15290691,13.78357814,19.61304346,18.08056713,19.1737115,22.65682405,21.65953426,20.66787088,18.04018562,18.28454462,17.6901869,24.46785749,21.32775281,17.6470021,19.28492466,0,18.38761366,18.48352833,18.71383598,16.57527241
TP8L5,28.70958289,20.86046089,19.12207284,19.91016644,23.14037422,21.34765968,20.11023905,17.25112704,18.35735579,20.75301396,19.11632589,0,17.75134686,20.98429082,0,0,26.75742606,0,21.62327894,20.19444183,17.53535298,18.73219952,21.6435459,22.75869149,20.58844902,25.05287901,25.19966962,20.33426336,23.77372762,20.08040696,17.05160771,24.46063979,0,22.0682241,19.44945378,27.68473621,20.24939057,18.94752246,0,21.92795902,26.06080005,21.10876645,21.70217176,27.06834889,18.45336496,20.06816364,21.59973194,19.32152462,26.41265395,23.74370608,26.45549667,20.73242205,21.73984534,19.43121058,23.02357431,0,22.23369992,23.72824235,18.86815547,17.28091199,22.34075638,21.56790854,25.03226657,23.7290715,23.77483205,17.22591465,25.01174814,21.22828433,0,19.05540937,19.25157601,18.34583386,21.96738203,20.70925885,23.4698158,24.5252603,21.60967393,19.61116212,22.06497206,21.88291458,22.62447645,21.85024098,22.7355696,23.45966255,21.72662339,18.08259451,21.99068282,16.75578874,20.33725642,25.17864785,24.84361421,16.68106539,0,19.8256396,12.6442949,24.39852647,16.47012019,19.01554565,19.28299452,19.01695865,27.04806985,17.0621582,22.05068492,21.3878371,27.14920056,23.42223019,23.60067187,20.21350537,27.65305755,18.40186779,23.355893,18.61383289,20.58406168,18.48161193,16.04480956,0,19.66670424,18.80072184,18.79127337,20.92332466,16.94213538,15.42792474,18.10727991,19.11336401,17.95787735,17.40128,17.0443296,20.17449803,20.79879551,18.64285106,17.73969941,0,18.63492193,0,17.95996189,19.20775059,18.88847304,18.84637125,20.22260567,16.32348853,17.62481956,0,17.09264295,16.08960821,21.64954282,21.68424524,16.43455151,23.17669466,19.37825909,20.45258733,20.06333492,22.24621617,20.790388,21.10906204,18.40737305,17.61634049,18.23894769,19.42769578,20.93905846,14.40993498,18.25944026,18.04600348,19.04500037,16.36570485,19.01614225,19.29161484,19.55488981,20.06816364,19.88489963,15.8881734,19.28321351,22.04578488,25.96456051,21.20702647,20.03550618,19.6703658,21.46872098,21.31282727,18.00184278,20.53960461,18.8186685,19.66947732,18.69948773,21.08179883,18.79842027,21.49956721,0,27.99490002,28.47409385,28.86437115,23.32296342,21.65365379,20.32939759,19.3309572,20.87739247,21.41162681,24.03523764,21.06570998,22.25732482,22.53326513,23.45286347,16.72211416,20.9771584,20.95008267,20.02593716,22.97654884,21.85960587,20.27794386,22.40885318,22.61295812,21.97815916,20.26442638,21.9075598,21.32769562,19.81829195,19.83706696,14.52611654,18.43694498,18.19560769,19.00281082,21.3790968,19.31781437,19.70216515,20.69502854,20.12008977,22.8917588,19.89923448,20.12987868,20.82124712,19.63131674,18.86627115,16.63139507,19.45058524,22.28342806,18.12347878,0,20.85392096,20.85076926,19.13558045,24.94123803,24.90603495,20.08053518,20.03720159,19.4119076,22.00308147,19.99022295,21.01377926,23.15684637,21.33838124,0,0,25.48502612,21.99693223,21.55236478,21.92356791,23.04910298,0,19.73020798,0,20.55613676,21.77366323,20.36550054,18.08160955,20.47884717,22.67194069,20.92155248,22.08503605,18.72129076,0,21.83682186,21.55544378,27.17207005,18.27068155,15.7787661,20.31490282,0,18.81537474,20.18280557,18.68421025,0,24.82349317,23.29511039,22.1113335,18.17487793,20.18462526,17.87311872,25.77175556,24.39458728,22.87799415,18.17280252,20.52772523,18.16950578,19.3843172,21.85049332,20.69153351
TP8L20,30.76238835,21.06320376,18.56761786,20.9010203,22.8526531,20.67433092,21.05455486,17.21091982,18.58003507,20.35233697,17.51455051,0,16.95668468,21.64043919,0,20.33794438,26.31045071,0,20.98235913,19.52617367,17.75612828,18.78554517,21.56600028,22.9681985,21.73986914,24.51270262,25.07083597,20.44308828,23.65828027,21.34075228,17.43182207,23.20973556,0,21.62030188,18.19963038,27.91348302,20.12277775,19.16773419,0,21.26998828,26.24316935,20.36614523,21.16367363,23.34179852,17.41985349,19.51203203,21.92179572,19.94347889,23.95336599,23.38984579,26.02528275,0,20.37511846,18.97958911,22.72793113,0,23.10441677,23.92479723,18.79948556,18.98345758,20.19846533,20.68696648,25.89331079,23.30349974,24.34059498,17.6972312,25.64159866,22.18589354,0,20.01858465,20.514213,18.37612343,21.02731806,20.29068502,24.00289453,24.29766354,21.82245516,18.28623046,22.37103324,22.39395928,22.34892972,21.11747652,22.0109292,21.07641257,21.85206589,17.57671956,21.92124882,17.30752417,19.1141128,24.13697997,0,17.432848,0,21.15186334,0,24.1689281,16.43499434,18.96908508,19.84316046,20.31181867,24.41723406,16.22985359,0,21.67310437,23.31595552,20.26765857,23.85461316,17.57687095,27.2238089,18.44522655,23.03857766,18.97977843,19.57732435,19.2336027,16.26536803,0,19.85880977,18.17137888,18.8628772,22.09068997,17.44130903,16.59699848,17.95262271,18.36536849,17.91528492,19.54359283,17.57663394,18.9155658,21.12105816,19.33330504,18.61207461,0,18.99031359,0,17.75844154,18.20301582,18.84522543,18.91669849,20.81158446,16.40049635,18.38699879,0,17.97146277,16.44556963,22.68646432,22.78121351,16.79554248,22.91828823,18.95608335,0,19.97869379,21.66199497,21.00735391,21.23415325,18.93383521,17.9387472,16.73685402,20.54036276,17.90362066,15.66036941,20.33915747,19.84031291,19.11142007,17.13943418,18.02844343,0,19.7913432,19.51203203,19.4448456,16.07212052,19.3810906,18.59121018,25.47881789,19.78794145,20.47109441,19.68080247,21.05889413,20.6234692,16.00992267,18.20841509,18.64420983,18.65994602,19.76882952,20.26243987,15.43511066,20.34719111,18.38813091,25.43211277,26.0440961,25.55042423,24.08143872,19.49726521,18.91707276,19.31425143,18.49029719,19.73108225,22.91691395,20.59661859,21.11597776,22.23563425,20.52968082,16.81838071,20.17762773,0,19.16397764,22.63964819,21.58522108,19.61534121,21.46477706,22.00139231,21.41491693,20.34495669,21.74011491,22.53791408,20.05231945,18.15451158,14.23024389,17.06910778,17.20213921,16.29806322,20.39113529,19.39973218,18.82451815,19.97597111,20.64467973,22.51180557,21.33679164,19.30863368,20.51353019,19.59694725,17.79261555,18.77467363,19.36097025,21.33608647,18.21356935,19.66647964,19.71596174,20.20976621,18.16292989,23.19092879,23.21544325,0,18.86698979,19.5382247,21.94965897,17.6563651,18.77669287,21.15959987,18.46659001,0,19.18970612,23.56021603,20.36349161,18.98620745,20.73228269,21.25772102,22.21155348,19.59852977,0,17.967948,20.57070797,19.35088289,18.33047253,19.96990052,22.37417073,19.99526556,21.48510583,17.83492424,0,21.06856366,20.86441251,26.58657162,18.64263457,0,20.05168184,0,18.78721801,20.44100167,17.39087163,0,25.17530976,24.02902091,21.82931254,17.39560813,19.78920527,0,25.70768054,22.16159024,21.36096308,19.21302613,0,18.31580526,19.07273213,21.36648042,18.05399781
TP8L14,31.28335358,21.75422615,20.04461147,21.00853325,22.8005945,22.54502793,20.75225456,22.11334362,19.54002034,21.10803509,20.66350207,0,18.50282233,16.44893728,0,0,27.12261573,19.98168901,21.03390135,19.64224409,13.92270089,19.55548953,20.30093189,22.78541973,19.10438045,22.80339069,23.6672382,20.86586204,24.63309902,15.41319759,17.35915433,25.09812718,0,22.03758354,19.72790126,27.7135971,20.01616778,20.05925137,0,23.41086544,26.69407835,22.03609459,21.64842517,27.14537386,20.04527318,20.56763545,22.7107183,0,26.50512763,24.91960945,24.83855092,0,22.38836837,20.60104685,23.82064661,0,21.94196205,24.65031363,19.43228766,18.67029994,23.13268311,22.03461792,23.55363692,23.44647999,22.2136767,18.21255984,24.71781775,21.02008332,0,19.62177029,19.07822831,19.01343901,23.41363499,21.80581748,24.29790385,22.96094331,21.43591736,21.77988246,25.85992079,21.45749618,23.79251865,23.14002296,24.70210206,23.00273881,22.36217094,17.70793579,22.57368727,19.07083373,21.45047845,26.34033729,25.25717708,17.59839354,0,20.83110994,18.31363857,25.57866319,15.83018039,18.72069433,20.83918711,20.19591523,26.80237071,19.65519373,23.75990839,22.59768572,27.20113588,23.86784576,24.50312206,18.42110151,27.53231496,18.51279764,22.51409182,19.60652464,21.57667214,19.41008349,21.54317366,0,20.4324583,18.56605001,18.18969336,21.65632702,16.82188401,18.20813653,18.35763051,21.56847669,19.36951854,19.63978414,19.25998702,18.27264627,20.10848854,19.82434269,18.74654,0,0,18.15932107,18.78911551,0,19.44598932,19.31072671,19.36265126,17.15968378,18.44462669,0,18.35927646,16.9956453,21.45211397,21.37317349,16.81960502,22.81601423,20.30357683,20.91479342,23.2604042,23.48602146,21.1910383,22.77374459,19.71283245,14.58779391,21.13389671,20.75036146,22.00172243,16.29113026,17.18728441,18.25313954,19.60314145,16.8026557,20.42263399,0,18.51874644,20.56763545,20.06353766,17.10400482,20.21411321,19.08228842,25.69006944,22.32552537,21.31126624,21.28297754,22.63834664,22.46330659,19.51817263,20.78148328,19.03071432,20.28752639,21.38663711,21.61116141,18.6029634,21.98681962,0,27.17487974,28.51547459,28.84697682,23.43138481,21.48837594,20.16943151,19.73541903,20.4806427,21.88036615,25.09228128,21.87136459,23.57286792,20.42117727,24.2201897,16.44452435,20.77091607,23.39989761,20.82240007,23.409433,22.8786971,21.76903385,22.47500679,23.12235999,21.035443,21.23208304,23.32128658,21.22177886,19.60530837,20.90276007,14.33251527,18.95377017,19.75283035,19.93253192,21.64531226,20.61320316,20.53714713,20.764959,21.25533862,23.86395496,21.07452955,21.26798134,22.2720343,20.2047015,17.83807701,20.73471256,21.71012032,23.80470426,19.72034932,20.58467963,21.65386249,21.72715975,21.00603553,26.17384025,26.17384025,0,19.66031128,20.65661364,22.78882178,21.40350853,21.04725656,24.86532078,23.5798246,0,20.21072128,26.47257205,22.04725905,22.80423653,20.38582344,18.04980927,0,20.91167614,0,22.56602612,22.03484487,21.36038478,19.52652721,21.64344446,23.92083325,23.0943076,23.17186679,16.81259364,0,22.90255863,21.53390662,26.56249847,20.09073438,17.30938952,0,21.06110234,17.83669932,22.30972641,20.38561376,19.87160201,24.29148805,23.68955474,20.93410205,20.71523673,20.63954877,18.81581787,26.45601269,24.27259766,21.45587858,18.51289131,0,18.29272174,19.73443951,23.44185378,21.48605391
TP8L18,31.34535952,21.11575907,19.34643317,20.19146078,23.14378465,21.50126161,20.95559289,16.35193388,18.40511131,20.68827535,18.42507605,0,17.63696654,21.72023677,0,21.40355924,26.34182232,0,20.8658785,20.15485131,16.87864045,18.71092031,22.20788894,22.41600099,21.13136919,24.85745056,24.88858243,20.82472151,23.25551298,19.17112323,17.1372935,24.64927494,0,21.51508787,18.32456877,28.19837221,19.86254081,19.6763123,0,21.93272521,26.21160414,21.51459407,21.33640468,25.9990057,18.66611998,19.71403585,21.81006756,18.78151775,25.29488242,23.52874332,26.54060526,0,21.62864891,19.62092921,23.20646353,0,22.89826834,24.53562497,18.93999251,18.37571417,21.94595716,20.67644811,25.14939086,24.69290449,23.82109885,17.91448524,24.92282969,21.21813228,16.61534585,19.4191225,19.88531591,18.94986598,21.80785356,20.58623972,23.66940557,24.74505129,21.7741134,19.66373198,18.29232163,21.93054152,22.484235,21.98318057,22.95552938,22.64978439,22.25832334,17.93243164,22.20890285,18.20230082,20.37248842,25.01675749,25.45717661,17.03791096,0,20.31698639,0,23.33717672,15.80116951,18.70232599,18.83454281,19.12875058,26.05016663,18.47163031,22.00871824,21.34727799,25.92956958,22.12165913,24.25128941,17.5648838,27.42376868,18.32804805,23.33721355,18.78404119,21.08844119,18.7613643,16.08993956,0,19.60391968,19.00817771,18.57408632,21.0760573,16.25718105,18.09360218,17.90710778,20.64483196,18.60681741,17.81529355,17.14727121,17.68115366,20.63091863,18.54144507,17.97607282,0,18.76004267,0,18.2874922,18.09708792,19.12113662,18.4892854,20.72907866,16.88685107,18.31193459,0,18.53534651,16.92481413,21.58836949,21.65642323,15.83618641,24.09319099,18.50901567,19.77339612,19.68527443,22.53876136,20.30132471,22.10012155,19.092245,17.25412072,18.19822071,20.75354716,19.79337903,15.95086971,18.21671778,18.59564618,18.37073186,16.33691222,18.90885508,18.68512134,18.73134562,19.71403585,19.69016756,15.93591864,19.153643,17.82154204,25.50776706,21.20566385,21.4315533,20.11825167,21.45949015,21.68972677,17.41198342,18.22731743,18.74423348,19.2879644,18.15933236,20.7282096,18.49273423,21.5305493,20.53800592,26.85264883,27.3677202,28.28922739,23.88661094,20.90890388,19.70524992,19.17578819,18.95717516,21.20843519,24.01788086,21.83613091,22.2694449,21.13432521,22.25258639,16.66898357,20.97464925,21.13926366,19.81289311,22.94002432,21.94472617,0,21.20285738,22.08948179,20.22058582,20.31772982,22.17273655,20.78875019,19.62819521,19.72685675,13.96177266,17.39514258,17.89408739,18.61231734,21.24291022,19.59396597,18.94534014,20.67006142,20.17238966,22.51148322,19.80341594,20.18853957,20.83457753,19.2634606,18.80952275,17.32242226,19.59987235,22.35243359,18.95598875,0,20.96488277,20.99915926,18.3523405,25.24691825,25.21282748,19.51198876,19.03501605,19.78154202,22.22117014,20.08841464,20.21299632,23.68067369,21.63985419,0,19.40952319,25.21550357,21.08166791,21.9456862,20.87277104,22.51735085,0,19.47826281,0,21.02088908,21.81965627,20.04915309,18.45951203,20.47589037,22.87337541,21.8974887,22.56068749,15.61207254,0,22.07238471,21.58646018,27.28225667,18.21865045,16.73242595,0,20.2268698,18.63695436,21.30042114,18.94011575,0,24.78873355,23.25750968,21.63003849,18.66604903,20.25845222,17.15390098,26.23020465,23.59756762,22.53682641,20.63014282,20.36299373,18.05938123,19.34419584,21.07773409,21.60735287
TP9L18,31.48867707,20.56145523,17.0107957,19.53780517,22.1966916,19.29085148,20.35748732,17.37873456,20.2624084,20.90638268,18.22425791,0,17.06851513,23.93794084,0,0,25.00063634,0,20.41752712,16.31990736,19.27117302,17.99837344,22.86681975,22.7167919,19.35754227,23.62470736,24.038174,20.2023172,22.80413613,0,18.13507048,23.14621532,0,21.91823361,17.33232599,27.87853574,19.61386267,18.04288076,0,20.82473711,24.97730487,18.72061803,19.5610399,25.10578734,19.01603231,19.1371938,21.8623072,19.5735627,24.7239398,22.45210545,25.53422269,0,19.66547576,17.26756295,21.65406752,0,22.93655954,23.75564561,18.99133811,21.58225974,21.00407993,20.38930423,20.8559543,25.64057103,24.09259538,16.95817861,25.02865591,21.0749511,0,19.78659817,21.61710504,19.9622926,20.14058642,19.35519972,23.92524965,24.7863105,22.41060219,17.43099481,21.19609807,23.49876639,20.50094189,21.1360086,21.05786856,21.5791113,19.66618576,16.77309654,21.54324369,18.02516941,19.29459291,23.77457948,24.45183629,17.41485526,0,20.57556068,13.46033011,25.91947491,21.40406253,17.39070046,22.65985176,19.94964251,24.84944826,16.70771583,0,20.15992272,24.96425907,19.86700347,23.40832785,17.23417288,27.09721405,17.89137638,23.61663005,15.98697782,18.25119575,17.99029146,16.66651223,0,20.15354376,19.61325494,17.52185724,21.01148187,16.45028515,17.512901,15.85454301,20.11626729,19.05256044,20.02014123,17.14877885,17.6957969,19.68248627,18.89531519,18.03328088,0,0,0,17.84825149,16.79037626,17.73334765,16.47677086,19.64530441,16.15785457,17.30951639,0,17.51335026,16.52380148,22.12292268,22.24449882,17.10971973,25.10156687,14.32185187,19.69154823,20.22750543,21.07552867,20.87998322,19.76821687,19.18704365,19.53840778,16.94957399,19.53800528,17.67185838,16.97002823,21.21215178,20.42930733,19.66485538,17.08915015,17.8106362,0,18.08980857,19.1371938,21.51701905,16.75274177,17.73299024,19.46771476,18.54183859,20.00040985,21.53441403,18.24975576,19.41421863,20.48539913,17.02993367,17.32805593,19.06743231,17.8823134,18.62335384,20.20527751,20.53257227,20.54967909,20.76568623,26.50369546,26.53639509,27.59819537,21.97734747,19.15704533,18.11879296,19.8519877,19.3495864,20.07345219,22.43356182,18.91615938,19.9358103,19.76640046,21.12399156,16.4580653,20.50667834,18.46258074,16.65951519,21.22024013,20.02532916,0,20.64357728,21.00326387,20.09792281,18.73825648,20.07798213,19.91105918,18.83576177,20.01199975,17.0160386,16.46043171,16.5168809,18.48301897,20.33971899,17.61630186,18.69513459,19.40816436,18.82715039,22.23627546,20.85657068,18.26091594,19.23108894,18.23602791,17.48274147,16.6819875,19.69274898,20.55497735,19.5193414,0,20.1308858,19.17787567,17.30943087,22.80373883,22.80373883,0,18.66874028,15.00290316,19.54037681,16.06556341,19.1405118,21.16497409,19.74570295,0,18.58016628,24.87072959,18.96613521,19.81601976,20.87822583,21.25774688,0,20.31599761,0,19.36138805,19.27003401,19.06919699,16.66028076,18.54170142,20.77416436,20.01672129,20.40985655,16.35252934,0,20.39140483,19.95538773,25.88245501,17.71881633,0,18.69518862,0,17.22573246,18.5079777,16.17818028,12.18697811,23.29433017,21.9766494,21.22727589,16.70771583,18.77358078,17.77007318,24.33435939,22.14865262,20.48611154,19.2387392,19.21513681,18.20261795,17.8818838,19.52481752,16.87252359
TP4L6,32.29236222,21.71736649,17.58815726,20.18886721,21.70213748,20.29579748,20.54235953,16.89438899,18.23019704,21.00703707,19.07137068,0,19.27973702,15.20225645,0,18.90823146,24.68314394,0,20.5099524,19.80125347,17.50142049,17.85520761,22.85520538,23.55156118,19.4772197,24.8277441,22.80181543,21.1372238,22.52685049,20.67667826,17.56856845,23.42784499,19.27290109,22.23280514,17.94144669,28.56647307,19.65852056,21.06765486,0,21.22016542,25.75782215,19.03820309,26.83797978,27.04891493,18.58891046,20.26608879,22.81410098,18.8129446,26.50604979,23.42985632,25.06528749,20.28675459,20.12604918,19.08520295,22.65029419,0,21.32078422,24.11450112,17.72097245,18.66770762,17.61581722,21.41499488,22.26203232,23.45866838,23.28640369,16.51549492,24.73454493,19.43410829,0,20.2324897,21.60968915,17.06484048,20.41571837,19.40587192,24.94752459,24.56337778,21.94214844,18.06281511,22.94787974,23.41229864,20.94774347,20.52057238,0,20.4577988,20.78300102,17.21268507,21.70435058,16.21276254,19.64193028,24.99781727,15.31893111,17.40176449,18.67551495,21.29806677,18.35530002,25.61914038,11.4339271,15.25640583,20.61111999,20.11263508,25.99699983,16.09193165,23.07769209,22.11891176,27.163969,22.30352768,23.78019929,17.03029736,27.06847498,17.35336517,22.57168901,18.31419431,19.75875701,18.50014668,15.97874921,0,19.89985729,17.89640053,18.38766141,22.20752186,15.67160027,16.5244652,17.11013748,19.85440033,19.01603564,19.49622253,15.44807036,18.23439361,18.61399391,18.43997131,18.83160863,0,0,0,19.05113266,17.03816669,18.54896595,19.20434946,18.81073125,17.53202579,18.70669952,0,17.38375164,16.45595242,21.71988429,21.79110553,15.29964288,24.4707038,16.8339556,19.3993106,19.57074155,21.49572806,20.47588042,20.44127471,19.89003587,18.55975419,17.84056171,19.58045864,18.55569006,15.97015597,19.18025475,20.24434612,18.75572724,17.00207351,19.05363149,0,17.2734284,21.24812157,19.04401158,16.31365473,18.94397131,18.62449604,22.20488068,20.04723938,20.07206586,19.37442822,21.65503583,20.06820277,17.82383182,18.49322415,19.08368148,19.89216816,20.1624206,20.60811756,17.28851546,21.14574234,18.23507385,28.306411,28.40850459,28.41645395,22.35115492,20.22565294,18.85990149,20.03674758,18.96042366,20.74846653,22.89588337,20.05090615,21.00997572,18.65534554,22.67158669,16.41742817,20.5737671,19.02042634,19.30496643,21.48153643,20.36641706,0,22.23731326,22.22148272,20.61799415,18.83420337,20.08013657,21.15023193,18.61273677,17.54043079,18.99028194,17.49993383,16.78678305,18.85986998,19.83183387,17.45979217,16.89522558,19.59920297,18.50675309,21.97320934,17.61378033,18.37336467,19.89384009,18.53954045,19.0137108,15.45637721,18.72914469,20.61006238,17.24891676,0,19.094553,19.57144556,18.42948258,23.36708676,23.36708676,17.65060524,19.14181825,17.81768105,20.40189103,17.22040752,20.00798286,19.31090369,19.9214508,0,0,23.13196852,19.96890132,21.71375615,20.11496174,20.65476234,21.57696234,19.7882641,0,18.81258221,18.98776,18.93466015,16.2913969,17.8790483,19.89561891,17.38185539,19.09246363,14.77103543,0,19.42955305,17.13311065,25.47367244,0,0,0,0,14.60555987,17.89279584,16.40355515,13.98901421,21.66177718,21.02286812,19.2517319,16.09193165,15.46755394,0,23.12759799,19.55986112,0,0,0,16.84684965,19.18871446,21.63711755,17.3225076
TP10L17,32.64640748,22.06012303,18.44476601,21.9778263,22.44942352,21.25619576,21.71556304,18.46161703,18.22994067,21.11374883,19.50583604,0,18.53378471,25.57174531,0,0,26.41586231,0,21.87336473,18.10060256,19.98569635,19.3576907,24.22182401,23.88606855,20.2474753,22.77200839,23.96613231,21.63702705,23.84771801,12.79045558,17.82098563,23.96712142,0,23.30957591,17.95751273,28.42655942,20.51664277,20.84309066,0,22.28625308,27.27373777,19.1389101,20.9417132,25.97566553,17.89837111,20.20267627,22.72355752,21.30212377,25.20200338,24.10657798,25.58773205,0,21.01820772,20.21977465,23.02942326,0,22.80845234,24.93765935,19.6777461,19.24967841,21.67706474,20.96118537,26.00910651,26.9409794,25.38130288,18.49512299,26.27753744,22.7995192,0,19.32515262,20.0094471,21.44128576,21.72810344,20.52762633,25.03812575,25.56069281,23.07130211,18.76660497,23.50951927,22.66428661,22.28850645,21.9109729,19.63850083,21.14650746,22.5662963,18.2086674,22.71272752,18.49619549,20.87279419,24.81500875,25.67675079,19.2510301,0,21.992073,0,24.65204153,16.7260506,18.89864968,18.83854033,21.36122118,25.03512582,0,0,22.47258141,26.09917073,21.67382021,24.64616145,19.38254846,27.53107902,18.96029378,27.11069225,19.80101436,19.99156052,18.72660043,16.94156793,0,21.09760074,20.35455796,18.85790133,22.93721541,16.31501094,19.07218414,18.24327848,20.82443738,17.87429933,19.82445595,17.01908242,19.34101649,20.44506642,18.12799995,18.08325077,0,19.81409096,0,20.25857975,18.02322213,18.40807583,18.78436788,20.3192535,16.72297274,18.73157735,0,18.95909913,17.3985528,22.91954244,23.00026796,17.06143086,26.44986981,16.88866279,20.67730388,22.25799096,22.21333387,22.20593854,21.64255374,19.87383603,20.38718927,16.45582427,20.5056464,19.49132467,18.29499124,21.38274842,21.94246347,21.19091147,16.77661802,19.30115661,0,19.64077635,21.44533065,20.22299203,18.0167493,18.93374058,20.39395757,25.61232909,20.29351741,22.6463036,20.83676541,21.95876616,21.75385849,19.0118599,19.27380518,19.52113193,20.47402595,21.75075059,21.1484827,21.44646496,21.17653776,21.58279473,26.82594728,27.32720736,28.11615562,23.33136049,20.30543363,19.12382532,20.20097688,19.95246537,21.55902407,23.64929223,21.38303553,21.87294688,21.945772,21.91555505,16.67717086,21.52212852,19.71790071,19.82846147,22.3813212,21.24343355,20.4950607,22.12311417,22.56658332,20.54725037,18.82263069,21.17404147,21.57997637,19.8518237,18.33116188,17.96930819,17.97189268,17.87289502,19.36643333,21.22707295,19.51192391,19.61205456,20.56619677,20.39794207,23.4443485,18.56984505,19.62794583,20.5738216,19.69517273,17.42106713,17.06085754,19.16878724,21.70079368,18.52100568,0,19.7602622,20.81873964,18.96150432,23.75931962,23.75931962,18.76044952,19.78566631,18.26075351,20.65607326,17.83442984,20.77641297,22.78492661,20.83516954,0,0,25.33054371,19.21247068,21.20226734,20.14710741,22.28268124,0,19.20488018,0,20.77932126,20.57071363,19.07761108,17.69771404,19.73590315,21.49084224,21.06747017,21.38468865,17.22390786,0,20.78639528,19.27019037,25.99554504,19.12303004,15.71301376,19.03682685,0,17.62532752,19.49149255,17.53022493,18.67447669,23.76992162,23.45156618,20.60075438,17.52529247,18.57737999,0,24.67081197,21.29412058,0,19.59474053,0,19.68129775,20.14896963,19.63660554,18.58736043
TP9L13,33.71847572,20.60147846,16.92742186,19.58879815,21.87819398,19.13714266,18.68603346,18.29454713,20.1672616,20.52526225,17.23576022,0,16.81797886,24.43330793,0,0,24.92299817,18.45366161,20.27343683,18.8092797,17.86868661,17.4773258,22.70766501,22.22985322,19.29133785,24.32911951,24.23287164,19.77544144,22.02205916,0,17.87250515,22.93971432,0,21.68329225,16.59472128,27.92441687,19.18635522,17.30065341,0,20.44532874,24.97571296,18.50902367,19.46832175,23.16100429,16.89125791,18.21325968,22.22024204,18.3180708,24.08381433,22.4254322,24.91983954,0,19.39603616,17.51394472,21.76757387,0,23.77935776,23.50132724,18.26288421,21.50004443,21.18650492,19.55793052,21.74424504,25.86231898,24.19814583,17.11275123,25.03469647,21.44494353,0,19.78884155,21.40780948,20.01611262,20.27490691,18.97395305,23.7166056,24.56187401,22.28525107,17.42727827,22.03786862,23.22334159,20.05278451,21.20227461,21.49778874,21.35685668,20.41516684,17.57823429,21.42832377,18.12934843,19.12498162,23.90068876,24.71614098,0,0,20.72596025,0,26.06200798,21.25645368,16.92073372,22.61698828,19.71121679,25.72540089,16.65494473,0,20.36569294,23.0103085,20.69893993,23.13231277,17.52699218,26.8680715,17.31392012,26.20852,17.34531588,18.02891507,17.74489994,16.97766774,0,19.5369863,19.30838164,17.93405565,21.12447156,15.89581532,17.69621992,15.94997734,19.82533536,18.99550579,19.66881306,20.99407889,17.39292669,20.61618093,19.21779155,18.23770826,16.76120245,0,0,17.88357975,16.701324,18.29197007,16.42020345,19.11748573,16.38962798,17.68440628,0,18.33689971,16.35572796,21.9913306,22.06841224,16.83198844,25.51212779,15.88155991,18.75592077,20.07858696,20.87990019,19.29217856,19.57253334,19.03050623,18.6207525,17.68851774,19.693555,18.61025555,16.4054996,20.45392462,20.38817337,17.95177179,17.413266,17.87956977,0,17.03922766,18.21325968,21.67343652,16.75094486,17.91331996,18.11404733,18.09259247,19.41418846,17.89819451,18.81992253,20.32495182,20.21600409,16.25305003,17.71564035,19.10065536,18.75192837,19.11106193,20.2591723,21.68613448,20.03391392,20.18830398,25.21179192,25.92515494,25.73216583,21.98897323,18.77786614,17.9254299,19.50476676,17.99151519,21.09919837,22.24111527,19.48658759,18.27791564,18.43442766,19.81822948,16.34644341,20.32482672,19.11464053,16.30121943,20.97847993,19.736899,17.79014108,20.32005404,20.744249,16.59024563,18.53662539,19.98869717,19.55315019,19.10059976,19.88651228,13.43699455,16.40071283,15.53870792,18.45721265,20.12838111,17.37630038,18.79268342,19.22383982,18.66085948,22.03941877,20.68490641,17.97159031,19.1272609,18.21251747,17.3301828,16.3966793,20.50984817,20.51317192,17.04070031,0,18.99823782,19.54341941,18.16515444,22.84640771,22.80281055,0,18.29765778,17.66772467,19.24725357,17.56481222,19.93921346,21.24602505,19.8349209,0,0,25.07202303,17.65901533,20.5830132,21.0892387,21.47615023,0,18.52577623,0,19.13016386,19.54570803,19.34838083,16.95419828,18.52047433,20.85832635,20.46013419,20.53775533,16.56228323,0,20.3633719,20.09822577,25.08134095,18.23113117,13.23090372,18.9812323,0,17.37458936,18.52645766,16.09152757,16.21531929,23.52506732,21.71243864,21.28786337,16.85172251,18.70912179,17.76644577,24.17385774,23.89476637,19.83652756,19.0809773,0,18.71666538,17.57461215,18.80051325,16.73495342
TP9L14,37.16015602,20.72776038,16.38242886,20.2665495,21.62891227,18.79843236,17.57230602,19.40152604,19.96808654,20.49773626,14.93848015,0,16.65936042,24.05134165,0,0,25.77986805,0,20.3457969,16.3419481,16.61361383,14.42172059,21.099449,20.16438231,19.20299242,24.03588564,23.08166481,19.4822332,22.83066296,21.70588158,16.46186663,22.69982331,0,22.57271736,16.70096882,28.5486125,20.18451171,15.77033283,0,20.32506288,25.32702274,18.58809595,25.30521457,25.46279343,17.43408332,19.08415752,21.97490844,16.5713398,24.97871406,22.43251917,24.76376157,0,19.05602711,17.93940359,21.45607609,0,22.57206321,23.26166313,17.29655203,22.55511779,20.97472952,20.85516043,26.05233795,26.17226886,23.52097172,17.18993978,25.01540105,21.45612123,0,20.11756366,21.7629345,20.38480535,20.43708492,18.66997831,23.64057644,24.48505527,22.00336277,18.09597285,19.95835222,23.47822939,18.90200837,23.61738997,20.07548306,20.30450205,21.87790189,16.85807844,20.67551038,18.13503595,19.23557398,23.41817053,24.06783175,15.84237221,0,20.25501001,12.56515534,26.23747298,20.80425044,17.07672528,22.52265426,19.96139264,24.28426879,16.49920214,0,20.94650915,25.39838582,20.2506088,22.84272864,21.14393333,26.70361457,16.70210115,27.01961255,16.76714486,17.92642884,17.49299839,22.13639155,0,18.56757205,18.93126133,18.11398638,20.66390747,15.86606547,17.46390651,15.42532872,20.00283504,17.76722088,17.64593983,14.57256611,17.89757887,20.43020669,18.55324354,17.24511591,0,0,0,15.62911124,16.30151812,16.97982829,16.8979517,17.3288687,15.79890248,18.48670299,0,19.01925716,17.05793632,20.2385478,20.355017,16.57183735,24.74778098,13.09992348,18.88515215,20.11071611,20.41056125,16.52187397,19.71338225,20.27390213,16.15626643,18.6433923,19.71297898,18.26769394,16.50658132,19.30304383,19.65805558,15.6313122,16.05151956,18.41421849,17.47683272,17.84469313,19.08415752,21.95237062,15.74024986,19.57126671,17.22524798,18.94020615,18.47438903,18.35673646,18.16019378,19.72541785,19.91554011,16.23956395,16.62514264,18.87566036,16.61371085,19.64383461,20.18081717,20.80369496,19.70630886,21.08073534,26.80337596,26.8885496,27.48973442,21.51594763,19.52086539,18.56675276,20.27170323,19.82812522,20.80900452,21.76618717,18.13484943,19.3074963,19.30302356,20.49806324,16.284553,20.00704509,19.48288469,17.69529437,20.41920777,19.36681524,17.41082784,21.10146856,21.0676335,19.19450057,17.34986443,19.21413483,19.49738467,19.07260752,19.71903948,13.21783917,17.01025907,15.94465425,18.4789438,20.51321725,19.26658749,18.98678603,19.05705914,19.00201312,22.23819745,21.10953659,18.99426732,18.87505889,17.7326607,17.22144451,16.73024488,20.10018565,20.19607036,17.55359125,0,18.52818678,18.88855011,16.44673859,21.90106319,21.90106319,0,18.67854949,17.24601816,19.66101102,16.17667867,19.54886893,20.72007054,19.89161114,0,0,25.78531699,22.16879852,20.92693449,19.36470428,20.3487408,0,18.50724912,0,19.90195106,20.0844422,19.62576549,17.02757389,18.61640525,20.21587145,19.86385307,20.64507623,15.61221743,0,19.02390446,17.84015093,25.10482241,19.30425352,0,0,0,15.12288478,17.53115213,15.90351019,18.79400502,22.92079386,22.08517558,19.8593462,16.49920214,17.84468628,18.58662068,25.56356147,25.28148304,17.90660642,19.4208315,0,17.40642874,18.06976907,19.14489058,17.4289919
TP10L13,38.66610013,21.45220557,18.17297746,20.91367291,22.23831081,20.15509854,21.73731081,17.75494645,18.49813262,21.36263733,19.58087374,0,18.16664579,24.83136776,0,19.58924547,25.82634132,0,20.79116156,17.87862092,20.26997215,19.08435191,24.22522953,23.84051034,21.11028652,25.24588485,23.73740603,21.48920017,23.75515162,20.63207811,17.67586143,23.73760941,0,22.35140858,18.20576483,28.45739632,19.7809896,20.52406053,0,21.66166319,26.35827417,19.28282185,21.12236988,25.62015359,17.78501178,19.59251726,21.79208478,21.20342085,24.81681125,23.68267779,24.83798668,0,20.54464765,18.42294596,22.24887664,0,23.03066771,24.65710497,19.64190522,19.13675704,20.87450686,20.68287988,25.90430624,26.35687711,25.08599875,17.97329521,25.88903023,22.70403042,0,19.04270166,19.64653436,20.87566607,21.0395136,20.07928717,25.04330931,25.26844164,22.59901641,18.03817482,22.53337831,22.20546491,21.74574927,21.72777738,21.0460857,21.62139612,22.65475608,17.44831926,22.47805763,18.96181656,20.14535502,24.48761023,25.50114209,18.98675365,0,21.25936732,0,24.54349873,16.69492182,19.10210773,18.36841008,20.62819562,25.08898625,14.57755964,0,21.48545915,25.68772556,20.49252562,24.37401308,19.65186849,27.40855316,18.59195576,24.59537268,19.1374568,18.54209858,18.6770004,17.44107255,0,21.2837131,18.79668999,18.85769014,22.30256073,16.91774525,17.58961665,18.02171403,20.6428597,19.00805217,19.71728539,17.26902137,19.55004555,19.86908669,18.97742647,18.17454844,0,19.01495298,0,20.29355903,17.76385727,18.09736302,18.98605542,21.30826479,16.72543942,19.19522976,0,18.87431856,17.21012693,23.2238144,23.34143756,16.80670141,26.0623418,16.08680037,21.07574745,21.66442992,21.61694886,22.29876264,20.5650475,19.48178667,20.23946113,18.50827607,20.4968877,19.33730177,18.12792939,21.64148884,21.79887926,21.10305159,16.46176649,19.09043624,0,19.76350241,20.88194441,20.06342966,17.55829463,18.46716371,20.5519853,25.03998982,20.01198117,22.69263784,20.12517254,21.28005993,21.21597975,18.52263369,18.74997528,18.22761267,19.91176845,20.22223305,20.83596658,20.27235394,21.23277178,21.26662837,26.4749062,26.97985232,28.16007014,23.53987765,20.31608207,19.38846255,19.79967586,19.04828167,20.8880678,23.10484278,20.94637152,21.16659763,21.68007476,21.75900989,16.72637581,20.99221963,14.50468611,19.3226172,22.01371996,21.03559844,0,21.4686934,21.87524936,21.18071594,19.71188473,21.06425482,20.78670895,19.41131935,20.44947973,18.74587748,16.74874549,17.45500962,18.93293834,20.68352701,18.27709198,19.45386746,20.26398668,19.46692284,22.73673028,19.17596729,19.267214,19.90442208,19.01074637,18.74230765,18.08108815,20.42754307,21.1577918,17.78547081,0,19.89749944,20.03667267,17.35006018,23.29032892,23.32091651,0,19.42783749,17.87973319,20.35929661,17.91410329,20.49045241,22.57819019,20.11640386,0,19.08323216,24.60169145,19.81564645,19.6100149,20.78736702,21.66903554,0,18.89208782,0,19.51254039,20.104767,18.63398279,17.07315565,18.76172078,20.70612058,19.06994965,20.81915918,16.23489478,0,20.43950782,19.47377767,25.24113253,17.64329488,0,18.88330998,0,17.28802079,19.13189455,15.83171052,17.05843911,23.72158056,21.93069793,20.71016152,17.10143979,18.21460081,0,23.59011008,21.21731251,18.69486181,0,0,19.2206968,19.77764597,21.87093477,18.38550693
TP10L18,38.71848193,21.53683438,18.66241799,21.09513262,22.55628514,21.0945039,20.55595502,17.43165528,18.08437012,21.51094876,18.63484256,0,17.98910005,24.97250685,0,19.78731436,26.08961119,0,21.07990262,20.0079228,19.94361851,19.22513215,24.23895944,23.28209539,21.31245516,25.13090545,23.64215691,21.10556417,24.19985609,21.00290056,17.93035569,23.94089113,0,22.61231602,18.23112936,28.2805112,20.44698185,20.40622162,0,21.89912846,26.83732483,19.94930037,21.18524023,23.17874929,17.69768706,19.40947465,21.73526098,20.47047469,24.60445107,23.81965882,25.74174181,0,20.8991445,18.49715944,22.7022587,0,23.73078808,24.93360839,19.39504907,18.64950209,21.48004619,22.02805771,26.04026721,26.64733445,25.13623566,18.31067651,26.02801351,22.60259185,0,18.73981786,19.60394614,20.62634194,21.00273469,20.39957475,24.8151158,25.45746111,22.83264227,18.06210716,22.24753056,22.02368011,22.18282289,21.53342709,21.3593527,22.0309464,22.5153748,17.58093655,22.56943258,18.43486922,20.53256391,24.58592935,25.61399042,18.80962923,0,21.57443007,0,26.58511486,16.49519107,18.8543993,18.09183675,20.5432498,24.37387278,0,0,21.30071393,22.94032021,20.30519289,24.63332496,19.46459774,27.51603072,18.75539203,24.88571424,19.55317502,19.01142646,19.10747985,17.85400715,0,20.78486245,20.24162858,18.85248488,22.47537389,16.1744442,17.52510109,18.18448313,20.80321962,19.5195794,19.9130579,17.77374677,19.39262694,20.52471194,18.86130939,18.56193883,0,19.51283445,0,20.29000355,17.96261314,18.71937561,18.82510055,21.47308393,16.71941869,18.26538574,0,18.46084136,17.03931349,23.14437679,23.24420852,16.78069328,26.35937855,17.44024549,20.68207764,21.91430774,21.97892996,21.56031085,21.01589871,19.69482927,19.89578242,17.27014548,20.94390239,20.43456817,18.24028895,21.11825802,21.72593096,20.37143287,16.7057177,18.98004278,0,19.14019943,20.94102004,20.39266563,17.59940081,19.00516331,19.96200035,25.2716414,20.33485018,20.51353063,20.29797864,20.74254793,21.68551782,18.16217093,18.24292676,19.13533571,19.85118576,20.74779956,20.94952476,21.26298953,21.18950938,21.21932871,26.1465907,26.76462696,26.74377682,23.56231338,20.17255524,19.76017214,19.50627416,18.96322345,20.83327657,23.46470593,21.24052571,21.43210758,21.48576817,21.52466853,16.74822462,21.10542081,19.07669878,19.14199634,22.31200823,21.32911274,0,21.11349801,21.8149903,20.09819103,20.44538516,21.34670163,21.41386099,19.79711421,17.97602377,18.2561604,16.95620702,17.3027209,19.35216638,20.93690768,18.35691404,19.51883385,20.53593093,19.69865041,22.95386896,19.40624764,19.67217464,20.20000033,19.32071704,19.94572927,17.82006291,21.53443968,21.48102016,18.1243133,0,19.86026508,20.1298914,18.92991043,23.76947808,23.76947808,0,19.55406721,18.45784169,20.22477995,17.72314479,19.98719296,23.38548134,20.67371578,0,18.98969498,24.92310318,19.77330978,20.63084228,20.95033047,22.05852572,0,19.29264377,0,19.99260411,19.94425848,18.96446363,17.65258424,19.24869843,21.21640029,19.17961491,21.31625481,15.42178565,0,20.82363685,19.85509376,26.16140619,18.07032745,0,18.89648982,19.34403442,17.56190496,19.36166095,17.03979564,18.44639949,24.28789494,22.05600449,21.34888848,17.03241224,18.62806428,0,24.4553579,22.11218781,21.21273565,18.68756022,19.00872456,19.25659733,19.46231509,19.59038202,19.88997315
TP11L14,38.84054178,21.57121562,18.09538543,21.0940288,22.74354228,21.09890753,20.53610677,18.15829857,18.4381565,20.46662093,20.09897431,0,19.77137325,19.55952269,0,18.5449871,25.68126752,0,21.06504665,20.02910501,17.71828419,19.17963398,23.04300657,23.82211641,21.24841516,25.2625318,22.8599701,21.51751613,23.5047474,20.71942829,18.14894904,23.8570553,0,22.21984829,17.88189208,28.32905836,19.37195066,19.07681821,0,22.38197374,26.92504455,18.67700544,20.99704369,23.43737213,17.81195789,20.123366,22.01140508,21.42153237,25.19301339,24.71406498,25.68088865,20.05207675,20.68876875,20.06318935,23.27930646,0,21.73262517,23.2076181,19.72709438,19.33843608,20.20857696,21.87124262,25.8469497,22.95751898,23.68108422,17.8880822,25.85960011,20.61010884,18.47340628,18.95656517,19.67492762,18.7907489,21.30883537,19.33794414,24.70228205,24.51908185,22.26663308,18.82933188,22.93370461,21.87212258,22.6772187,20.98547449,19.18507504,20.54138513,20.68610546,17.15568008,23.23007005,19.19893268,20.40079366,24.3173392,25.65195863,19.87851509,0,21.96596179,18.17065895,23.67573347,16.2006255,18.76710021,19.98418387,20.6189509,24.94285201,0,22.06410174,22.1451942,23.03995697,21.75139075,23.46591457,19.3222552,27.70890906,18.34688422,24.40702705,19.41204787,19.07308607,19.86758834,16.50952499,0,21.14328642,19.18600778,18.98273291,23.00973602,15.87255574,18.67572841,18.43694969,20.76580798,19.04433956,17.65402935,20.40276072,19.08195226,20.58809073,19.56688823,19.84430394,0,19.39097534,0,19.43709268,18.26665491,17.52506205,18.81555898,20.60690851,16.67839825,18.69438027,0,19.40280186,16.05521307,22.5654667,22.64397537,17.79981118,24.6770881,18.28089329,0,21.19164482,22.087168,22.82927814,21.43457597,19.59805048,18.25481656,19.62442731,20.60085774,18.19649689,15.91825185,19.42287018,21.70192188,21.75997799,17.658013,18.58432285,19.25711404,18.6329839,20.123366,19.687217,16.33078782,18.87353423,20.83317334,24.96244754,20.05410714,19.89971238,20.38069991,21.65812822,21.75403272,17.80418639,19.20350454,18.89648291,20.43879318,21.36731262,20.82252952,18.33942686,21.72363003,18.91842844,26.70080958,27.26850455,27.73766906,23.37108365,19.96753807,19.14646998,20.51195013,19.69320288,20.56725317,23.73844317,19.73312997,21.3474987,18.76300352,21.59860768,17.38309953,20.88616584,16.90286927,19.53938839,22.24150899,21.26801919,0,21.85062714,22.34618983,20.71202748,19.58322177,21.03016755,22.18101179,19.38769248,21.85808009,19.3748868,19.17644651,16.4295431,18.81597814,19.86323998,18.54447081,18.08371132,20.35415497,19.58943171,22.84295373,18.79262309,19.14413595,20.3532051,19.18177877,17.97143349,16.65598383,19.0896792,21.23046937,18.22504529,0,19.90627555,20.08186828,19.81205873,23.47030972,23.47030972,18.62222597,19.41471359,18.80464585,19.74736548,18.99767763,19.56641358,21.68632708,20.09110267,0,19.43728029,23.37386834,18.92771154,20.04588109,19.0658791,21.38222769,22.29055973,18.71157371,0,19.53106893,19.99894646,19.04002465,17.59556075,19.05558421,20.86069588,20.49678484,20.85125165,13.882433,0,20.00543968,18.74406187,26.11176729,17.19226127,0,17.51273884,0,16.90180229,18.95008079,17.03176964,17.75660905,23.38326516,22.16123229,20.74282448,16.73992716,17.57169422,0,24.23403647,20.74621247,19.25643967,0,0,19.2693918,19.19909957,19.19606924,19.40013675
TP8L2,38.84139033,20.64595217,17.71173818,21.31532631,22.28391849,20.3288996,19.95554773,17.07611435,18.03715056,20.65355329,19.51800447,0,16.93433108,19.95080123,0,0,26.78553581,0,20.73265168,17.49539832,15.44538432,18.51240393,20.11444066,21.9743773,20.84821332,24.85663032,22.73191673,20.94526818,24.21797725,20.55262802,16.40516911,23.31509003,0,21.63079939,17.48804408,25.56736655,19.91141863,18.82441808,0,21.38689266,26.7267306,19.99078713,20.43945148,23.67749471,19.92909565,17.16447406,20.89296259,19.11627967,23.05119506,22.95324597,25.98633493,0,20.16638655,19.26163118,22.27582287,0,21.62302978,22.4244954,18.64145643,16.55726774,20.05202443,20.80814311,25.41497231,23.16281225,24.56537579,17.42285031,25.83048143,20.91609061,0,18.81901701,19.56914278,17.83280407,21.25415096,20.18660388,23.96500564,24.42181403,21.80353739,17.63886273,22.75078603,21.98118853,22.02213449,20.923252,21.02719942,20.61345243,21.9922464,17.16592622,21.75575057,17.60094326,19.75122639,23.70088603,0,17.45400654,0,21.33114902,0,26.03491589,16.18892589,18.81760287,19.5798997,20.43619465,23.61766511,16.79853852,0,20.81367508,22.75189379,20.87444573,22.66533607,16.50435507,27.29556116,17.62030621,23.17428273,17.6450663,18.78318489,18.06375845,16.23937411,0,20.2654014,17.39823637,18.41778895,21.62172443,17.20024908,17.59330531,17.67776328,20.31208334,17.41712088,18.05499223,17.790782,18.58967,20.35490335,17.84833659,17.40053159,0,17.72439115,0,17.1023109,17.74095708,18.67867974,19.00741151,18.08443742,15.17059796,16.90694467,0,18.31855784,16.95541711,20.19726668,20.2355184,15.18007054,21.88251058,18.4173717,0,19.70261836,21.84689214,20.46038271,20.6020111,18.5985726,16.12527801,16.27827622,18.21090769,20.63710643,13.75410669,18.16552544,16.6890814,18.80429309,15.66317837,17.77253723,0,19.52832997,17.16447406,19.70899246,14.3825305,18.80601023,22.02540137,25.98247655,19.21653903,21.16519119,19.85387935,20.79858175,21.16284492,16.73361677,15.94457803,17.94544199,18.27767083,21.04387261,20.25377965,15.38424788,19.8946703,15.68901523,24.76892884,23.89182856,26.61170798,23.21422717,18.7612544,18.0649962,19.25165997,17.35912297,19.65154051,23.0936212,19.58697656,21.00145068,22.32719511,20.08413305,16.31084931,20.05538417,18.08765937,18.89688859,21.67730286,20.79580094,0,20.30993592,20.93561445,19.27955725,19.17292437,20.56527861,21.18709084,19.15754249,18.33998989,14.50322471,18.20822998,16.85402082,17.58725161,20.95473846,17.89731803,17.40395899,19.98267446,19.33914104,22.88215278,21.63068449,18.9428168,19.94086368,18.95343586,16.97732273,18.14513136,19.00595505,21.08887717,17.97683807,19.64331097,18.49617342,19.3816824,18.82780128,22.95653507,22.95653507,0,19.21581986,18.8012281,21.29742226,19.08767379,19.31948898,21.69140226,20.49838552,0,19.125342,24.15198222,19.11752098,19.49472468,19.87142093,21.2320992,22.38801513,19.69932305,0,20.11416739,18.80027272,20.15395324,17.69930673,19.9148953,21.67851282,20.43529259,21.78933433,17.42617207,0,20.63300269,19.29739546,26.53357104,17.699979,16.65852808,19.48221405,19.20103662,17.85014599,19.76767945,17.60461723,19.09055941,24.90749274,23.192875,21.35780206,17.86425883,19.23319432,17.13219523,26.64974534,22.36208389,22.15140919,19.7799463,19.98952059,17.66066422,17.98085164,21.54370142,18.86791353
TP11L18,38.94679931,21.62462043,18.6615546,20.28700695,23.00009884,20.38729972,21.19287087,17.83350449,18.78476576,21.4570196,19.30386969,0,18.15002456,25.0257604,0,19.96086,24.54696426,0,20.74581053,20.03147648,21.57451091,18.90983468,25.32266532,23.46198574,21.50917614,25.04700116,23.64961112,21.18034019,23.16239998,21.15173912,18.4580248,24.16538397,0,22.00003941,18.20696614,28.05703691,20.20363121,18.75246559,0,21.81579513,26.49846515,19.61316143,20.83692486,23.51623778,17.75617188,19.5661321,21.91139677,20.83355458,24.3413573,24.27341007,25.54379264,0,20.87041568,18.50864837,22.72220366,0,24.87866918,24.91185243,19.26714828,19.25065076,21.28155928,21.55681369,22.82645131,25.81034014,24.66252644,19.01927849,25.85752784,21.71466581,0,20.10264238,21.19373374,21.14953076,21.47331943,20.27795356,25.00900488,25.53232709,22.93570433,19.03701595,22.5089836,23.17231981,21.74823744,21.51004862,20.95323738,21.26169172,22.33364697,17.62472921,22.8522316,18.49279256,20.48539236,24.57429362,0,19.52535139,0,21.6713767,17.78431246,24.71066374,16.95586816,18.46429303,19.58820612,19.94924672,24.04062297,0,21.54819908,21.48104326,22.79348356,19.54839869,24.5836102,19.28747304,27.6134717,18.1575781,24.05621234,18.34450186,19.15146078,17.8741709,17.03234566,0,20.84824533,20.16476244,19.2298399,22.70264659,18.0647356,17.23158005,18.17802614,19.92482874,19.1465115,20.29879771,16.16733817,19.28509694,20.46968542,19.85418287,19.84785012,0,18.20794434,0,22.29471051,18.35204781,18.6562704,19.02000754,22.01902415,17.29782196,19.7435685,0,19.04521525,15.61610083,23.68993192,23.81430021,17.25113061,26.64917856,16.60184408,17.72470012,20.60292253,21.90611116,21.73273766,20.97757246,20.26638336,21.68993335,18.37686811,21.21773605,19.74611243,17.65993578,22.35357686,22.49369364,20.41884355,17.41474833,18.77919612,0,21.3380259,20.64314453,20.11514319,17.70421798,18.82945581,20.37779278,22.3060969,20.73701912,21.51959444,19.40047722,20.11970992,21.2349438,16.72927852,19.28537959,19.77680175,20.15145567,20.4835415,20.80425571,18.81396945,22.07609372,19.82044765,25.92097227,26.50311705,27.90254913,23.52857304,19.20584817,18.03417029,20.29724062,18.73614926,21.00379713,23.62161417,20.87275464,21.14307298,18.53860827,20.81108691,18.27389421,20.88995907,16.89617799,19.17504614,22.57739909,21.61983908,0,21.206101,21.95844891,20.09586686,20.3059519,21.57821107,21.62686522,19.81419004,21.29550872,18.4983089,18.2540975,16.46125217,19.16080267,20.40450758,18.47323399,19.10364335,20.42632228,20.0291154,22.69475147,18.26004655,19.36181729,20.4067448,19.41201837,17.77164645,16.00718984,19.2802711,21.33532957,18.05566219,0,19.54673988,19.83719669,18.19961634,23.2149772,23.47678975,18.59837413,18.9972895,18.18523067,19.93062326,18.66883403,19.91160365,23.14515243,20.08850713,0,0,24.46836178,19.92696988,20.36871681,20.03960599,22.02328175,0,19.66310651,0,19.53192829,19.03957666,19.24876273,18.2258105,19.11302838,21.63850789,16.97085818,20.8490505,0,0,20.4260779,19.91392254,25.95418359,18.09679258,0,19.0266197,18.86498419,17.78471043,19.65180248,16.36132294,18.40937345,24.17566536,23.02074423,21.4688548,17.29214527,18.92671845,0,24.35725015,21.2527929,19.10847599,18.65750104,0,19.36496344,19.7948958,19.02562934,19.99623108
TP10L6,39.51850868,21.65623839,18.9542582,21.64901102,22.93771077,21.08836811,21.05931553,17.91922356,18.66237132,21.16835336,19.253564,0,18.36334537,24.63751854,0,0,25.99754845,0,21.24667955,20.9041957,19.48857153,19.341796,23.74864722,23.02620491,21.98736744,22.89996572,22.69061234,21.30810262,24.64811452,12.79525068,17.98123135,24.00659884,0,22.66969982,18.24560236,26.90828919,20.34925292,19.90105985,0,22.13764882,26.71289089,20.41396119,21.17890005,23.92749262,17.52508489,20.8269821,21.86790833,20.67468055,23.65696643,24.04390197,25.90112726,0,20.93505377,19.66677732,22.66935506,0,22.75540906,24.59576066,19.32638642,18.55428543,20.90895855,21.02150654,22.07074629,25.75617936,24.90849812,18.43013397,26.23224318,22.41607602,0,20.55791844,21.19283691,20.24908751,22.12553461,20.85396315,24.58669306,25.39884308,22.59645488,19.43914253,23.59488619,22.85401443,22.62580864,21.29181548,21.05330021,21.45501833,23.19511888,17.73334708,22.64849526,18.49122344,20.6380197,24.56455778,0,19.00237548,0,22.09039382,0,24.57249569,16.77246691,18.67513403,18.6915416,20.82500252,24.46752461,14.95115887,0,21.83578561,22.59756772,21.28672961,24.34933889,19.2315523,27.49841266,18.91188383,25.33097294,19.43062701,20.09097303,19.05195236,16.88562846,0,20.9904144,18.6624298,19.16450793,23.11256767,18.34647442,17.57285209,18.2856407,20.11249745,19.25465337,18.2087374,18.28419808,19.20237703,20.65658734,19.79491868,18.8739694,0,19.36662744,0,19.93437786,18.33810264,18.22551011,18.56933994,20.87213257,16.82520813,18.3371537,0,18.62564916,16.23240225,22.7856414,22.90141071,16.70792296,25.54128942,19.01836775,20.45229079,20.50559568,22.42206399,21.81204139,20.9795889,19.4131151,19.84761905,18.71808833,21.23899599,20.06637436,17.0459548,20.86875294,21.1289068,20.61705464,16.47823684,19.54550525,0,19.27259707,20.8269821,20.30406409,15.04851622,19.77228364,20.05365526,24.52297459,21.17424415,20.16781985,20.33003496,21.68456801,21.69454721,17.85035346,18.2491589,19.36984229,20.56847876,21.69810188,20.93117688,20.6019724,21.42886283,20.84425177,25.40677694,25.70475856,26.84438683,24.11133,18.69567583,17.91091922,19.35928475,18.51820865,20.56589707,24.06961786,19.50670962,21.5491697,21.63450019,19.94878302,16.70406465,20.84143196,20.73679824,19.61890675,22.72447396,21.90962614,19.66542276,21.27741001,22.05108525,20.44861988,20.22665718,22.03981366,21.9810697,20.03860939,18.93704998,14.40009586,19.0988824,18.05331302,19.01545986,20.76368444,19.21687406,19.63670294,20.93904082,20.93891849,23.29321217,22.09078142,19.77206926,21.04183105,19.81267153,16.3022375,18.38151714,19.72243697,22.62134746,19.04023579,20.66494327,20.57348348,21.26747028,19.03357799,24.46000615,24.46000615,18.27362468,19.60487328,19.37961112,20.72973922,20.03503079,21.90670011,21.71572243,22.7668015,0,0,25.48991704,19.50502628,21.85364427,20.76822927,22.90852704,23.85934584,20.30737518,0,22.12756808,19.30878608,20.98411331,18.20358236,20.44918248,22.22074206,21.92402797,22.17968347,15.01075064,0,21.25628695,19.73455503,26.38057599,19.18573654,16.34348682,20.38669739,20.11238713,16.89156982,20.23991117,18.84921151,19.46509906,24.48973327,22.60267384,21.15596042,17.82230818,18.93542566,0,25.99611264,21.94257576,19.45452845,20.76650035,0,19.30935866,19.45541116,22.15998919,17.52449657
TP10L16,41.66018095,21.01483246,18.96216846,19.35350392,22.55701872,21.45975138,21.13673818,17.4517762,18.48134433,21.89645842,19.42470896,0,19.52961799,23.46032603,0,18.76715438,26.33057204,0,20.09199637,17.30561748,19.27846933,19.18367253,24.04952121,23.4074275,21.02665,23.87688896,22.2538671,21.25007756,23.6073067,21.07190744,18.07793037,24.0837305,0,22.12501494,19.15344905,29.22849158,19.62927992,20.01798494,0,22.33116621,27.08187952,19.54794832,27.18124602,26.99449676,17.95655766,19.89441073,21.53406711,20.95079311,26.49817489,24.27797747,25.96356942,20.44580281,21.5921305,18.29110923,23.05643324,0,22.89006359,25.0614531,19.79511634,18.9245625,20.24296648,21.69241433,25.27233418,25.58012092,24.10705473,18.34957524,25.12544593,21.57806358,17.5473086,22.13583629,22.79486042,21.37314891,23.95996514,21.19171155,24.17780331,25.54048909,22.69013959,21.77217502,18.21078746,23.9918247,22.78118561,19.56088135,20.76052567,21.7002164,21.51499147,17.74440096,22.74387326,18.75451417,20.94529356,25.50666609,25.63750336,19.0454281,0,20.43088373,0,24.41798293,16.66460249,18.69851404,17.54776765,18.81445507,24.74825023,0,21.07792917,20.94615614,26.9697677,20.14448291,24.83695331,19.27617798,27.69010474,18.77315396,22.36741554,19.88934289,19.88181073,19.06608529,16.88084237,0,20.76367192,20.06653201,18.87300905,21.26165152,16.13732893,16.63040934,18.13021861,20.68706253,18.63115962,19.02641495,18.68518188,19.25793554,20.08965398,18.90796427,18.93405016,0,0,0,17.4350677,18.12245117,18.40021924,18.34882331,21.82272306,16.7008647,18.21947341,0,20.22162584,16.8575708,22.6645794,22.77752346,16.83865534,25.85889942,18.66507941,20.41422913,20.69171096,22.35731494,22.28741855,22.13977723,17.67750114,20.04422547,20.08147512,21.11140163,18.96292699,16.4781384,20.60609578,21.38708172,20.94730878,16.52478854,18.61367701,0,18.88613819,20.58307083,20.34579591,17.33703527,18.63922764,21.04409321,25.52915298,21.23967912,21.84111569,20.06913767,21.46611082,21.51825409,18.00468984,19.01678909,19.26140745,20.46358747,20.52294943,21.07290435,20.38338595,21.56894671,0,27.94056755,28.30758618,28.80012789,23.23780381,20.7868225,19.48824154,19.66643357,19.62929828,21.55297928,23.85345661,21.87343247,22.26028424,20.9731107,23.25870075,17.19870212,20.81445523,18.25914142,18.88289656,22.50875899,21.74781498,0,21.5825146,22.07558396,20.29914399,20.24149007,21.5151061,21.19423246,19.17580271,21.31120235,19.21246145,20.12715291,19.62271951,18.64072064,20.39419663,18.64774194,18.94742282,20.9302855,19.8161618,22.73689338,19.53210148,19.8375385,20.04014862,19.01830194,18.55081185,17.46298181,20.55722865,21.54847918,18.13274445,0,19.93472318,20.57129037,19.22316997,24.14141939,24.14141939,18.34505897,19.34719094,18.69552338,21.34453877,18.57564458,20.66596144,22.01980107,20.35004077,0,0,23.48682285,20.67049517,20.06935253,20.37426834,21.63812067,0,18.88707504,0,19.36527851,19.39344645,18.47010817,17.07118206,18.67962983,20.60284403,18.09492808,20.57821616,0,0,20.20160558,19.27912403,26.50306511,16.53613578,14.16263122,18.26013831,0,16.12837961,18.63141996,17.15396532,17.86834669,22.36622637,20.61362529,20.57071595,17.0251775,17.92785009,0,22.74361049,22.73738463,20.31131708,0,18.34117675,19.14387235,19.1058034,21.28936113,21.44250095
TP11L17,43.8568298,21.7416508,18.43373581,21.6042246,22.79482062,20.90493095,20.71325458,18.12623008,18.20270599,20.65843067,19.19587924,0,17.78882231,21.05131834,0,19.07433147,26.37697258,0,21.63915026,20.00949935,17.59658791,18.85272676,23.04147085,23.04875808,20.83727508,25.61680434,23.91414413,21.11210041,23.673115,20.50508202,17.8657961,24.17880026,0,22.12561322,17.47300938,28.28053227,19.84479618,18.80901758,0,22.16777694,27.00268526,19.25167795,21.02918206,23.25078209,18.28139194,20.21613361,22.17871113,20.87804475,25.34568681,24.26825853,25.81361995,21.32665024,20.83631131,20.01388371,23.28619018,0,22.67419832,23.32793721,18.91878699,19.08359098,20.92168629,22.67884618,22.18196083,24.33303684,23.95769351,18.20100053,26.06686206,21.07128749,0,19.14116142,20.1129984,18.82790942,21.50392189,20.59038755,24.43259023,24.62512854,22.51303321,19.34012181,23.20126193,22.15691417,22.33753594,21.4284347,19.60341248,20.8690418,22.65561682,17.76176933,22.66178804,18.58276677,20.49815827,24.39864246,25.14427285,19.55374911,0,21.98231122,18.13109597,25.96851424,16.16574122,15.89556014,19.25281706,20.97424436,24.86861244,0,22.14527039,22.24373017,23.42803114,21.61891037,23.70216225,18.87390531,27.76786598,18.15673019,24.03942454,18.30327174,19.39526251,18.92182568,15.87669844,0,20.69400546,18.52932415,18.76587545,22.96509361,15.01597117,18.92085711,17.97522014,20.98655308,18.98865415,19.72316453,16.33302988,18.70898209,20.76580899,19.44027869,19.299927,0,18.26401328,0,19.50553763,18.82289769,19.5782842,19.01416404,20.76746559,16.91532538,18.49508101,0,18.44319274,16.21867173,22.24049971,22.34106857,18.10759578,24.92139799,18.47249375,18.06678597,22.28133871,22.1685993,21.72684784,21.56672438,19.90702964,18.43600877,19.80912416,20.74859483,19.4250458,15.98442773,19.29223592,20.02250765,20.63292427,16.85706743,18.59343185,18.90225244,19.9683477,20.86656732,20.16492598,16.45507455,20.00758221,20.35543212,25.65374868,20.2411862,20.14300395,20.43685588,21.5659374,21.55357816,17.74884377,19.02111725,18.9432699,20.28984561,21.40254413,20.78331402,17.06532401,21.8273568,17.91358129,26.82881219,27.38060998,27.65198518,23.42415431,19.75501795,18.55230417,20.58367578,19.43501882,20.85897692,23.99606608,20.32286605,21.63791528,18.30983093,21.1288327,16.90343746,20.87196918,18.49776565,19.69717777,22.49728051,21.40582387,0,21.83533109,22.34016039,20.70019007,19.65807517,21.33400208,22.23761461,19.71810885,21.92075218,18.05609921,18.98523366,16.36375532,18.2915904,20.53018105,18.69993401,18.93650298,20.36088051,20.06309359,22.99038993,18.9444759,19.43953995,20.54658171,19.57481857,18.1692985,18.83856778,19.54156565,21.68614808,18.30491692,19.95277494,19.35062495,20.29582248,19.97116917,23.77947569,23.77947569,19.51438404,19.32965236,19.07551883,19.73215378,18.92657852,19.5238876,22.31362463,20.78353096,0,19.80455696,24.10151238,19.51049016,21.03136827,19.28873669,20.80562993,22.3110995,19.09307208,0,20.37225048,21.29044984,20.07263,18.71558088,19.29653114,21.45733655,19.1684957,21.27247084,13.6894531,0,20.20651654,18.92582388,26.27763826,17.34491803,16.89971539,19.04706502,0,17.6486494,19.59110354,17.411033,18.42878416,23.98716983,23.48367352,22.03670975,17.739034,18.77722857,0,25.48748581,21.26883063,0,19.16382325,0,19.01151104,19.43100999,19.59539976,19.69426867
TP10L14,46.70169294,21.96661981,17.97688204,21.71493758,22.72592738,20.24313525,21.79974823,18.47251831,18.85197157,21.2665631,19.7454622,0,18.73598333,25.68453107,0,0,25.87128695,0,21.78793774,17.94539822,20.04133771,19.27551002,24.60221291,23.82329953,20.6617603,22.89022517,23.68774117,21.56391314,23.55527416,13.5963756,17.56432382,24.18423297,0,23.3612118,17.88359211,28.43553286,20.71843418,20.76951827,0,22.27256519,27.03441261,19.31406288,21.28063769,27.48454328,18.08817746,20.15023444,22.08419681,21.1136466,25.09913137,23.99573399,25.12689608,0,20.93974658,20.08398213,22.77116372,0,22.87174258,24.87368187,19.81806907,19.13987378,21.83243604,21.56279527,25.88962883,26.987566,25.56307784,18.63431689,26.22493701,22.55838595,0,19.60489379,20.51891356,21.53427504,21.79862039,20.29507711,24.89966842,25.56917932,23.09483905,19.29332673,23.97581729,22.95898094,21.99712346,22.01706081,20.39536029,21.12362954,23.4599707,17.90667688,22.61201569,18.86079595,20.8273058,24.67934815,25.79015139,19.34212773,0,22.05941975,0,26.64320962,16.74644767,19.07649791,18.19328383,21.27516368,24.91750882,15.258935,22.45078512,22.45105172,25.97099639,21.67568898,24.57359716,19.55439871,27.44582194,18.93042784,27.15570656,19.49873033,20.06183084,19.1680697,16.97521311,0,21.44678469,20.8473105,19.02829473,22.98885651,16.31429092,19.3269175,18.16036103,20.82939296,19.27983891,19.43671484,16.91266002,19.44802839,20.36972719,19.29795269,18.44947062,0,19.50013661,0,17.57138536,18.17054269,18.91258953,18.45083172,20.59584168,16.74897569,18.86791539,0,19.00296906,17.29593986,22.76980057,22.86556657,16.69411916,26.72611787,14.42579345,21.40952743,22.11570272,22.08037052,22.1816493,21.43240626,19.71392677,20.54225304,18.57399538,20.39896325,19.29822146,18.49715425,21.28042322,22.17251711,20.85538316,16.12724764,19.25284333,0,19.70705159,20.15023444,19.64248938,18.03017649,19.35656444,20.39364152,25.08360566,19.98397992,20.37657038,20.56794401,21.66670598,21.57763091,18.95262279,18.69585034,19.9404581,19.88170966,21.35310176,21.16221509,21.94777838,21.41087512,21.58560422,26.71846237,27.23025269,28.1471876,23.88182492,20.38619838,19.87955355,19.87220905,19.21085411,21.51350714,23.55969257,21.23222742,21.83149472,21.51168376,21.98659867,16.97759162,21.50667587,19.53788707,20.13422612,22.32886916,21.29045859,20.36798472,22.01452283,22.49686805,20.57363459,19.25463016,21.36151974,21.31018118,19.86823224,19.58063471,18.02412835,17.2301817,18.17854716,19.09007509,21.04737161,18.65014988,20.06804397,20.398572,20.8977479,23.37924281,20.83024583,18.96012636,20.6044057,19.43651024,17.89297983,18.06115805,19.24130129,21.78892428,18.23191169,0,19.27765523,20.54687836,18.49259529,23.66152255,23.66152255,0,19.63137242,17.86445696,20.71991839,19.02851302,20.28359438,22.43475635,20.41407113,0,0,25.45653263,22.32065219,21.22187972,20.14135952,22.36851623,0,18.3340416,0,20.53388962,20.5383825,19.42076605,17.7476028,19.50718855,21.34051983,21.01122298,21.30898223,15.49796715,0,20.62257611,18.78698745,25.52527002,17.7796167,16.60850815,18.22039198,0,17.32178916,19.32119486,17.300149,17.61663623,23.65529143,23.23115163,21.77382807,17.0999665,18.06740654,17.10820787,24.53974427,20.63749002,17.54272058,19.82458401,0,19.56623625,19.76137187,19.33822209,19.3398282
TP9L4,46.91141261,20.61210636,18.2700462,20.11978389,22.70674805,20.53686687,20.20473672,17.77910208,19.53943905,20.93119382,18.56181457,0,16.33454314,18.63038217,0,0,25.86134847,0,20.76922598,18.20204255,15.2884444,18.32166952,20.12060761,22.03869089,18.29887857,24.00847839,21.2935825,20.26400453,24.17590178,21.45653664,17.9799612,23.88265794,0,20.86294811,17.72596916,27.19230487,19.40690808,17.47728962,0,21.63581074,26.18075745,20.28138918,20.76003331,23.57709583,17.54534159,19.74952224,22.30328041,19.0750673,23.66154817,23.12878626,23.7214869,0,20.51604681,18.83442619,22.35726971,0,20.95744952,22.81575687,18.71282513,17.26805127,19.56989428,21.61033686,25.80143777,21.7335428,23.05632479,17.18439765,25.01065121,20.15468188,0,19.58356654,20.71811445,17.4069945,20.74683274,19.5211817,23.47850276,23.92804153,21.33352841,17.94617186,22.23340336,22.53092959,21.82840821,24.56419948,22.14727555,20.29058195,20.82583454,16.91672341,21.81163789,16.94498645,20.08768964,23.66008663,23.68439072,17.80471824,0,20.93039605,17.05806838,25.46807975,19.3581401,17.05721912,22.69302985,20.3796121,24.41678051,16.59658171,0,20.87015619,22.16974897,21.18903721,22.54715119,17.5508069,27.12716923,17.99023566,25.69870865,17.95506343,19.04993802,17.84837402,17.36798919,0,20.28941952,0,18.08616966,21.59160411,16.68856682,17.85535582,16.02956523,20.83598347,18.02623203,18.31721306,20.462364,17.76472199,20.0077607,19.05142371,18.11657128,16.37883739,17.89567483,0,16.57768347,17.44605983,14.99238165,17.45604865,18.62581456,15.89659142,16.41740099,0,17.06039196,15.46523238,22.03317756,22.19776252,16.10797032,21.66142246,18.44032236,17.63699973,21.13377595,22.20235695,20.72573719,20.66364715,18.50612587,15.97265745,18.10886318,20.79415031,17.58705273,14.25515246,19.29435214,18.48472615,19.40111665,15.60595851,17.80792431,0,17.30706031,19.74952224,19.55338118,14.76035761,19.06837589,19.0680298,19.33976884,19.28460756,20.09621645,19.87449361,21.23284131,21.46598471,17.40983371,17.59323277,17.81727169,16.99597376,20.85976008,20.14349453,18.07436628,20.88534737,18.89081663,24.71194707,25.44713443,25.60426384,23.08829244,17.08652498,17.38704465,20.01587727,18.15933558,18.93746344,23.75964242,19.29868861,19.48080183,18.55663501,19.26793688,16.48698849,19.35147431,17.80119997,17.60882107,22.24114871,21.26180178,0,21.12068971,21.32960991,19.08073838,19.28103178,21.12603487,21.39016009,18.61716459,18.97515658,13.37556492,17.00660625,15.96137426,16.98497544,20.04643453,18.69822304,18.00812503,19.89330961,19.94439424,22.80413071,17.97581004,18.86482339,20.34457004,19.15989306,18.47174591,17.07081751,21.01606675,21.76435795,17.15334556,19.51049581,19.98199086,19.83960806,20.26233474,23.611701,23.56952549,0,18.34355731,19.41682174,21.97364047,19.8537727,18.98374836,21.15896082,21.20913431,0,18.53211111,23.51394064,18.65969256,20.97387828,19.58211223,21.28759061,22.33226251,19.38350764,0,20.33345664,20.71064853,19.53534807,18.1081842,19.27989417,21.60741498,22.99902462,21.47993039,17.2808804,0,20.60772366,19.16510787,25.23791867,18.86084201,15.2236366,0,19.87170173,16.93636976,19.68736202,17.97704051,18.27676045,23.87789319,21.81380224,20.30529729,16.59658171,18.58668946,0,26.5887682,26.30110315,22.89612104,18.58347213,21.22887963,17.46368785,18.86893125,22.13512482,19.20352692
TP9L20,46.94466931,20.04403466,17.59855921,19.66116834,22.13236953,19.65117719,19.39687404,16.52956975,19.5335315,20.5676475,16.50981642,0,14.94337221,20.63633873,0,19.58206962,26.23041617,0,20.120747,17.88938275,15.86898779,17.75611856,20.20818535,21.88718089,18.85626341,23.46643194,24.16622253,20.00308517,22.65113673,20.37959551,17.4538608,23.07606861,0,20.81057051,17.87140944,28.02503263,19.15178138,16.62121394,0,20.36348831,25.41534426,19.4850157,19.96001607,22.78312941,17.60499516,19.42941516,21.95859724,18.61154744,23.7537088,22.25315444,23.51143283,0,19.27233509,17.53560241,22.24912555,0,22.22839571,22.75539249,18.17250818,17.86948878,20.14486514,20.20547112,25.91973786,22.98322056,22.91391245,16.46142388,24.5977057,20.47349554,0,19.54347739,20.84562639,17.81468438,19.76560872,19.35156739,22.97281658,23.54487953,21.39872675,17.95737204,21.0119551,22.80513691,21.0365011,24.14867392,21.97611882,20.677759,20.16837722,16.84931765,21.24025182,17.71026834,18.85763306,22.96881017,23.84459702,17.21356,0,19.62000678,0,25.47802888,20.0749945,16.99132839,22.58344377,19.79256407,23.15511054,16.90009691,0,20.26062577,21.67393157,19.05127007,22.53731448,16.71253447,26.94479069,16.94264881,23.02300993,17.05040156,18.32797799,17.33970475,16.93304615,16.76816468,19.08795346,14.75631488,18.06836915,19.84070132,16.11245041,16.37546124,16.99964102,20.26798479,18.12839074,17.30095829,15.47015364,16.86216286,20.45122639,18.85874512,17.82371831,0,0,0,16.57371479,16.81745296,18.13434655,16.2446748,19.20752062,15.95459649,16.8581843,0,16.84401556,16.98421155,21.07079787,21.17212671,12.7701444,22.06274917,17.47490166,17.30018336,19.97223296,20.94158842,19.73101708,19.9341584,18.93820037,16.73569252,18.01388067,20.14804795,16.91984238,13.23347296,19.01272876,18.59360042,18.00703958,15.57486215,17.55247612,0,17.75198754,19.42941516,19.33135318,14.28032265,17.9068159,18.47134608,19.40153422,19.5747797,19.68548454,18.5358825,20.22260861,20.15862408,15.55444362,15.88145823,17.35508384,15.82154174,18.72131034,19.59411988,18.19183291,19.55241679,19.51109652,24.78886188,25.51903581,25.84546008,22.05097189,18.61127428,16.93871523,19.79432052,16.95027193,19.29764156,22.24492472,18.09842249,18.74294817,19.51338784,20.03790126,15.89952978,19.32685934,17.16902983,17.13457837,21.38616875,20.30301677,0,20.81215223,20.93961144,18.80879007,18.91243186,20.18581538,20.57787621,18.8783929,20.52632252,13.41396416,16.3846332,15.50932422,16.83789509,20.19267787,17.69374817,17.86808229,19.45085984,19.22746928,21.84257907,18.29502729,18.18567335,19.16228836,18.51102666,17.5943902,14.26328026,18.53022283,20.383708,17.24110683,0,18.36361935,18.70234344,18.25943003,22.25668294,22.32910038,0,18.35384954,17.92698919,19.54409308,17.8843155,18.77611926,20.73061468,19.20197086,0,0,23.13726374,19.58316639,19.44220015,20.51503508,21.00837184,0,19.40873924,0,18.5875332,19.9226341,17.94738447,17.86471911,18.80073323,21.40878774,18.59078796,20.66449533,16.04255596,0,20.16532813,19.96132474,25.0559774,22.41083095,14.69024899,0,0,17.73440878,18.97878586,16.6855384,12.67470988,24.26103098,22.43167945,21.95784673,16.90009691,19.1518231,15.00719203,24.89833884,24.62289109,22.90020427,18.5367366,19.85477278,17.38097025,17.86978607,19.47333586,15.5484999
TP9L21,47.34874027,20.33726302,17.91428149,20.2284911,22.68438221,20.17137931,20.2309806,17.17498116,19.35784071,20.80986299,18.24103186,0,16.23583995,18.5267288,0,0,25.63315422,0,20.27598436,17.73340896,14.82534318,18.45202913,20.39310216,22.38035624,18.19745988,24.17423707,20.69422826,20.06225947,23.69767818,20.66165687,18.02233896,23.60392959,0,20.7693761,16.83503614,26.8015423,19.50542645,17.15748006,0,21.47001257,26.08938303,19.67760475,20.00309824,23.48520347,16.74726203,17.62038893,21.78490965,19.36116434,22.89858392,23.11851021,23.67457122,0,20.13324828,18.6059829,22.59518816,0,21.03680489,22.08593743,18.94210335,17.01858604,19.42905956,22.11034535,25.98731762,21.79118532,22.71811583,16.92896956,25.08528282,19.45128962,0,20.06408179,20.64959521,17.66439492,20.24602285,19.44759934,23.65964279,23.71713726,21.52119896,17.55759993,22.00826206,22.47259813,21.87035426,24.01615128,22.10129856,20.01944369,20.4712728,16.66951562,21.74849509,17.57246386,19.84068842,23.13974533,24.04613344,17.98245865,0,20.9606926,0,25.60722679,19.63676,17.38561139,22.61641143,20.04923274,23.8707283,16.33211721,0,20.56250774,22.06115131,20.38483543,22.08848222,17.82214959,27.19035584,18.06701156,26.56199504,18.09752879,18.52572606,18.65305863,17.3967895,0,20.38601157,0,18.26423614,21.61982657,16.41157892,15.35109432,16.04314085,20.80448844,18.02916862,18.10563847,15.49318043,17.95812765,19.60666072,19.47144949,17.90305016,0,17.99328432,0,17.00126594,17.36825368,15.13274576,16.90708409,18.3094728,15.87258739,16.43187283,0,17.64292433,15.37096682,21.3456434,21.44460453,16.61879071,21.9476869,18.1331506,18.04032718,20.9895078,22.02695801,21.0719772,20.38190852,18.25973751,15.80992188,15.7747288,20.44620532,17.58845001,14.3901765,18.98773404,18.21184179,19.67525312,16.38802094,17.55477227,0,17.23076438,18.26847217,19.12597927,14.38711271,18.52295389,19.58449022,19.05844853,18.98482212,18.84323995,18.79628539,20.10818751,21.13409558,16.78130465,17.55234695,17.51680074,17.34767266,20.25799116,20.06996825,18.17365503,20.66179629,19.15316822,23.96636788,24.72503128,25.03397131,22.68487948,16.67514933,17.00402217,19.69289373,17.80766937,18.73994369,23.34096428,19.28431761,19.28109917,19.45053729,18.92967034,16.34590711,19.19239572,16.90995444,17.43753019,21.75445034,20.78632063,0,20.93410404,21.08677066,18.94738599,18.88434029,20.651826,20.92835066,18.46188838,18.2695696,12.45646626,16.46397558,16.09362487,16.60550716,20.0870629,18.11879783,17.47201677,19.71256009,19.46504509,22.6040303,17.93153564,18.44287174,19.92993676,18.92639139,17.56982726,16.27497401,18.80146839,21.21471658,20.01644175,0,20.90924776,20.20081572,19.99958725,23.16112356,23.11254679,18.44383737,18.40426232,18.91544515,21.47157793,19.6637943,18.88007463,20.8724251,21.16409746,0,18.27109287,23.52777428,18.64954031,20.55977714,19.45833852,20.92955102,22.03658147,19.33377357,0,20.27788791,20.03701787,19.37941102,17.51681643,18.96957739,21.16395547,19.40576211,21.29141803,17.22356662,0,20.31835163,19.09988588,25.20146921,18.86614882,14.36675046,0,19.09015455,16.74609793,18.77557626,17.87088267,18.50757688,23.87084754,21.86974484,20.36961643,16.33211721,18.41391855,0,26.73884428,26.43920651,22.03282156,19.23586373,19.99993048,17.588882,18.05005545,21.85956424,18.82648035
TP9L1,47.88604879,20.64809401,17.91135267,18.95334598,22.29751648,19.7794814,19.04252487,16.87445679,20.03858358,20.09006913,18.04288443,0,15.71802203,20.48195514,18.43162578,18.66436277,24.06331154,0,20.41229076,18.18743032,16.64106863,18.12182004,22.70796847,22.16787822,17.76924884,23.47839872,22.73490843,19.56013764,22.41569396,20.44462642,18.23747855,22.97186484,0,21.35991343,17.5801041,28.19661806,18.31284217,17.04738985,0,20.93647551,25.74647588,18.73997204,19.93168831,23.18999024,18.16872959,19.45753457,21.82184764,18.98178456,24.00897551,22.92759718,25.80792416,0,19.90569962,17.54454647,22.49847671,0,22.53085548,23.43498515,18.83224274,17.51644608,19.67030383,21.03434964,25.93425451,23.22505391,23.11066787,17.31886196,24.73908178,20.72702445,17.31812616,19.37785884,20.73926062,18.07983818,19.86053269,19.02438606,23.60840706,24.49373947,22.04281506,16.98837312,19.93812169,22.70746378,21.1736591,23.1191437,19.82436615,20.59005106,20.82224465,17.81149657,21.77631526,17.57207325,19.4986277,23.40734441,24.6534265,18.06049304,18.57679906,20.37778668,0,25.7694495,19.78489531,17.68214425,19.24233371,19.91339701,23.88856797,15.60074066,0,20.52900479,21.89986948,19.30839534,23.09144885,17.88137188,27.04439045,17.67310233,23.58139489,17.82985136,18.87710405,18.7579326,15.85769828,19.01736868,20.62317918,17.38205072,18.50328968,21.10485908,17.58267558,17.88362619,15.69647788,20.6494771,18.51078348,20.02028845,17.9544277,20.35924422,18.98925646,19.70626776,17.31993631,17.86205379,0,0,18.47770177,17.5504735,18.135323,17.99388429,20.60086784,16.66841898,16.94256636,0,17.77338857,15.47990595,23.41291381,23.56175442,16.8988722,24.39078368,16.93865206,17.62807196,20.03884769,21.37603812,20.58439318,20.39795334,17.12387298,18.13077951,16.85875388,20.51530961,17.59211515,14.92599401,20.74501899,20.00306078,19.69768259,17.06981071,17.93939635,0,19.7349034,19.45753457,19.42416603,16.14605125,18.52971485,20.17423572,18.59712143,20.28631827,19.45521055,18.7545646,19.68147521,20.91888024,16.13735619,17.56604551,17.54362641,19.26256495,19.39593216,19.92540454,19.57809291,20.68353691,18.28071495,25.06428462,25.79308877,26.07834529,22.10680631,18.59234848,18.35075907,18.56481755,19.33291582,19.45929006,23.06768765,20.01552395,19.44026072,21.4191043,20.35348761,16.28432119,19.56277707,18.34204003,15.81540989,21.57421732,20.53412625,19.96320694,20.76781752,20.97369987,18.77656285,19.32617982,20.43101389,20.7978333,18.22429135,20.59398009,12.88554443,17.00451208,16.16761764,16.3149818,19.37876103,18.15815341,17.47548814,19.55120234,19.31612904,21.87294923,16.86140247,18.14466831,19.20449452,18.7099288,15.97866879,15.37368725,19.33025305,20.38031289,17.03495191,19.03174857,19.35698705,19.08803151,20.95165985,22.49299596,22.59744409,0,18.28827399,19.42382423,21.77684429,17.18459355,18.6551024,20.62782609,19.48989231,0,0,22.41811161,18.52999789,21.42235807,20.10660744,21.61499151,22.13335605,18.31713199,0,18.69076273,19.17119195,16.9874079,17.19909875,18.4267943,20.46048482,21.40970346,19.96474975,15.83333181,0,19.44623201,18.94504721,25.99946536,22.14729228,13.4343505,18.49078386,18.04774057,16.72897505,18.139952,16.73561846,0,23.29742557,20.84631519,20.70875024,16.43686535,17.81251875,0,23.72707878,21.54591732,20.62026165,14.41251411,19.1095363,18.1935188,17.99242111,19.16324652,16.05683332
TP11L6,48.19885684,21.9374465,19.20230938,21.46448288,23.11996478,21.60785595,21.52792172,18.08828514,18.85950246,21.16836931,19.44437613,0,18.57600258,24.80695917,0,0,25.82330801,0,21.84773347,20.47012424,19.56749809,19.14634644,24.72381503,23.3969657,21.57738996,26.01151328,22.04605748,21.14714128,24.12905233,22.16349029,18.23638284,24.06152118,0,22.43821804,18.00408892,27.74296938,20.02216491,18.86989803,0,22.63774384,26.88525987,19.71247714,21.33993153,24.36399337,18.2938323,19.7521111,22.58187218,20.75102283,24.23769651,24.34375505,25.81155748,0,21.32719101,20.251212,23.03169245,0,23.55388083,24.09560117,19.23779265,19.02542384,21.64489757,22.29056735,22.46112294,25.86711268,24.64906966,18.73458779,24.85961538,21.96541742,0,20.33601781,21.00994855,20.42643049,22.16234083,20.57145151,24.61073069,25.41521177,23.01964492,19.52390355,23.62530531,22.87820902,22.44214703,21.55117891,19.74385627,21.11729628,21.90550819,17.92182495,22.77165768,17.6682964,21.02837806,24.72471923,0,20.03733554,0,22.17375586,17.8912361,24.71578268,16.96989171,15.80887631,19.02389077,20.45818279,24.62581715,0,22.15101239,22.06752222,23.05164347,21.52805272,24.10740865,18.8861864,27.7326599,18.64594615,26.13049733,19.98504919,19.59022818,19.65504191,16.11295381,0,20.9955085,17.79177878,19.31492159,23.19643334,18.1395697,18.88785707,18.10759738,19.79047946,17.87085258,17.71018642,16.2124107,18.48089302,20.62767495,19.71013958,19.62258705,0,19.94510645,0,21.71085486,19.86739205,19.3373262,19.079855,21.43996752,17.1434609,18.20561306,0,19.80892031,16.02502823,23.27529208,23.36540043,17.54689978,26.49597964,18.96361462,19.01021411,20.67693934,22.71749206,21.94370361,21.36967638,19.31047282,20.30366877,19.33880612,21.48104419,20.18944575,17.29393669,21.47561445,22.20869173,20.69592118,17.80767988,19.88765973,0,20.26005355,20.88363445,20.5457484,18.35057684,20.63746757,20.78858313,18.49430725,21.25340258,20.57656695,20.76132722,22.06020445,22.19362836,17.92842279,18.91106551,19.68523616,20.89488874,21.90432034,21.10755221,21.51878021,21.94553869,20.59936375,25.98817335,26.31745692,27.4592312,24.16222548,19.21568207,17.06920399,19.52152825,19.4423225,20.94100421,24.35225173,20.00899238,21.87825126,18.10119193,19.94285498,16.65984742,20.82553687,20.17169106,19.83137834,22.87858808,22.03768599,0,21.51895084,22.29186852,20.38458941,20.34099763,22.2163261,22.30029922,19.86647802,20.30788346,17.79402326,19.79721669,16.62042802,19.40632613,20.37601216,19.26789776,19.70655136,20.81257008,20.94588151,23.41020842,18.79548082,19.92375016,21.19534761,20.03905241,18.99223373,16.9563491,19.63727329,22.68041229,18.733928,20.44684421,20.46942104,21.34983929,19.64171434,24.56044776,24.56044776,20.3621092,19.5801304,19.2144097,20.63521951,20.21539785,20.38858974,22.44694261,22.54864538,0,0,24.68657466,18.94031225,22.52594908,20.33156041,23.45589717,23.19628052,19.06981386,0,21.47797914,19.41792698,19.38758824,18.81226778,19.826293,21.64660028,22.12293877,22.43767281,16.94041196,0,20.56118763,18.94327315,26.28225157,18.48480891,16.16947658,19.52981526,19.77076449,16.36062391,19.55484037,18.14250977,18.48112575,23.99091,22.11767611,20.41877996,17.25405844,18.02866291,0,25.23834128,20.64182748,0,19.16586091,0,19.41589874,19.65631327,22.22383033,20.63458675
TP9L16,51.29515419,20.25406698,17.89974699,19.9524103,22.426889,19.84195089,19.90476118,18.15582466,18.45796567,19.83077906,18.20314867,0,15.12291444,20.96386307,18.25208701,18.90815998,25.35138727,0,19.86562494,17.9918434,17.5171157,18.39715989,21.6207492,22.52410964,20.1945372,23.34079423,22.71312638,20.47997063,22.35222931,20.44669433,17.81628526,23.45484913,0,20.97098487,16.94551201,25.97226419,18.01423404,16.72929241,0,20.70315607,26.11787263,19.07215922,19.72111755,23.08676008,16.55488858,19.62654219,21.89596526,19.49904519,23.64695253,23.31185634,25.94016594,0,19.762559,17.86463803,22.54979715,0,22.24838796,23.45532453,18.96980243,17.16903589,18.99748692,19.82559841,25.77309239,22.79304682,23.42616661,17.09440288,24.84558915,20.14098241,17.41507386,19.40533769,20.65974781,17.84406862,19.95816144,17.37061038,23.55255413,23.67439677,21.3318823,17.9001342,19.69131303,22.75943614,21.6872402,19.38548733,20.06506777,20.06427604,21.16605199,17.21550045,22.02808484,17.35550068,19.21453312,23.51348107,24.98104224,18.31932336,0,21.10288197,0,25.88598663,17.93326889,17.48637196,19.1065894,19.81652361,23.19436904,15.89961912,0,20.67164032,21.61974664,18.70724712,23.15869587,17.94332753,26.95712056,17.7901785,22.48903944,17.76599246,18.43940237,18.71856984,16.08265679,0,19.89456026,18.55638512,18.41435457,21.84273268,16.36421535,14.99859754,17.31007469,20.61549553,17.82614345,19.55156384,15.86119077,17.87868552,19.70308187,19.07618048,18.89139325,17.11880685,17.65056705,0,16.43970688,17.38096811,15.65645842,16.48961805,20.86355567,16.51621038,17.6685352,0,17.69427518,14.00709004,22.05241313,22.20642045,16.03376351,23.20291716,17.36625217,17.93895279,20.35311452,21.24220342,21.18386935,20.37956609,18.70480099,17.75918017,18.08421068,20.51230019,17.2527299,14.5815092,20.4058817,19.40236441,19.55592687,15.95991705,17.64910692,0,17.96025213,19.62654219,19.35103089,14.94702258,17.9352701,19.16810501,18.72172071,19.01701835,19.06886139,18.64290488,19.47159584,20.8441744,16.05007632,17.69963617,16.77897435,18.81777119,19.05050579,19.70437496,18.49926538,20.85179842,18.75843559,24.69887165,25.4338598,27.19137778,22.6102496,18.39050166,16.37525993,19.96774012,17.99520576,19.42391606,22.76663105,19.13359379,19.48138537,19.29204771,20.15426618,16.55246727,19.48956519,16.79505697,17.15332022,21.9099834,20.82559773,0,20.89747916,21.122001,18.88950745,19.33649417,20.76178285,21.24125682,18.51849054,21.07726363,16.03692575,16.66526295,15.3846299,16.73359111,19.57852943,18.42447723,17.73638589,19.45075223,19.69532445,21.73397657,17.42372684,18.21311243,19.51195523,18.76580902,17.63821798,14.7458057,19.84278271,20.58437574,17.27979443,18.93714825,18.69040576,18.66849702,18.44902735,22.7723711,22.72821488,18.24157092,17.88400738,17.83230681,20.3285417,16.93143467,19.36576078,20.45382125,19.73057539,0,0,21.96925894,18.61072852,20.12374802,20.16266857,20.53367899,21.3998805,18.77867095,0,18.23334539,18.37271335,18.09087363,17.33952725,18.51020813,21.1529022,18.67618415,20.36311025,15.55983183,0,19.77861302,19.50657142,26.3722399,22.39652663,0,18.84854912,18.36921594,17.16473034,18.5878773,16.86921682,17.87776484,23.52081967,21.65228121,21.08689882,15.89961912,18.24455269,0,23.9832575,21.24597199,19.82835807,0,18.12591682,17.86076385,18.31389474,18.44033271,16.60368601
TP9L2,52.06658567,20.06418773,17.58830695,19.94164776,22.22326665,20.03441292,19.98180882,17.12115177,17.56504397,20.13221107,18.82049757,0,15.70449253,19.40456163,0,0,25.32896106,0,20.11971521,17.62106792,15.9846406,18.63300962,20.67294227,22.48439024,19.88582806,23.72082374,20.85701936,20.54454931,23.26905045,19.49613733,17.21933531,23.19562127,0,20.66798399,16.71175351,26.74059028,18.5933766,16.93691394,0,21.1257324,25.98107706,18.86982583,19.72470702,22.85976669,17.91637427,18.88824086,20.95715577,19.68455514,22.76389717,23.35916355,25.65869655,0,19.85692524,17.9414687,21.630979,0,20.99744688,22.58003578,19.11046416,18.14831191,18.7142092,20.99669664,23.56656509,22.0538358,23.78707256,16.97705764,24.88937964,20.03378457,17.50445847,17.07658552,17.73880478,17.64790265,20.16748568,17.50327046,23.66446914,23.74214666,21.20656881,17.66363114,21.89394605,21.17471346,21.4875312,23.76614191,20.45847078,19.57178016,21.09924134,16.80201036,22.15053536,17.32311076,19.67274836,23.01325866,24.05763218,18.40290077,0,21.41626236,17.40057285,25.5269475,15.83688837,17.59224803,19.48415904,20.36689396,23.81890472,15.56233434,0,20.06916728,21.30451955,20.4123306,22.36449766,18.09501628,27.0951456,17.63442188,26.14843718,17.58797494,18.05243288,18.28408978,20.53485719,0,19.98591974,18.01334263,18.50875614,22.25157295,16.73302308,17.85599788,16.52197774,20.67562115,17.21145107,17.15927403,16.35833768,17.85230731,19.72961694,18.1258019,18.3421317,0,17.40317969,0,16.21265576,17.24246402,15.6748043,16.85826508,18.74022296,15.85090289,16.53123415,0,17.64669344,16.18357404,21.41194153,21.56501808,15.85606938,22.54692758,17.38023879,12.86140938,20.4623926,21.60452484,21.25931681,19.9928833,18.51579104,17.16418349,15.86735497,20.22782566,17.38987704,15.06134841,19.78446684,18.74614745,20.13506711,15.76487503,17.49846629,0,17.28868836,18.71640847,18.89843808,14.06482989,18.12281305,19.41399316,18.77387834,18.82750234,19.87611387,19.33028363,20.63737931,20.94137874,16.80134789,17.22100141,17.41326741,18.73321398,20.2564688,19.80058443,19.39380975,20.46568628,19.2633383,23.83853313,24.59540467,24.95904547,22.11825107,16.41850308,16.44675613,20.0647721,18.00273298,18.81298439,23.1488217,19.14601644,19.16825909,18.79175202,18.88068619,16.41946002,19.05609703,16.81795333,16.94680182,21.43883648,20.4735863,0,20.2055785,20.48971997,18.28629635,18.66245864,20.34226493,20.74064116,17.9086074,17.77730027,16.49251256,16.65489514,15.74609471,17.56660594,19.40607476,17.89199283,17.21907098,19.42609326,19.1452868,22.14487427,17.60430077,18.12371486,19.48575807,18.53408636,17.51324691,15.88804503,17.16551811,20.97447937,17.21888331,18.96491815,19.29210764,19.52815985,20.14684083,22.68664152,22.7778704,0,18.07276763,18.75081944,21.26527422,19.29396047,19.44978275,20.84510651,20.68333329,0,17.99817557,22.93373989,17.86288816,20.1795216,19.07759886,20.60684195,21.63246343,18.95219493,0,19.80546805,18.87998688,18.71484349,17.22692233,18.35183,20.54704973,20.08068446,20.56313826,16.45386901,0,19.7460148,18.39949976,26.02439898,18.60680504,14.92426224,0,18.74572861,15.92448405,17.93812209,17.07422379,17.67384717,22.95843679,20.85201164,19.66591921,16.27242277,17.4411821,0,25.20505215,24.92895669,21.33641848,17.86057174,19.49973302,17.93877829,18.03923698,21.40304721,18.39631868
TP9L22,54.48691901,20.04350338,17.42040299,19.6270918,21.44187586,19.52354084,17.83592703,15.91408493,16.60881788,21.04182371,16.81436672,0,15.64810189,20.42533194,0,19.47034608,25.92024627,0,19.84621757,17.68259274,16.64266133,17.91304581,21.32081972,21.04457032,19.76843915,23.30180199,24.0910607,19.24881092,22.81969166,19.66791869,16.93039457,22.43606629,0,20.55861504,18.77910194,28.37415807,18.91049714,16.68584391,0,20.23247806,26.05356889,19.28746002,20.79287134,25.03758795,18.58974319,19.94420199,21.20113543,17.07421353,24.59805196,22.43431832,23.3557711,19.51708761,19.06593371,17.39864422,22.18016514,0,22.20846955,22.69499589,17.42274278,21.51868341,20.12895353,20.73402372,25.41224204,23.58831685,23.11470163,16.47973688,24.57469285,20.53984731,0,18.71158103,19.67718604,17.72829003,19.96770201,18.98746691,22.96234324,23.78013132,21.473643,17.87529539,21.50692264,22.06352026,21.23966102,25.36439475,22.49086001,20.77618839,20.59565074,16.58314691,21.26409621,18.26474758,18.8111529,22.80004014,22.13011129,17.84045216,0,20.15946664,12.77608202,25.66065081,16.02003833,16.81563183,18.02528223,19.28268361,23.37862649,16.97333068,0,20.30343249,24.91889066,19.2934979,22.48999478,16.99654777,26.90866709,16.96882373,25.72843934,16.49262609,17.99981678,18.37979614,15.28124113,0,19.03234712,17.46907121,17.72527514,20.94295162,16.41496837,14.99298954,16.97796636,20.17053962,17.41786476,17.61549435,16.57040423,16.75995861,19.81074255,18.13889439,17.3900945,0,16.44808588,0,17.33719296,16.77931889,15.89896292,16.80135079,18.81927928,16.34107193,17.54002861,0,18.07961099,15.84720554,21.37376187,21.47519951,15.72493025,23.14747522,17.5413399,17.24363229,19.85294901,20.77826715,18.49176428,20.08010655,18.56737939,17.36819182,17.68510202,19.9583338,17.50295837,12.75412789,18.71187556,18.24244522,17.14366241,16.50408782,17.06953652,0,17.46397646,19.94420199,19.19170666,14.2804144,17.95120579,18.07251898,19.07345859,18.45568303,19.11389705,18.25216646,19.30281516,20.10586984,15.82306086,16.93134895,17.43910312,18.28588834,18.45951403,19.57302612,18.73755917,18.86274386,19.84031875,26.40573502,26.42138604,27.40962753,22.1280094,19.21450403,18.91748853,19.19939296,17.23626043,19.2141935,22.06671878,18.25078023,20.45976621,18.96289774,20.35754338,15.38332157,19.04548633,17.33101689,15.80091631,21.25984626,20.11496021,0,20.76769388,20.87747225,18.80497325,18.5625005,20.00875969,20.30801109,18.75966246,20.31053512,11.36257344,16.91201881,14.75153814,16.915601,19.98243359,17.64448253,17.78611249,19.19113332,18.9607755,21.87369738,18.45708085,18.2079783,18.95709874,18.28317946,15.77168862,15.52488688,19.76784496,20.24087374,16.53769191,0,18.91163262,19.52290186,19.35205869,22.12263498,22.21169014,0,18.2033741,18.62991083,20.94603497,17.67996916,18.75385936,20.49030565,19.02714696,0,17.91255046,23.54780892,19.486778,20.2518251,20.12611698,21.32501574,0,19.24641092,0,18.52822514,19.82108631,19.1352367,17.95430412,18.54979494,21.1430531,22.66968475,20.14383431,15.6942041,0,19.85434885,19.54030052,24.21504457,18.21450695,14.80368355,18.80871405,18.47400655,17.24524446,18.58094822,16.42139597,15.56985865,24.21807377,21.90230388,21.55108361,16.97333068,18.91788234,0,25.24645463,24.96765284,24.87144834,15.19483381,0,15.42044638,17.97847711,19.91094468,18.5635385
TP9L3,55.41911202,19.72270959,17.14382489,19.73723327,21.90381118,19.37531935,18.01270347,16.24078486,20.08404603,19.31606682,16.35458081,0,15.04005571,19.74055834,0,19.25023657,26.08538498,0,19.52275783,17.94429579,14.27594646,17.71731289,19.29759852,21.52457808,19.26213164,23.44485655,23.90986986,20.05982217,22.26457996,19.88250346,16.66081643,22.63891476,0,20.94617417,17.67060032,27.79421699,18.88496159,17.09453286,0,20.06332672,25.65133343,18.96772754,20.64143204,23.06642648,17.19666211,19.02321792,21.24605539,18.12374713,23.35267708,22.14089217,25.89590754,0,18.97846775,16.91879649,21.91589342,0,21.95267245,22.10504108,18.19775937,17.68715694,20.25746832,20.41572939,25.12186014,21.99350016,22.38212031,16.22400169,24.34798388,20.12441758,0,18.74861505,19.94882513,17.21122666,19.19996392,17.42354779,22.64875466,22.84399791,20.69100281,17.07967013,20.8151042,22.08513428,20.57061492,24.75105124,21.54222156,20.22104481,20.75916186,15.30437351,21.17989491,17.14234642,18.40841877,22.87881832,24.31013865,17.34804535,0,20.24912192,0,25.49832147,19.17543771,16.86244425,18.91280163,19.90205431,23.12600239,16.69839775,0,20.07709112,21.26599612,19.09685376,21.91219496,19.7267788,26.75500167,16.5075272,23.71298701,16.30332822,18.49677263,17.45107847,15.2880526,16.79082377,18.90381853,0,18.17125118,20.63301059,16.16314721,17.06983436,16.73558342,20.18970636,17.75121936,17.3206883,15.59053986,17.87866434,20.14202888,18.45533142,17.96421476,0,16.52188389,0,16.35646743,16.76736714,13.96631261,16.97080859,18.96471609,15.93095251,16.58832185,0,17.58861194,15.70855685,20.64271707,20.76627378,15.73321807,21.10825121,16.98795775,16.17977502,19.38923732,20.66392494,19.2902283,19.70128812,18.92229026,15.32494141,18.06820269,19.78571467,16.88988679,0,18.61223546,17.9626709,17.54250502,16.20215244,16.97685508,0,18.12305392,19.02321792,19.0969738,14.1034549,17.75449163,17.55942656,19.29090646,19.39620134,19.55376427,18.12523515,19.24493053,20.27920993,15.64057377,16.71337274,16.32816137,16.36212986,18.68157652,19.29829413,11.05364482,19.08262798,18.56104271,24.41489817,25.14641573,21.80322615,22.37393328,18.51904297,17.78284632,19.49716702,16.7912024,18.6712625,21.93397805,19.09264102,19.08378686,19.72716961,19.51364791,12.36023426,19.43865879,16.69443127,16.23057727,21.08292237,19.93065528,0,20.30886671,20.47006429,18.41920791,18.58239478,19.9213952,20.13579101,18.48506101,20.06487562,11.43103092,16.77814242,14.19216272,16.45881234,19.87776397,17.44448042,17.73942872,19.05782934,18.90318016,21.56690132,18.05629954,17.95835129,19.04747407,18.12048906,17.17731424,15.64316772,18.95979678,20.10852361,17.05486542,0,18.39013353,19.00709449,17.59053796,22.00866348,22.12389559,17.21320963,17.49036791,17.3467912,18.91648111,17.97811297,18.10544713,20.39677698,19.1567275,0,17.52252866,23.380258,19.18719312,20.03583959,20.12524267,20.41451841,0,18.99860993,0,18.66067201,19.58759196,19.1280787,18.12127931,18.37043359,21.06912302,17.1951221,20.13594088,15.79642011,0,19.8927421,19.72069173,26.09739494,17.67479057,14.23896736,19.10340361,0,17.51138962,18.5944399,16.29361541,18.75433986,24.03334178,21.99562611,21.6896632,16.69839775,18.85818592,0,24.71077395,24.1499088,23.28966856,18.01566666,20.59881748,16.24137023,18.09108249,18.72611003,15.33395362
TP3L13,57.78991748,21.19305238,17.60514729,19.86919611,21.52007982,19.50426424,19.45421072,16.15344022,18.12482018,19.52688404,18.3798606,16.91203346,19.05503779,0,0,21.23530963,24.33206306,20.35350206,20.33032503,18.95458614,15.13787609,17.4586422,20.71763943,23.46919363,19.72621037,24.65906885,24.15060499,20.70478047,22.50393037,18.56280078,17.73048914,23.10604395,0,20.39910344,16.79206674,27.43527518,18.09103541,17.51725717,0,20.66361097,25.89704081,16.77396809,19.51042036,22.89023212,17.94790229,19.47650099,22.68619039,18.8604408,25.11886349,23.04132907,23.54753719,0,20.28160077,19.06689395,23.27544094,0,21.26827012,24.95061899,17.43069564,17.9710985,17.42482191,19.53230409,22.24917654,21.5535706,23.55467109,16.46978352,24.57239626,20.05908428,0,19.31960253,20.93799814,13.70827847,20.03222372,18.18816556,24.95723865,24.19492352,21.31217259,15.58311087,21.21320187,22.463276,21.30612354,20.02464976,19.41714515,19.67855049,20.78422416,15.92105191,21.21958548,16.58662246,18.34464336,24.79664013,15.85520183,15.71148471,18.0700021,20.78325492,17.24735599,25.03454695,15.15661922,14.65478556,20.86310956,19.34933015,24.59206023,0,21.60989043,22.36458042,23.47141896,20.25470646,24.57363924,16.60506892,26.85537676,17.59114394,22.44340101,18.51975582,19.89472403,18.63021204,16.47391296,0,20.3612819,17.10162928,18.3518283,21.6855881,16.56147568,16.41704486,16.82990888,19.92621954,18.39908596,19.68451218,15.34440674,16.21841055,17.60689456,18.85941042,18.42995777,0,0,0,17.43591406,17.86256815,18.0688864,19.04358199,19.59728278,17.88858999,18.60344084,0,17.74100576,16.78892709,22.348474,22.42600706,13.62951341,22.03442746,17.12198517,0,21.04147631,21.26071368,19.86361976,21.51427407,18.0502728,17.03871202,15.4956099,19.69837708,18.1003079,15.24700883,18.62510139,17.77409447,18.33162543,15.49848916,16.2511097,0,18.28800381,20.85693514,18.34780143,16.92141073,18.44116304,18.2942573,22.92237463,19.30163724,19.32078916,18.75072334,19.45606876,19.7824124,15.80689799,18.20418896,17.39692862,18.55824901,20.26402978,18.98938549,13.50620489,20.82614522,17.80358564,26.63482373,27.16930827,26.13284256,21.9903559,18.59784368,17.25977642,19.1896662,19.105772,19.35099353,22.5015426,20.18529664,20.79556981,17.3553167,21.32003984,16.20134799,19.8377759,0,18.85867715,22.00799183,20.97061476,0,22.5811477,22.52886574,20.89413134,18.24909126,19.88812377,18.66892534,17.80617803,18.01981331,18.17042454,16.56632543,16.84769448,15.94876755,19.53001792,18.00271536,17.32642488,18.55589222,18.5104345,21.37051866,18.73627226,18.3678996,19.50694869,18.4461232,16.36407834,18.86618344,18.03423546,19.97609886,16.96684441,0,18.44540693,18.07447278,18.19395548,22.90169201,22.90169201,17.70208283,17.79431078,17.59093095,20.08006579,16.03815003,17.46747196,18.97800027,18.31159583,0,0,22.40832593,18.87023765,18.90639883,19.76088873,20.08136689,21.09463405,19.00806378,0,18.31400522,18.68375921,18.72341498,17.30595801,17.8814807,20.9949429,17.71211003,19.67072864,14.68774581,0,19.57955914,19.1725176,23.9537608,17.14464772,0,18.11197768,0,17.1442316,18.92508648,15.92827557,15.20848829,22.67487506,21.21566137,19.64394888,17.20659066,16.8956876,0,22.93049636,22.15372806,0,0,0,16.63326746,19.23589247,19.0242615,17.49169708
TP11L5,60.90381662,21.74791993,19.36728706,20.40718533,22.77635014,21.23057162,20.89958441,18.06595565,18.59398487,21.81978933,19.64585583,0,18.03399948,24.19844094,0,0,25.42547082,0,21.18882205,20.74518384,21.01944391,18.99981196,25.29924729,23.95287393,21.16333856,25.27370106,22.92310481,21.85624721,24.44895044,21.12997892,18.65271385,23.99845051,0,22.08441354,18.44791648,28.17967531,19.82613627,19.44107692,0,22.15895628,26.8930724,20.45655541,21.52049735,24.05419579,18.21477445,19.54783215,22.16806036,21.37013544,24.67232925,24.69257748,25.78483175,0,21.08847803,18.7693557,23.10502171,0,24.35542336,24.72010012,19.63493614,19.18766322,21.86797293,21.41097691,26.07583895,25.70710904,24.79596904,18.75460577,25.98219776,21.84791836,0,19.52223428,20.31962886,20.77271081,21.42127643,20.61811122,25.02453912,25.64167318,23.06794816,19.12867018,22.43894949,22.68652588,22.4887465,22.31331943,21.57813416,22.00020475,22.37007747,16.79668396,23.40690545,19.08853385,20.77929849,24.66623455,25.68120207,19.77784892,0,21.72017137,18.21881559,26.29260993,16.80629455,17.91727786,19.19860176,19.99156641,24.11636934,14.54346899,21.43328425,21.47798312,23.03108114,20.12296874,24.48183006,19.17677229,27.75980583,18.62550581,24.20029366,19.12090304,19.38476454,19.76415026,16.66703454,0,20.69033155,19.45638527,18.81722992,22.76175573,15.42072283,17.23744068,18.25915236,20.94609505,18.83360507,20.47173517,16.73250323,18.98856749,20.97586591,19.80093389,20.00773519,0,18.98536652,0,22.28719895,18.13420516,19.23417297,19.20158292,22.08357637,17.30714615,18.9327817,0,19.63578073,16.13468026,23.56045365,23.67791716,17.7830616,26.71046554,18.45388181,19.71926316,21.00910959,22.13390899,22.41272448,20.75362417,20.34002632,21.29371312,18.4218577,21.51634915,20.20390834,17.86606544,21.85307036,22.20735704,21.15212606,17.29026441,19.09271504,0,21.22114931,20.64236817,20.87212588,17.89021582,19.09580134,20.92638685,17.83600179,20.75619879,22.77049574,20.80897859,21.87441153,21.97743892,16.49156872,19.17841983,19.28141831,20.51699045,21.01726313,20.69036845,0,21.83228664,20.81194071,26.2115924,26.80787427,27.44320105,23.75612857,19.65097687,17.26552795,20.63499845,19.35576501,20.9007754,23.89002513,21.12436718,21.78718267,18.67237297,21.17990123,18.35290967,20.61750535,18.91385414,19.30840621,22.71372247,21.89347905,0,21.23198227,20.88787188,21.47447487,20.53785017,21.96152697,21.43679006,20.02578605,18.27876251,19.31686436,18.10981755,16.62058887,19.96941119,20.63280607,18.94331902,19.67352437,20.78087992,20.47998118,23.02728352,19.10522332,19.96928224,20.55297104,19.66986974,19.11338806,17.12264957,18.50009059,22.12862331,18.44961946,0,20.50926248,20.67906555,19.38874634,24.46209462,24.46209462,18.92644059,19.73736141,19.13083671,20.21167429,19.71872564,20.19759975,23.45029534,21.42724171,0,18.9589022,25.18044881,20.31722469,20.34049918,21.14387312,22.27528051,0,19.85050743,0,20.42818764,20.45361578,19.91930366,18.41686581,19.674661,21.91741568,19.04690639,21.7160205,0,0,21.06401907,20.43174839,26.21652322,18.14933811,14.68174759,20.2874258,19.89252224,16.9962433,19.02452245,17.59102169,18.8530804,24.2812277,22.41184795,22.09457712,17.60417372,19.30865407,0,24.44545664,22.2739201,21.11164479,19.06336403,0,19.69387189,19.9409249,19.48559733,20.60927451
TP10L5,61.63943812,21.57892245,18.56748292,20.70680882,22.5746332,20.56876868,22.10143847,17.56906108,18.60828525,21.68440089,19.75086667,0,18.33929254,24.97110172,0,0,25.67310407,0,20.82649514,20.27463607,20.21401886,19.27130873,24.71245078,23.87433425,21.21190978,25.24205426,23.31785506,21.23619973,23.7495529,20.9997192,18.12777892,23.84356469,0,22.4094904,18.35099047,28.25689657,19.80026266,20.33203218,0,21.99458941,26.69446575,19.63434771,21.47976004,23.89084193,17.80319777,20.81215466,21.98009381,21.11502315,24.41120612,24.0716521,25.4151959,0,20.85857509,18.64748491,22.60251531,0,23.9750761,24.92679761,19.78020778,19.33034305,21.13939127,21.94073272,26.02037674,26.30693307,24.93874279,18.3532213,25.95558693,22.93956657,19.09375138,19.07704326,19.52282099,20.73289136,21.30483,20.29044213,25.00640586,25.53364397,22.83605744,18.24921639,22.38757027,22.25761027,22.24749442,21.75419829,20.44879312,22.00259215,22.78064046,17.66898016,22.68128726,19.09010728,20.50713614,24.66097194,25.76084207,18.91204716,0,21.53985654,0,26.57790269,16.61168466,18.9783594,18.22455439,20.56647156,24.67035922,0,0,21.55122932,22.87935763,20.38918775,24.66812975,19.77662142,27.50554367,18.87526519,25.50471499,19.48134514,18.89665888,19.28233594,17.33236233,0,21.04562836,20.69469687,19.05603136,22.5450292,16.60054267,17.53172433,18.09206917,20.53631598,18.6593013,20.11734654,17.54112203,19.6950141,20.33560257,19.37760806,19.03115096,0,19.41147335,0,19.6339993,18.10696504,19.45594024,18.26642853,21.78897336,17.10192533,19.32645746,0,19.07147061,17.07206858,23.94080048,24.06001985,17.24577039,26.62618687,17.43518264,21.18495619,22.06693711,22.03654443,22.32643486,20.849899,19.54221314,20.18989081,18.61390914,20.92527235,19.77429644,17.78948341,22.35235548,22.40139764,20.87420947,16.96774515,18.90563448,0,19.57098587,21.86598399,20.33595714,18.18027382,19.54899343,20.6177021,24.89814747,20.56867859,18.72330939,20.38417982,21.56725053,21.5937127,18.22761128,18.89823241,19.99525944,19.83202166,20.3620889,21.06638212,0,21.63547773,20.69943329,26.01326043,26.62189882,27.46028719,23.8929705,20.26616692,19.52752902,19.29608662,19.58575306,21.11345033,23.44622692,21.19142471,21.4371704,21.40335766,21.44837535,16.95948382,20.97490927,18.22941725,19.3924676,22.37181586,21.42762083,19.62709767,21.24099625,21.87880804,21.29285745,20.11140333,21.54972525,21.06097817,19.651547,20.73571115,18.88583722,17.3939137,17.7892018,19.01524495,20.54435696,18.58557965,19.51108462,20.61389714,20.05000443,22.73762192,18.56555157,19.43108006,20.19428311,19.47440786,17.6619834,16.03653038,20.67581388,21.53719918,18.38876789,0,19.63971781,19.75384507,18.49226124,23.6254031,23.65296866,0,19.60041097,18.52505125,20.48495861,18.79519489,20.38771524,22.71921534,20.47923101,0,18.89082483,24.67319142,19.297075,20.71904112,21.19896182,22.01579299,0,18.58503784,0,19.63371913,20.01062422,18.10502026,17.23688511,18.8942008,20.73518568,18.6937184,21.12599812,13.87001042,0,20.61300217,19.7543937,25.81769105,17.948396,15.05558405,18.63304403,18.91548684,17.43177611,19.25637006,16.97059298,18.04275651,23.97102194,21.44307453,21.06050226,16.78719078,18.32992871,0,24.04443128,21.81957952,20.91952672,18.27604714,18.36663678,19.29811879,19.92497306,21.9279127,19.75602287
TP9L12,63.64998777,19.80471986,17.49549368,19.3725541,22.02043765,19.374442,19.31523051,18.53742414,17.50832088,20.52776789,18.61092008,0,16.24967542,21.99567521,0,19.06642204,25.51697361,0,19.48310396,17.82365872,18.16621319,18.19482449,22.11402219,21.83134835,20.22624145,23.13798258,23.36638293,20.16805412,22.43510108,20.66068252,16.92505262,22.75146473,0,20.89675505,18.48323669,27.85679198,18.99722378,17.47600892,0,20.47384501,26.36186162,19.36321768,20.63395373,22.91975946,18.30207783,19.74792059,21.38465739,18.60508293,23.90924478,22.92171416,25.82972472,0,19.40915537,17.47684937,22.36401124,0,22.04121005,23.13824865,18.62732467,17.21613136,20.03037855,20.57841927,24.30672546,23.94175078,23.15976413,16.72663881,24.35891709,20.13374704,0,17.99352673,18.92307377,18.55184545,20.27055577,19.19203465,23.05894535,24.08898372,21.58373486,18.53195616,21.25211115,22.56958182,21.56669138,25.36399444,21.50574065,20.48535183,20.93577481,16.23365577,21.57024604,16.54955464,19.11578273,22.91165952,23.75466874,18.26072968,0,20.38618229,0,23.45415612,16.21306214,17.43365866,19.22119654,19.47663057,23.04502805,16.38081957,0,20.16600098,21.72083299,19.1293415,22.87227068,17.00717993,26.84365578,17.27634385,24.157783,17.17803253,17.72315952,17.93848802,16.00503324,0,19.26296653,18.28179486,18.26247329,21.21240983,17.01998886,17.13644134,17.22725624,20.03322149,18.12737977,17.12358965,16.82008552,16.8868665,19.94164064,17.99000476,17.92458975,0,17.0935229,0,16.09792977,18.05254465,15.83726687,16.58877416,19.69160059,16.02435695,16.81529005,0,17.46093483,15.71954309,21.29872525,21.42937135,16.26723649,23.82145731,17.53743987,0,19.93987004,20.84225356,20.24853462,20.21210929,18.59263303,18.50223454,17.61013358,20.09517096,19.61128241,15.15156788,19.88805299,19.16922723,18.60859982,16.99910125,17.17391469,0,17.79823932,19.74792059,19.30273565,14.13475456,17.7813199,18.69093085,18.94201388,18.33585676,19.52968981,18.77332919,20.2171803,20.20331117,15.67094533,16.36396903,17.12089781,17.94189612,18.97497401,19.62256152,18.94646165,19.76376812,19.62116012,24.95605998,25.68188007,25.70946037,22.06326547,18.14508162,16.10877064,19.49790402,17.20669775,18.6915451,22.38665138,19.55496742,18.3916098,19.49856342,19.86378829,15.90591157,19.37633863,16.17414427,16.20713203,21.23522023,20.21728165,0,20.61990651,20.76445455,18.5999919,18.71343319,20.11949656,20.51430663,18.40863768,20.42000052,12.30769089,18.59333947,16.05726818,17.20362951,19.87981753,17.52773237,16.76330995,19.33130669,19.12545381,21.83035903,17.23380861,18.02485452,18.97872308,18.34699696,17.55181032,15.60987618,19.21060201,20.30612068,16.6634755,0,18.74332796,19.38588494,18.4046418,22.07547985,22.07547985,0,18.35213898,17.43763071,18.01977058,17.98013551,18.82437432,20.27472806,18.98158459,0,0,23.51922574,19.24241451,19.7774618,19.91196653,20.84167024,0,18.94780984,19.72032027,18.31588614,19.75170858,19.1851477,17.31488731,18.56561377,21.08971024,17.56494741,20.29896027,15.57045465,0,19.82363899,19.59236093,26.02369206,17.45107882,14.69481503,0,18.62233653,17.26453333,18.63532224,16.72540392,17.79934383,23.82912166,21.92166762,21.8429716,16.38081957,18.76809119,0,24.30062931,21.80972361,24.33382049,0,21.68911481,17.61323528,17.99769987,18.82496277,16.69723392
TP11L13,64.88646994,21.69740353,19.0689604,21.09279238,23.16629123,21.22704764,20.9174704,17.92156954,18.58086191,21.47415941,20.03360445,0,17.62102413,24.50048231,0,20.43858057,25.99717296,0,21.20949087,20.13595522,20.97243318,19.0690602,24.80114533,24.11797528,21.0920207,25.22896547,23.68128602,21.51035798,23.66452862,20.85717495,18.54266643,24.23221945,0,21.95471028,17.92349177,28.37725154,20.02928422,19.01311818,16.83108922,22.20699585,27.00076794,19.95580346,21.41148461,25.4306991,18.96590572,19.77479993,22.41987825,21.47469171,24.66458932,24.37750951,25.34472401,0,21.1141416,19.66250318,23.10353117,0,23.71114524,25.09521107,19.31063478,19.14571839,21.28964994,21.38225005,26.10958435,25.78647774,24.60741973,18.45254216,26.00998915,22.21685299,0,19.38966253,19.85077093,20.0233051,21.39182684,20.85353258,24.73640048,25.50393395,22.81929466,18.84991962,22.62518271,22.44384226,22.60773141,21.5924641,19.8398109,21.43584025,21.94289191,17.24685481,22.84522211,19.06845594,20.39236732,24.89738893,25.33620148,19.37673118,0,21.62601952,17.82467395,26.29605836,16.39141326,18.7910312,19.33187067,20.25087772,24.36551364,0,0,21.92214736,25.52558008,19.98918324,24.84736624,18.62570565,27.63124303,18.79293972,24.22142918,19.48710718,18.93619593,18.86482902,16.32562979,0,20.96350273,19.085979,18.77787517,22.62375862,17.83391093,17.79935838,18.12437362,20.65326018,19.33114775,20.55773682,17.53938105,18.82787147,20.97230493,19.74879869,19.39793331,0,19.43762977,0,21.4512988,18.25151884,18.43387483,19.021745,22.30267961,17.13308005,19.28013992,0,19.27960596,15.99865964,23.61647914,23.7168328,17.59188073,26.38443072,18.41652355,19.13349596,20.91781168,22.07577951,22.42390496,21.30625682,19.72124583,21.03077624,19.00566012,21.30855076,20.58726569,17.62966189,21.97628123,21.83803324,21.05651973,17.31458035,18.7803439,18.81168393,21.32722707,21.28792539,20.21194235,17.604786,19.10601342,20.64016905,25.27662006,20.19178113,21.59361577,19.99504114,20.69261806,21.76679379,16.9159883,19.2930504,20.28919686,20.32997499,20.50797523,20.55163608,19.22767663,22.04810174,20.28536359,26.30310448,26.80911685,28.15972874,24.02055611,19.8924877,19.68681591,20.42783227,19.62013272,20.99647782,23.72482844,21.40894313,21.74073976,18.42448803,21.24841594,17.69236913,20.85423352,17.80426394,19.58763457,22.81279,21.83005828,20.01277584,21.70113637,22.421184,21.8032025,20.69861266,21.91609843,22.01165836,19.98756068,21.67521443,18.35905764,18.2351911,16.18524063,19.31469588,20.6073107,19.02688724,18.38515839,20.8176485,20.29314412,22.94338837,19.1264802,19.86812239,20.70773467,19.84854075,19.43528977,17.24840444,21.05410718,21.97777086,18.31121018,0,19.40923763,18.81586771,18.84559492,23.92046044,24.09120041,18.27010734,19.42728628,18.61874409,19.69572331,19.31305499,19.92446608,22.97803382,20.60800824,0,19.38896441,24.25705346,19.76060389,19.83890328,20.26604308,21.9298606,0,18.52106591,0,20.06255157,20.03178762,19.79069648,18.44728628,19.39977991,21.72637785,18.76887977,21.57921183,16.32544898,0,20.64583727,19.96755557,25.74887407,18.12494347,0,19.6270054,19.33010679,17.88451076,19.6712151,18.21147382,17.92415171,24.02042047,22.64062693,21.1373821,17.48936076,18.7541139,0,23.92905967,21.14699075,18.03876484,18.37553247,0,19.41009507,19.51539292,19.47823252,20.41411244
TP10L3,65.19857323,21.95533548,19.72710069,21.09222422,23.25016187,22.2842495,22.05895008,17.64488268,18.74875028,22.46404892,19.55479666,0,19.48191615,23.87742398,0,20.55268883,27.40738599,0,21.77951482,20.32738255,18.22986526,19.32541217,23.96336034,22.40630888,20.57649566,24.63779122,23.91809076,20.86041027,24.62672551,13.12340101,18.44011306,25.18435904,0,22.72531701,20.0436838,24.3916604,20.65979958,20.75984024,0,22.62321913,27.31929297,21.3230832,22.48699603,27.12948323,19.36240833,20.33547868,22.49085556,19.66423303,26.5713946,24.41006073,24.49544736,0,22.07923887,18.58829895,23.77518386,0,23.65966625,25.53144269,18.82739072,19.39024922,21.30844656,21.01385335,25.96341142,26.50280973,25.1638793,19.05121102,26.241538,22.4485903,0,21.67973611,22.67086602,21.39982014,24.07168147,21.25658328,24.60640835,26.16024536,23.18253874,22.25320401,25.60592599,24.1250306,23.34557532,25.41035355,22.36208226,22.40198302,22.68033959,18.31318429,22.88229896,18.56368203,21.21116791,25.92490969,25.02960133,18.95166216,0,20.92153114,12.83628425,26.49421048,16.72760026,18.24551977,18.09600654,20.43269117,25.42038589,16.49084103,22.3272253,21.65559652,27.13100826,20.94829102,25.22141956,22.16778797,27.80338761,19.33171415,24.87711828,20.24806272,20.91043663,18.66788048,21.26458969,0,20.76478009,19.88859323,18.90972317,21.86444198,17.56175959,19.19987098,18.52918706,21.15814865,19.58664451,18.27688762,19.08383032,17.49314396,20.55069882,19.00970653,18.6090464,0,0,0,17.95666613,19.01613373,18.52707225,19.41737017,21.9559787,17.19538631,19.33205992,0,20.20549603,16.6941746,22.7201518,22.8152769,17.1774604,26.05916131,19.52270882,20.64610805,20.54900375,23.01749031,20.9788786,22.45217138,20.18541736,19.37603807,20.65745848,21.84544767,19.96297102,16.88965519,20.09078933,21.27663032,20.09034095,17.55979546,19.4730455,0,18.77332384,20.33547868,20.65441823,15.01082113,19.75201799,21.16121907,26.82151598,21.70083184,22.5939099,20.84636204,22.23150217,22.49285125,17.9640135,19.35099219,19.61932349,20.47168053,20.81418558,21.5927769,20.15025913,22.30380152,0,28.00653899,28.4083768,28.11044946,24.45817524,21.63041944,21.24970144,20.05237437,20.21183909,22.12822737,24.52916728,20.97120392,22.75085451,21.1965901,23.21484267,17.61458332,21.07120442,20.52122814,20.24288379,23.31975396,22.44497093,0,21.82822132,22.59094359,21.37084262,21.30614849,22.58434739,22.29446819,20.57253385,19.96826004,14.47556868,18.79133018,19.31720515,19.45954757,21.66987395,19.77506426,20.13092231,21.38788761,20.94501779,23.45486612,19.66073325,20.36275312,20.98350034,19.94605411,19.18606062,16.8220929,20.83056592,22.40364433,18.94123474,0,21.11116369,20.74826911,21.01064188,24.93451448,24.93451448,19.94315365,19.95524358,20.60920532,22.99477791,20.62494093,19.71335496,23.06793683,21.41599462,0,0,24.53646557,21.55651276,21.68096785,21.32135546,22.3414789,0,19.9808923,0,20.3792491,21.00107236,19.49065419,18.18025094,20.07744519,22.34624516,21.12290376,22.13567666,15.49900525,0,21.64608894,21.05370105,26.24513647,18.83848909,16.95003696,0,19.88086952,17.73097136,20.61272199,18.55887195,18.71827693,24.26855396,22.61273512,22.4355496,17.93435959,19.85563464,0,24.93031799,24.32646111,23.75630385,19.65590081,21.48359851,17.50877663,19.38455702,21.79987966,21.74559733
TP10L2,67.80114203,21.41871041,19.14624799,20.91323523,23.00864152,21.54136525,21.38428556,17.73485764,18.27881262,21.17816744,18.48576152,0,17.37630205,21.49724809,0,0,26.48945363,0,21.27547752,19.86487651,17.46021418,19.38590521,22.69148243,22.7029594,21.66297735,24.75962518,21.35593341,20.94637307,25.3352623,21.29569102,17.85538956,24.09654135,0,22.17428519,18.35754771,27.57355654,20.04323544,19.19764146,0,22.40606618,26.70657282,20.74389473,21.42092962,24.49297071,17.63726874,20.33178266,21.58464206,20.32838617,23.85780489,24.08965908,26.12136639,0,21.40135378,19.52245465,22.69701519,0,21.53598577,24.00563172,19.09359457,18.77455217,19.96397638,21.62252492,25.7317278,23.99218616,25.08752021,18.16468745,25.94447118,22.15989989,18.02345865,18.73756942,19.08112198,18.52825245,21.42261759,20.90527662,24.29783792,25.20427293,22.00761168,17.90976341,23.09839496,21.47520914,22.82006568,23.53883155,22.65376084,21.01064349,22.21400248,18.00903299,22.64749718,18.45851793,20.95776917,24.2933942,25.22407044,18.89016325,0,21.86076157,0,24.54478339,16.65022766,18.76598306,18.41152902,21.0066822,25.14011424,15.06624078,21.43846828,21.43105387,23.46936433,22.07308033,23.82396669,18.39652183,27.7107306,18.85300612,23.40116372,19.20011508,19.18129671,19.76680287,16.40613431,0,20.61157884,18.35157844,19.10011917,22.78279938,17.12298301,18.44291951,18.12878141,19.93585282,18.95646933,18.1826538,17.27410979,18.91872045,20.04764076,19.20009063,19.00212689,0,19.36276681,0,17.46938578,18.39525953,19.56720685,18.7936636,19.16585754,16.25815814,18.16882879,0,18.59479792,15.44862291,23.19504613,23.32649456,16.84219181,24.11788969,19.48485577,13.37439695,20.46166282,22.62613883,21.65250833,21.15296972,19.34932363,18.01330772,18.65800489,21.40834827,19.2044615,16.15970275,20.25466092,19.92456089,20.48451118,16.64249486,19.27483122,0,18.84932203,20.33178266,20.37219405,14.86487855,19.82871778,19.94277377,25.67684702,20.98212017,20.07239248,20.61700374,22.06738742,22.09898143,18.12240915,18.63240179,19.02562747,20.376715,21.76076136,21.00276424,19.88770204,21.43539526,20.23122447,25.56707675,25.89504242,26.48591294,24.12690892,18.91225558,18.59060892,19.37623247,18.88575127,20.75885875,24.56899648,19.89244807,21.93975973,21.5159414,20.03122979,16.63039473,20.54842685,18.68746736,19.27945115,22.75155036,21.96207992,0,20.91653481,21.71456159,19.91484154,20.20681277,21.69856028,22.20788368,19.51443881,19.96318459,13.68728066,17.53295951,17.17980809,17.5918804,20.49240853,19.21179989,18.5859401,20.79225751,20.69627713,23.48003503,18.61135932,19.67066781,20.94189876,19.66556003,17.67775499,18.21481895,19.47924376,22.34359381,18.50806114,20.15694107,20.17792559,20.92931687,20.92168907,24.32489842,24.32489842,0,19.65854104,20.60717916,23.07264187,20.85188443,21.15854052,22.19776709,21.79052465,0,18.98709374,23.88866225,19.18269093,20.60668848,20.30925608,21.83645406,22.73865732,19.83761067,0,20.36208606,19.52801147,19.03579086,18.13210975,19.97024909,21.44800551,21.75307315,21.86249472,17.67496881,0,21.02534726,18.86793627,26.70989307,18.45231666,16.35566911,0,20.33466094,16.48347482,19.80992745,18.40769065,18.83228649,24.50196333,21.35893893,20.0827875,17.09304922,18.26697386,0,26.58542521,21.98706463,21.90028644,17.7061761,19.53841697,18.84633377,19.65509402,18.95542138,20.57274956
TP11L22,68.5783711,21.22253168,19.56429061,20.05141161,22.74930153,21.93258019,22.07525734,18.87435984,18.71837473,22.15119794,19.72826072,0,19.43123194,24.78811951,0,18.953531,25.91903364,0,20.95260421,20.06916793,21.19817074,19.2007464,25.53701118,23.70566445,21.23927042,23.80729301,20.37603266,21.29722391,24.957977,20.92758357,18.79855673,23.91597098,0,21.99464942,20.35724151,28.18788169,19.11607174,19.52142024,0,23.10536656,27.33386931,20.36861013,22.70228462,24.30367794,21.16011168,20.79240665,22.28849976,21.38938067,25.61489928,24.90572229,23.89140531,19.96719474,21.81006823,20.24313539,23.70203802,0,23.28791181,24.77819415,19.62049698,19.35555458,20.89591403,21.92916008,25.73027138,25.87643046,24.16926852,19.33059443,24.80389627,22.27932024,18.02358169,22.51928788,23.19777403,21.72088083,25.03706658,21.34062943,24.10840826,25.45039843,22.51141359,22.86374693,25.66551906,24.4210431,23.40896179,18.79889891,22.37644232,21.04854137,21.13314351,17.45993767,22.90923035,19.00960015,21.24417871,25.84229874,0,20.07457116,0,20.36372807,18.28496977,24.70930401,17.28831218,15.7241916,19.68913169,18.75475739,24.60908364,16.78963356,20.94828265,21.46879349,23.84380831,19.3779768,24.63153245,19.0176399,27.64834585,19.26785231,24.67329396,19.65535043,20.69997518,19.45563695,16.30880308,0,21.32544126,20.62100216,19.20847604,21.46919251,17.83047486,17.43988768,18.26673165,19.33837318,18.72435047,19.27857276,18.94583132,18.77383706,21.02617199,18.80272907,19.74295727,0,19.58737445,0,22.15294314,18.22588571,19.30651953,18.7342326,22.32853616,17.10663584,19.07159898,0,20.65710494,16.71037295,23.82603988,23.94299795,17.81061448,26.63350907,19.46585171,0,21.13346148,23.19066268,22.61866648,23.27510515,20.00645962,21.46890552,18.44568593,21.80589132,19.29772369,17.78651249,22.27710436,22.33179565,21.13836282,17.54658796,19.31271946,0,20.25082012,20.79240665,20.95382978,17.7968413,19.63222588,20.98500685,18.57017856,21.31603891,22.79489117,20.54972263,21.88839619,21.80654082,16.22899047,19.33777713,19.70730121,21.15265657,21.19881707,20.95146323,20.48142791,21.68366614,17.84009217,27.06597861,27.52085133,27.47245045,23.88205238,19.28634132,18.75876224,19.98825673,20.19120365,21.04927339,24.52529424,21.84313186,22.48171841,18.53433455,21.07768034,17.43499633,20.54118853,0,18.32139065,23.17325011,22.43591003,0,21.13586206,21.1997557,22.0115414,21.117676,22.37739519,22.13392088,20.04033298,22.13768781,14.83749456,21.61149448,18.65712036,18.96270154,20.27305025,19.95311139,19.22245698,21.40962998,21.13356131,23.38609779,20.06470949,20.38348318,20.87788098,19.68807962,19.61766843,18.39227323,19.25507535,22.70948814,18.59798999,0,20.31395775,20.34814272,19.31344527,25.06301967,25.06370096,18.77759219,19.60028147,19.1706835,19.66255679,19.59026172,20.8591123,22.49122762,21.0035263,0,0,23.9709325,19.57998155,21.19508038,20.49408341,22.22297437,0,20.12788627,20.93603658,18.85715029,19.82635241,19.57644705,18.22487742,19.56075144,21.88293133,21.69590693,22.29987218,0,20.00698467,20.78582507,20.39568193,25.70986284,18.33155433,15.04245342,19.00044572,0,0,19.55090821,18.10257422,16.89933715,23.25521823,21.13137663,20.55792343,17.20324465,18.45676656,0,23.59784081,21.61094825,21.53492886,0,20.49044376,19.16964777,19.53918576,22.06792889,25.13282858
TP11L16,71.86785635,20.8087207,19.57702742,20.23220804,21.97268643,22.16558557,20.88692049,18.96390781,18.39983088,21.92996719,19.85273878,0,19.42634965,23.50662583,0,19.71251981,26.20474141,0,20.45215132,20.26545568,20.72062611,19.00257565,24.6940152,23.72676689,21.26328467,23.99955227,21.55936499,21.74394784,25.19000091,19.95447085,18.61652772,23.51335284,0,21.60897356,19.87199329,28.31249763,19.44513967,19.61562784,0,23.27196288,27.40625065,20.77525126,22.10377841,23.84798324,20.73764582,20.07679603,22.35163745,21.57426344,25.65543324,24.81045502,26.28805389,20.5663521,21.99862476,20.2896352,23.44704014,0,22.43891081,24.24433118,19.60972459,19.29742571,21.56611168,22.06640083,25.01618871,25.26066477,23.85072279,19.15352501,24.302424,21.92560025,17.5980353,21.90009185,22.66138297,21.20348535,25.18979503,20.60272082,24.26147046,24.6650515,21.92624,22.10744498,25.74313483,24.02691877,23.36329718,21.54514183,22.20253353,21.43383042,20.94133023,17.07797298,22.87547268,19.06803606,21.11454861,25.6075873,25.20534379,19.62926285,0,20.40816724,18.2961668,23.45161673,16.51266012,15.94064167,21.22258849,18.81091019,25.31236849,18.57672194,20.96529743,21.72532259,23.87638188,20.17318062,24.33723958,18.92508605,27.57236826,18.70962141,22.74137833,19.21946744,20.7102438,19.18934516,17.92028445,0,21.01074663,19.28494842,18.98106792,21.5675623,17.70344937,18.00984177,18.19183034,20.77841181,19.05105672,19.60399236,19.13239852,18.826233,20.22732482,18.45290211,19.50531655,0,19.06959099,0,18.01761076,17.61708179,17.73134141,18.80433261,21.97139531,17.25860764,19.2335575,0,19.24728978,17.13511808,23.24924783,23.3230345,17.85249902,25.88010094,19.61283939,0,22.85838733,23.0199978,22.48065795,23.52375305,20.2287187,20.94065089,18.51830031,21.8382442,19.4512781,17.5202941,21.53418987,21.21287872,21.07411447,17.48823599,19.12108572,0,19.72712638,21.31391875,20.82712678,15.01392491,19.42950529,20.61862834,24.83595429,21.19402239,22.1926235,20.67751196,22.18931845,22.1796419,17.43342037,18.64960327,17.76781061,21.20489003,20.01930859,20.8309266,19.1431918,21.0838977,17.99565654,27.16470898,27.60508012,27.72170485,23.33277182,19.57665445,18.7900436,20.74165124,19.06044064,20.8116105,24.26736257,22.23678881,22.64301413,16.16014258,21.39866413,15.09997125,20.78329699,18.88562992,19.77564639,23.49053758,22.83029249,0,21.24135187,21.24325393,22.22617088,21.63198946,22.59241886,21.80314242,19.57359443,19.63131198,18.52554191,20.53218814,18.39828961,19.59188981,21.07547776,20.01453092,19.44126972,21.356226,20.90264076,23.4022062,20.75108695,20.68581741,21.21752531,19.87209506,19.22157804,17.18807484,19.28810369,22.6990667,18.66133415,20.43658154,20.00874026,20.14173266,17.45899865,25.28337938,25.30487048,0,19.38358339,17.95628263,20.169122,19.40368331,20.67452211,23.25960492,21.48239248,0,17.88314685,24.29421508,20.44302953,20.35207513,20.32598826,21.09884232,0,20.59845759,0,20.19768751,21.27031358,20.46851378,18.45369587,19.94590738,22.6663919,21.86776361,22.60566229,14.68076352,20.30584782,21.45004408,21.250183,27.01849034,18.95041732,15.65649027,20.30280949,19.29649632,15.70127705,19.77674939,18.07804,17.72401271,23.37861187,22.18760135,21.48777458,17.92852705,19.5364208,0,24.05986328,22.35752636,20.544822,18.36407651,18.45667211,19.20200424,19.21805823,21.68425016,25.77533833
TP10L19,71.94745601,21.55178978,19.31694116,21.30109102,23.0367921,21.81074384,20.8386871,17.56555026,18.45035809,21.1444836,18.93760968,0,17.72738212,22.22657869,0,0,26.35651998,0,21.30049984,19.42320707,17.98050039,19.25269209,22.7794095,22.90120582,21.34464527,24.87160158,20.04662241,21.10028552,25.19509409,21.23359055,17.89178928,23.61071124,0,22.02477003,18.59857474,26.69955473,20.28299774,19.62963409,0,22.48251058,26.91545638,21.10121522,22.12431414,24.17389999,19.17697132,20.37704397,21.51035526,20.56721155,23.21530996,24.09369048,26.17924149,20.84709446,21.34251372,19.62697249,23.22263494,0,22.20549641,23.96355539,19.41977338,18.75389734,20.98254654,22.09244575,25.89240065,24.23573912,24.25197039,18.76684076,24.56674851,21.66337734,17.29842945,19.15717181,19.19199391,19.42616146,21.36224394,20.9352367,24.47996368,24.90523553,22.20202776,18.96656071,23.10046242,21.5917342,22.83136118,24.95722427,23.51097406,20.77419528,21.96457834,17.94280183,22.55337556,18.37033855,20.71861023,24.32738385,0,19.07394793,0,21.89198216,0,24.60976799,16.82191093,18.91708737,17.83232851,20.54928123,24.56787615,16.76833144,21.45748034,21.48853642,23.12480665,21.55280827,23.86141661,18.90861835,27.66435275,18.99633489,24.25142524,19.95172219,19.28016939,18.63913577,16.55910975,0,20.77315504,18.708727,19.10916476,22.9145392,16.28844322,18.89977515,18.09886761,20.08497101,19.41641372,19.9318082,17.75939397,19.2514375,20.5799198,19.42194922,18.76036996,0,19.94259843,0,19.1894693,18.39708171,17.25994393,18.28753529,20.95148728,16.32358338,18.51346418,0,19.43886037,15.28782348,22.67073272,22.78261349,16.76745461,24.32476153,19.41875365,0,20.38062968,22.78283895,21.71668326,21.40376064,19.47246967,18.30782951,18.66933796,21.39501465,19.17011073,15.65613062,20.04069102,19.69534534,20.51062885,15.96303706,18.97599901,0,18.64533606,20.37704397,20.58690463,15.53944158,19.65322013,20.16129413,25.53598993,20.65635061,21.14753031,21.04304264,22.14994957,22.66942093,17.77961781,18.15638186,18.79485576,19.94861365,21.96467322,20.44753692,20.05972008,21.13192375,16.01283066,25.01773055,22.50272596,24.81702365,24.61415192,17.31863063,19.00266251,19.53556382,18.92095814,20.47935442,24.24679975,20.0761697,21.83820089,21.34176862,22.03490478,17.36568649,20.12868094,0,19.21320967,22.8658227,22.04814375,0,20.752722,20.68206155,21.20715882,20.216884,22.03901053,22.2055061,19.69538448,19.9839646,14.95098812,19.33588826,17.34578305,18.25440392,20.30048609,19.53603098,18.93432381,20.81486172,20.67130351,23.56647181,19.61600651,19.76675279,21.25611207,19.67858597,19.56254821,14.83533976,19.12052431,22.68206216,18.77424384,20.68103339,20.62571419,20.76443901,20.12278317,24.70423769,24.70423769,19.62109259,19.34291242,20.04712023,22.58422115,21.19543132,21.02793295,23.43832488,21.915003,0,19.02759081,24.30859783,19.43360693,20.27313747,19.75354353,21.98517177,0,20.29344088,0,20.68017355,20.63784714,19.40979036,18.42225935,20.02479049,22.14456271,21.99636948,22.23334576,15.17792117,21.26419435,21.40575857,19.2318446,26.82926784,19.02124315,16.3398962,0,20.64300178,13.29840022,20.0364837,18.71262165,18.85823757,24.65795096,21.41372412,20.14942168,16.76833144,18.04915427,0,26.70497575,21.89897586,22.93005639,18.72376316,20.92169111,18.89659524,19.15926209,21.84647355,20.72793284
TP9L19,72.02831367,20.63955121,18.31368753,20.6622776,22.54961642,20.46275549,19.79561955,17.44706384,19.80614177,21.20647952,16.6538091,0,15.87914487,18.99323469,0,0,26.16061184,0,20.91545363,18.12430621,14.39876172,18.06711381,20.00355515,21.63766832,18.75311669,23.17268919,21.41450187,19.8195435,24.18151842,21.2370516,17.96922519,24.0236441,0,20.8167793,17.04094703,26.85410073,19.38204854,17.49545378,0,21.53047091,25.92556731,20.40373328,20.17294211,23.52242911,18.25931025,19.59466746,22.5111623,18.42575253,23.07781293,22.34162507,26.12501226,0,20.41749057,18.95040381,22.58157317,0,21.03485976,22.81762458,18.2853187,20.46170857,20.23870885,21.23429825,25.9633281,22.63446447,23.23767714,17.38781485,25.22218973,19.95018848,0,19.67508271,21.0194824,17.39789101,20.50432145,19.45723955,23.59678672,23.84676304,21.74289817,18.14086389,22.26306046,22.71466437,21.87307739,22.98748654,22.55068689,20.39703996,20.6543748,16.80166303,21.24744534,17.35217967,20.04407537,23.42160705,23.30966817,17.51307823,0,20.67570383,17.33613098,25.00734012,20.33279847,17.65701507,22.62873439,20.31966462,23.93780877,16.1992705,0,20.74704587,21.69374781,20.58159695,22.56274431,20.28994204,27.08679056,17.58420935,22.4670331,18.16421513,18.50124477,18.21975102,15.12428672,0,19.76402005,0,17.51833438,20.09571246,16.08446695,17.66234824,16.09974087,20.98309685,17.80220404,19.89876089,20.32107386,17.17363143,19.53978293,18.88916905,12.21496826,0,18.2324172,0,16.44313717,17.16533765,13.95459955,17.01574093,16.65788959,15.82948131,16.04507288,0,16.962186,16.46419654,20.66974838,20.74554927,12.13812556,21.75359391,17.92006902,17.84803317,21.09165177,22.14314933,19.73821116,20.43911049,18.44981345,15.50939913,16.01147293,20.86130896,17.65448151,12.97932505,18.31116474,18.2851481,18.49797071,15.63307169,17.5091377,0,17.28734211,19.59466746,19.20271823,14.67577502,19.02818996,18.68820396,19.56700117,19.36170748,19.39620707,19.58540023,20.94463486,21.25877083,16.99162752,17.6131383,17.25060817,18.44247914,20.7019031,20.10836123,17.81119578,20.60235804,19.72955325,24.18931725,24.93420161,24.51253565,22.70251813,18.78482842,17.22712394,19.96236768,17.70780035,19.35598085,23.65023713,19.22109469,19.30758012,19.33324841,18.8927941,16.11316684,19.55038778,18.11902597,17.66920288,21.9640155,20.94037829,0,20.95232108,21.2201582,18.95306825,19.2026488,21.04810839,21.24917423,18.83151824,18.70220407,14.53387721,16.82235889,16.34585009,17.49973678,20.47936833,18.44310068,17.74958168,19.84157503,19.7705618,22.78246801,18.12270386,18.77694531,20.31123241,19.20529659,17.02235688,16.84945892,19.39058509,21.62691887,17.63549058,19.63846985,20.00429729,20.01704665,20.64552084,23.3907802,23.47071237,0,18.26118035,19.36744153,21.9029014,19.8171637,19.83180798,22.29550017,21.35438533,0,0,23.87007994,19.01025138,20.52790618,19.51361002,21.25223702,22.31390003,19.68812505,0,20.62514873,20.79389212,20.11300334,18.29728176,19.48202982,21.96373398,23.00966123,21.81642197,17.72855167,0,20.79807988,19.47862485,26.59503401,19.42128652,15.4835571,0,19.95544942,16.84439218,18.80528246,18.12349277,19.03625615,24.26257489,22.5793522,21.10399265,18.33193186,19.1984874,15.00952248,26.83696001,26.53232226,22.20555342,19.49155014,20.28454929,17.5331866,19.16775847,22.26087314,19.23655039
TP11L4,72.40543547,21.64314876,20.08604158,21.09135363,23.14182109,22.30498745,21.63642968,18.55464555,18.81300032,21.60428586,19.08316839,0,19.52970059,21.90798898,0,0,26.77481761,19.40007139,21.67044229,20.3198139,19.00823375,19.42439347,23.46241516,23.4063165,20.92665465,25.02803307,20.2515956,21.47868865,25.47388676,21.8110979,18.33466898,24.2493345,0,22.45409141,20.51161103,27.13994278,20.35506885,19.43126498,0,23.64533783,27.46465037,21.59238885,22.46503172,25.27986654,20.40030773,20.34166926,22.4060903,20.99124657,25.91710046,24.85854323,26.25550195,0,22.04463599,20.35999471,23.81192853,0,22.52870655,24.3418776,19.52261774,18.87153039,21.98763237,22.69737246,21.99346674,24.33198224,23.95722606,18.67038831,25.66460148,20.98440007,17.26487913,21.57869835,22.29430494,20.47969095,23.83514614,20.77819447,24.14857293,25.08314189,22.35897415,22.55251581,25.59583583,23.52623732,23.6043949,25.45327516,22.98999193,21.72434568,21.3525255,18.29902626,23.05168152,18.82063767,21.82652944,26.07370657,25.39577606,19.36984786,0,21.24848319,17.78891511,24.63139381,17.15334978,16.15815091,19.6145097,19.99442154,25.37080675,15.5602766,0,21.49056832,24.28358741,21.64112088,24.48038533,18.66802006,28.17372386,18.72341943,24.75149296,19.32934139,20.38512569,19.87315541,15.93381833,0,21.27800735,18.69015813,18.69133283,22.34562977,14.90153343,19.02231518,18.12846261,19.85779672,18.46490774,17.90500737,18.75230513,18.28696337,20.71407069,18.44218141,19.73376949,0,19.24481844,0,19.79506203,18.25700112,19.92090697,19.14196817,20.81990581,16.55190937,18.66761339,0,19.69045362,13.77830997,22.18103144,22.25901243,17.50004222,24.74960421,20.23565879,19.04438108,20.90707947,23.34652508,22.3387869,22.14243034,20.22993754,19.64252574,19.26482404,21.99868174,19.79548443,15.74671741,19.6970155,21.36001669,20.84663194,17.54865443,20.16218892,0,19.27062478,20.8866965,20.86636878,15.84667003,20.52647433,20.60007317,26.15667835,21.58429674,21.05994891,21.25579737,22.67388938,22.44755773,18.11598516,19.27220699,18.93825205,20.38968636,19.82250151,21.55142679,17.32795159,21.78224337,20.47157949,27.24325274,27.70584237,28.20842682,23.99825607,19.64583128,18.64186867,20.65133106,19.99548149,20.92860464,25.15951931,21.44430859,22.68699707,16.04893382,21.30703411,17.81628302,20.99734402,19.87790101,19.36644238,23.40244405,22.73730372,0,21.30208274,21.23492662,21.88104643,20.91489748,22.66560745,22.439548,19.90421863,21.27352098,19.0820818,21.33667812,18.68021691,19.48916791,21.02708287,19.97335819,19.38754029,21.74518013,21.22434679,24.30185365,20.3568236,20.61219491,21.86745096,20.22432482,18.91328138,18.92884302,20.06629737,23.4154993,19.19673159,20.99300677,21.3698228,21.61717405,20.85135476,25.39894443,25.39894443,20.20310913,20.26321136,20.67612967,23.261845,21.40761626,21.4313928,23.33175294,23.10480168,21.36124262,0,25.12438907,20.69741157,21.48943482,20.10434959,22.26536562,0,20.95465264,21.93762497,21.36409125,21.25903878,20.2145522,19.18223544,20.64732346,22.86557183,22.3760935,22.28401381,12.47566291,21.47970331,21.78906869,20.41553685,26.94026377,19.75295188,17.26343101,20.79464236,20.39097844,14.00067162,20.95104408,18.97644815,19.19043185,23.93458603,22.0371184,20.26453553,18.27167056,18.90282563,0,26.23354697,23.03399282,22.60128407,19.86244859,21.34837522,19.12228101,19.52065707,19.94416496,21.53641166
TP10L15,75.99687081,21.50381885,19.36430694,20.68306745,22.79729839,21.63719169,21.32445056,17.90581792,18.32939227,21.65380981,18.39151613,0,18.9535944,21.57332356,0,0,26.71485231,0,21.07480139,19.96488932,17.67489997,18.92555263,23.27282411,22.56725593,20.90785081,24.89405632,20.94407928,21.01148308,24.26308041,12.4643572,18.22856787,24.27062208,0,22.13507245,20.02973887,26.93015393,20.43356139,19.75102422,0,22.71443242,27.12153605,21.11511053,21.68220809,24.17971054,18.09123909,19.81009147,22.12653197,20.17487141,25.65966226,24.21500362,24.2402195,0,21.42676802,19.55067478,23.38091059,0,22.3470591,24.94721181,19.03279009,19.07521444,21.24397078,22.1634644,25.61829098,24.96248184,24.18979957,18.56406185,25.85175395,21.34019537,16.85870576,21.85828021,22.90200043,20.6136275,23.88764622,21.00349915,24.22273881,25.55887589,22.69469984,22.19823847,25.74800989,24.16796544,23.01888945,23.88526857,23.08892352,21.36604931,21.89273074,17.8927803,22.77143476,18.00992727,21.1370642,25.87839896,25.33883892,18.96057691,0,21.1798019,0,26.25208511,16.30836844,18.23701665,18.97480783,20.35305749,25.1120213,16.77284636,21.70205314,21.2182364,23.99733171,21.76930743,24.77717201,18.11945582,27.80701138,18.66864965,23.15312974,19.33469976,20.02026414,19.59667847,18.00913238,0,20.6297337,19.48023217,18.91351016,22.07730629,15.79968519,18.99013064,18.48104652,21.14102129,19.0251934,18.43072922,18.95994214,17.98231066,20.22177798,18.71017875,19.07991613,0,0,0,19.5384281,17.97477535,17.36804334,18.16007616,20.41869848,16.43598627,17.54628936,0,19.58480962,16.86229564,22.03569949,22.13806736,16.39387488,25.09850402,19.14697583,13.16724832,20.1948867,22.89494539,21.31946799,21.7663753,19.50195645,18.94351502,19.19289949,21.44921421,19.36943527,15.6332998,18.73920329,20.96409059,20.20681591,16.07765078,19.2371151,0,19.82356004,20.50849311,20.36243745,14.35510677,19.48093856,20.52386819,25.96498194,21.08033206,21.03970659,20.84024777,21.32472718,22.2347894,17.62270829,18.60636906,19.00052792,20.62174074,19.30929648,20.97824206,18.22802168,21.52618632,20.51301177,27.1345933,27.59819764,28.08574212,23.79073163,20.21816063,18.61660407,19.87038515,20.27443213,21.09475096,24.47815284,20.24207387,21.98650942,20.71514085,21.79082211,17.5026082,20.54095618,20.18315665,19.54518976,22.84194459,22.04472781,0,21.228922,21.88433364,20.07362061,20.29458932,21.92711193,21.75547238,19.66785831,20.27983003,14.02947924,18.56130286,19.17846144,18.71364092,21.03034248,19.26089897,18.6471767,21.13151682,20.74828425,23.74176389,22.51089441,19.99818125,21.1540815,19.77858351,15.76406308,19.51509439,19.68378726,22.5074516,18.68826596,0,20.18647806,20.4377348,21.24128251,24.60255614,24.60255614,19.85690483,19.85827291,20.6298811,23.11243482,20.89115219,21.32698518,23.09799462,22.53048678,0,18.85600033,24.48890638,20.44029944,21.91281125,20.25414514,21.91311572,0,19.28027463,0,21.22947533,20.69377461,19.43904823,18.24489348,20.48966767,22.18878202,21.95405276,22.27005181,18.07332112,21.57762213,21.7945265,19.91208204,26.00635214,18.79780099,16.33205043,20.60968322,20.20155311,14.36987398,20.87557949,18.99279161,19.03564933,24.15114906,22.01983821,20.35570209,17.3980062,18.72975532,0,26.49150478,23.04035514,22.35178027,0,19.77587438,19.08101221,19.6081504,20.40032552,20.78432853
TP9L15,76.77070713,20.25451533,18.01310738,20.50412225,22.52379539,20.40754541,19.56301604,16.9794145,20.65197254,19.92035392,17.56815274,0,15.8198289,18.71474108,17.69413753,0,25.82361587,0,20.48879169,18.07729114,14.32598048,18.10879978,19.76686234,21.71511516,20.10944865,17.04716284,21.01079955,20.0972836,23.73731507,20.73496597,17.46398638,23.72175832,0,20.43316068,16.83042356,26.63352491,19.25907433,16.96806371,0,21.3590168,26.37505675,20.1782129,20.05490633,23.209308,16.40643755,18.96300188,21.47190774,18.74099044,22.64455281,22.76208543,23.53720877,0,20.25573408,18.37583834,22.17011578,0,21.51928874,22.65106826,17.57710185,17.79654568,19.66938676,20.85985399,25.64984971,21.83854856,23.38072777,17.22051122,25.14075115,19.93628967,0,19.26230716,20.3783867,17.19814304,20.34286926,17.59904082,23.39204037,23.5953353,21.25780104,17.81555532,21.97598755,22.37362415,21.66685515,22.94595542,21.0963379,20.04980756,20.96133479,16.94801063,21.52162396,16.38268021,19.91144853,23.17856675,23.91430458,18.0622472,0,21.4564559,17.13242255,25.31216137,18.32627039,17.07105692,22.64273459,20.50611138,23.80831962,15.75708237,0,20.39813035,21.86088957,20.52985347,22.4519546,16.91413975,27.03663666,17.53140723,26.33135994,17.44502777,18.48206128,17.9239993,17.62963572,0,19.62193749,17.34043126,18.07125812,22.02865017,16.2562241,18.21419839,16.92108032,20.68975562,18.19756227,17.48580966,15.64410929,17.23216253,20.1078284,18.62411718,18.06532954,17.34559584,17.45787096,0,16.66652644,17.18896514,14.94309471,16.62563163,18.4917279,16.08533005,16.17766,0,17.67613297,15.67604377,21.20382895,21.28119165,16.66164587,21.5232033,17.9051719,17.27276072,21.12500986,22.06813198,20.10265147,20.6781605,18.49900816,15.46812193,18.56770692,20.6312137,17.7683321,13.1809294,18.46639031,18.07802974,18.45205169,17.1686607,17.52460543,0,16.9038424,18.96300188,19.34372402,14.25607878,18.96261555,18.38681043,19.22591669,18.8420764,17.8394433,19.49912599,20.92234485,21.24285454,16.8572095,17.45587375,17.30862763,17.06909193,20.48089747,19.94351433,18.15857831,20.37533012,19.02187689,23.75249294,24.51112801,24.8074981,22.76667043,18.91422327,17.25925538,19.86829976,17.73972608,18.80586726,23.40084446,19.07462903,19.21922804,18.76473529,18.70813314,16.14403948,19.18523527,17.85068178,17.50737086,21.96079404,21.00264185,0,20.43247767,20.90101471,18.66036002,18.84862238,20.89559438,20.97320197,18.56526564,18.52554896,14.06272077,16.72750534,15.5937219,16.71477073,20.02802509,18.40987721,17.74193268,19.66324944,19.59942909,22.55361049,18.00692895,18.58176122,20.03849248,18.99261584,16.20231491,17.01754698,19.26372997,21.47602903,17.57064239,19.35851944,19.29903944,19.56710665,20.34834038,23.17813977,23.2786008,18.1347859,18.0861987,19.29037037,21.77985859,19.5740351,20.60688921,21.4948839,20.98755863,0,0,23.07329075,18.65811019,20.52034026,19.36833803,20.96674189,22.0448942,19.2819748,0,20.19693872,19.24424672,19.80187849,18.21098645,19.23964472,21.61866204,22.86755616,21.35037348,17.25554213,0,20.40118175,19.27221291,25.0694994,18.91983168,15.66624035,0,20.01426328,17.01191073,18.88649815,17.78694865,18.48929663,24.00877571,22.07812051,20.62650245,16.59161308,18.66417194,14.19943798,26.66348717,26.37447818,21.59698119,19.18023447,19.33815052,16.72597711,18.70642608,21.98747166,18.93695679
TP10L4,77.11520535,21.5021434,19.35238732,21.02980176,22.99929443,21.95511389,21.72387403,18.03843718,18.30410719,21.29457732,19.5965133,0,18.54441216,17.77681997,0,0,26.72157742,0,21.12438106,20.24221406,15.23580633,19.48415206,21.53615986,23.3852497,20.86077893,24.8764635,20.41861032,21.49138058,24.24868214,20.12479266,18.0224689,24.63356332,0,22.13683835,19.19932347,27.96085322,19.73709594,19.69304063,0,22.90603095,26.98795554,20.76018768,21.93186573,25.56046156,17.72600523,20.38425564,21.84794484,20.97438147,25.32650389,24.82792007,26.15435566,0,21.6688098,19.79940498,23.57829251,0,21.3893434,23.92388622,19.87943597,19.15054477,19.64333948,21.6755682,25.05197232,22.67615302,24.06441998,18.07230615,25.90674946,20.8825424,18.0524353,19.55690618,20.32868674,18.94890327,22.79900017,21.53438296,24.50989201,24.9750629,22.03404434,20.86886833,24.82196468,22.27170795,23.49530109,24.25685481,22.30174436,20.92991842,21.80152577,18.20856801,22.91091643,19.03533203,21.29797186,25.59665241,25.53743651,19.14572489,0,21.75440841,0,24.01673846,16.26873074,18.59770594,18.5030862,21.16156332,25.4949484,0,22.18305793,21.74814385,23.71897178,22.41479255,23.86623647,18.61907948,27.83795487,18.75686416,23.48121647,19.53744244,19.79929017,19.74184647,16.02840876,0,21.03406412,18.99609954,18.89733341,22.68680872,17.82363873,18.30818096,18.35438838,21.30059303,18.68320025,17.79783644,18.26154766,18.76927942,19.94500789,19.03176478,18.990605,0,0,20.37307494,17.9112518,18.3567752,16.52267107,19.12313991,19.76647002,16.78624861,18.9337912,0,19.07200111,16.32881308,21.80805716,21.89565579,17.08069365,23.20776283,19.79556712,19.33044637,20.98778605,23.13426655,22.61244673,21.73383622,19.17898215,15.04420762,18.91251036,21.69537781,19.80107328,16.27132376,19.22592475,18.43004023,21.50619245,16.99678659,19.18394571,0,18.12757676,20.38425564,20.22661706,15.60188521,19.49487722,20.71421909,25.9873159,21.28616152,20.30934504,20.94762909,22.39251449,22.54428288,17.85646033,19.41115211,19.33841563,20.0379816,19.71213533,21.15012564,16.11860987,21.97189094,19.17347533,26.79580645,27.3493468,27.21318189,24.10654499,19.04091828,18.65958387,19.92824228,20.10357572,20.43393327,24.73733805,21.1898417,22.19068266,20.57583486,21.61156369,17.00782309,20.46763509,19.28823053,19.13018832,23.04787684,22.25163258,0,21.29147594,22.11628339,20.24340499,20.28063217,22.02018309,22.24253532,19.55246102,20.42796708,14.21615132,17.90910894,18.97239719,20.09871525,20.60229644,19.32095914,18.78657516,21.03130844,20.75166532,23.54555451,19.35910077,19.86349624,21.25119663,19.73063767,17.20509003,18.9541187,19.51395364,22.52649271,18.58516102,20.22927673,20.16318457,20.19854111,20.6692953,24.62200873,24.62200873,20.07092411,19.59035063,20.11209804,22.63982427,21.10255728,20.08324466,21.19017806,22.28839706,0,18.9622218,23.91288864,19.335611,20.8174814,19.5199894,21.54498549,22.47621278,20.48540092,0,20.89617566,20.3587523,19.5407848,18.06309123,19.88947808,21.47585797,21.75883842,21.75105656,17.80421554,21.46892471,21.56056428,18.97344794,26.76770536,17.44334131,16.70354992,0,20.05413245,13.47937029,19.9876828,18.5933503,18.47622111,24.13871742,21.41247,19.92155844,16.60103133,18.2072373,0,26.43947763,22.28370366,21.9004111,0,19.51122578,18.95806195,20.03165024,22.88998737,20.79214923
TP10L21,77.77297536,21.22591024,19.2663018,20.97362039,22.73442067,21.75528255,21.04898928,17.89382115,18.25108303,21.17659729,19.51326706,0,17.65674141,19.57826302,0,0,26.29116292,0,20.76784606,19.6673359,16.62393343,19.40190496,21.47810188,23.13299434,21.40334951,24.78056122,20.17174595,21.20558419,24.99008068,20.83057707,17.76819291,23.72544092,0,21.92845124,18.87669602,26.84343835,19.67082128,19.2483397,0,22.59605475,26.69030792,20.68172228,21.82476922,24.82215236,19.2611146,20.84634962,21.4849119,20.80389211,24.1848986,24.57063179,23.7853827,20.39467271,21.35153381,19.54006994,23.39914973,0,20.98594652,23.38160623,19.67225168,19.30188909,19.77754296,22.58558249,25.74186468,22.25357422,23.63041105,18.01572263,25.79466982,20.35844716,17.17472724,19.34071201,19.41836948,18.38282891,21.32657432,21.27006524,24.24770514,24.3045581,21.74305601,19.19817194,22.93215797,21.35678367,23.19604636,24.38595821,23.50208133,20.66361068,21.41005483,17.75107481,22.53373101,18.67622641,20.81522689,24.46157247,25.24497929,18.88033951,0,21.95664866,0,26.31446947,16.49066997,18.7404724,18.7276869,20.3458855,24.86691715,15.7997536,21.11218491,21.23810304,23.40764656,21.57472685,23.32012939,18.93968886,27.757804,18.74462526,23.53662731,19.72312729,19.12429661,18.32617123,17.15048214,0,20.88505623,18.37917397,18.91691681,22.60161873,17.50426366,18.92604247,18.18669629,20.12314689,18.91302963,19.85247349,17.1333799,18.96046367,19.80000241,19.20058662,19.03733899,0,19.5870954,0,17.58511684,18.25597059,19.37936023,18.38345587,19.78175492,16.28404178,17.68557883,0,18.53650649,16.42602534,21.89145761,21.90277948,17.14992514,22.5836181,19.82641493,19.29834296,20.72712591,22.63175103,22.45391542,21.46493587,19.17514883,17.14730762,16.84716525,21.30052273,19.11994656,15.59673176,18.8483327,17.76726785,21.29030405,16.9661271,18.76510809,0,18.5748193,20.7285583,19.92050432,15.45256041,19.56385057,20.50537534,25.49875867,20.92070668,19.8487308,20.75229815,22.05803236,22.18536469,17.94207151,18.79322923,18.65431194,20.15094687,20.07734375,20.60754481,13.17110912,21.30554536,16.85892029,25.72015095,26.32432144,26.68662345,24.03863483,18.11047682,18.97365383,19.81360258,18.76709096,20.47256218,24.53995416,20.15333286,21.89379795,21.21926792,19.83235469,17.30705151,20.23770758,0,19.21071559,22.73618489,21.90594517,0,20.54081008,21.18417362,21.10835484,20.09785969,21.82335473,22.10087006,19.40613433,20.49038001,13.86136736,17.91626167,17.90038094,17.24155873,19.9197621,19.34370562,18.7138386,20.70736218,20.58007147,23.38223574,19.35631914,19.63407843,20.90251252,19.6638099,18.24164983,17.95023275,19.23798014,22.43686051,18.63221282,20.45408698,20.29873706,20.47725124,19.61002124,24.37393071,24.37393071,19.87899783,19.29130217,19.79790491,22.44178209,20.98418813,21.18868337,22.26666426,21.91644943,0,18.85483889,23.74792531,19.13540688,20.96601036,19.60306509,21.41274369,22.35117763,20.84252234,20.05842747,20.42437068,20.22701853,19.31838561,17.94529264,19.61618416,21.36815466,21.78369935,21.88484895,17.2987139,21.09666097,21.19601687,18.76313942,25.56936807,17.15073624,15.15044863,20.1202105,19.95300704,0,19.54304966,18.2401509,18.1779802,24.21714916,21.33523384,19.95898731,17.02002861,17.96330482,0,26.47470814,21.8792977,22.12270856,0,20.24993302,19.22295583,19.25036834,21.95420225,20.69006205
TP11L21,77.98000189,21.34546061,20.33504317,21.50358818,23.03440528,22.08696321,20.99906792,18.13090466,18.2073427,20.75286884,19.20474357,0,19.66761911,15.75827746,0,0,26.73325993,0,21.49684369,20.39012067,14.07995026,19.49930144,21.25057252,23.11055445,20.52867946,25.06024105,20.10674185,21.15219206,24.78586499,15.70641932,18.09584085,24.83184263,0,21.32281749,19.90795464,27.74136715,19.67550163,19.1089995,0,23.35192952,27.07376197,22.11412069,22.6730075,25.66421421,20.40065656,21.10197846,21.63651539,20.78147695,25.09488728,24.34845614,24.59846249,0,21.76092541,20.38181016,23.81644389,0,22.1131695,23.17641436,19.51913346,18.81177911,21.86649836,22.77197319,25.09367642,22.05620798,22.74361621,18.44659072,25.48726837,20.31320637,17.9852152,18.98629308,20.04187537,18.57666814,22.70136285,21.30031725,24.4025875,23.72964369,21.57175594,21.33089802,24.24989284,21.5432588,23.14563899,24.681565,24.03309716,21.61491128,21.42832825,18.41856416,22.68515115,18.68397725,21.63577915,25.21733117,25.65053839,19.76232832,0,21.8572882,0,25.69056315,0,17.55130368,21.40804842,20.96834079,25.21691096,18.28027913,21.6665249,21.50294266,23.84855112,21.58391595,23.29176008,18.63396452,28.05790897,18.17087231,24.01413732,18.48330183,20.66076169,19.4613053,22.20272623,0,20.74737203,19.01509483,18.71473745,22.82984597,17.26297166,18.82822127,18.19368194,21.576733,18.94443743,18.32582968,17.80241539,18.42801302,20.4504001,18.08929678,18.51421955,0,18.40378861,18.30271403,18.2602754,18.00089678,19.52197616,19.13472533,20.56236459,17.11462684,18.68450209,0,18.67011658,15.40141857,21.37038961,21.43762581,17.70280489,23.07990979,19.42095172,18.35502381,20.60390889,23.16593923,21.96432323,21.84514678,19.51400351,14.04018698,17.9115485,22.14889927,19.76998372,16.31413057,19.42160979,18.51852909,20.97490713,17.32400816,19.59299074,0,17.83588947,21.10197846,20.84526389,16.05384902,19.91303402,20.5717341,25.46950801,21.35536568,20.19133123,21.54077414,22.76065397,22.77508913,17.24609449,19.64050603,19.23156273,20.06321721,20.12379306,21.41444842,15.84254424,22.11524656,19.11324571,26.58333272,27.16369964,25.91987206,23.99867409,19.05201202,18.87150135,20.08079897,19.8228035,20.51204667,25.17758239,20.62251915,22.41852455,19.72400872,20.71584987,13.69824091,20.11571271,19.36269196,20.0312627,23.59086115,22.93618524,0,21.30961568,21.20316176,22.01506049,20.93291075,22.77746432,22.71664092,20.24594873,20.80024501,19.19927952,20.88976396,18.3983693,19.34686435,21.1424735,20.39189537,19.79547364,21.36177169,21.42808666,24.18150946,20.21553734,20.66987866,21.95145942,20.47392824,19.69142772,15.92723827,20.2720559,23.50647141,19.34455097,21.35968465,21.39847432,21.4667809,21.35497283,25.53992463,25.53992463,20.66044518,19.92760273,20.81000745,23.43319683,21.73723122,21.88523168,23.46927689,23.031028,0,18.81864729,24.65203397,20.5367089,21.22535328,20.19946751,22.20301522,0,20.96845908,21.80457507,21.37731355,21.30073741,20.46694649,19.31146678,20.64120486,23.02134379,22.63780565,22.80658664,15.426932,21.88513122,22.11322356,20.58302838,26.34198513,19.21944785,17.68962798,0,21.13173466,14.04442671,21.10058981,19.21402472,19.33267412,24.6966892,22.41883833,20.75903337,18.28027913,19.23923625,0,26.93086343,22.55498198,22.11781707,19.52895195,20.65734403,18.7720347,19.73071512,19.41962246,21.78356984
TP10L1,78.8660257,21.94076941,20.16138163,21.40870365,23.57051982,22.23752091,21.68203365,18.16185673,19.02523613,21.69446786,19.27870069,0,17.92421337,22.83070258,0,20.78414768,26.92603724,0,22.10367948,20.26794566,18.12556354,19.4982956,22.86766775,23.67003485,21.82770885,24.82023129,24.04061931,21.58715552,25.09432805,21.26782442,18.40413955,25.31159503,0,23.10452539,19.71739,28.65661396,20.8026376,19.67579685,0,22.70369352,27.17584158,21.75499736,22.56084458,25.80986136,18.60006534,20.09482383,22.73714164,21.01642095,25.10020342,24.77440648,24.7165525,0,22.19619472,19.73598212,23.57719027,0,24.07469985,24.8323364,19.83143664,19.1831697,21.03706549,21.99007832,25.8145387,24.79320616,24.40461539,19.222629,25.97522497,22.64537579,0,19.37506965,19.78350187,19.27884438,21.77469103,21.09863806,24.59263044,25.04383877,22.22066552,19.45716858,23.28019661,22.02919435,23.32819194,25.99787276,21.99515325,21.960038,22.91989759,17.95276387,23.25192648,18.41757044,21.50590279,25.03270872,25.63085194,19.46249375,0,21.85615314,0,26.6997212,16.85401533,18.6924906,18.72723367,21.36906128,25.21276585,17.1874375,22.43343927,22.59467992,26.07222684,21.22480726,24.61701302,19.426117,27.66509749,19.23043836,24.46739589,20.25254597,20.17603562,19.65195739,17.73496134,0,20.97435252,20.01281179,19.13358059,22.86112413,16.10355237,17.60338004,18.43198917,20.04867961,19.0378338,18.37127016,16.85789739,18.9463305,19.10231129,20.05051633,19.31500321,0,20.18355179,0,18.52559368,19.09965179,17.59201857,19.68471649,22.40703042,17.59843009,19.31951972,0,18.77694091,17.37995415,23.59969375,23.70760815,17.36326218,24.66875082,19.44961473,19.5482429,20.79248246,22.94395743,22.2879131,22.07516482,19.85725877,18.87725662,18.3649882,22.35648781,19.6015361,17.1617014,21.19760717,20.7414151,20.78414622,17.26120774,19.30738193,0,20.19938602,20.83727066,21.1120572,16.8513559,20.06878373,20.57739788,26.22310637,21.7944725,22.49037529,21.2563017,22.62223462,22.32705713,17.76338781,19.74261479,19.722754,20.88264998,21.70407872,21.48302529,18.43103931,22.46017127,18.98253377,26.67539544,27.18802327,28.37149204,24.57579208,20.19659082,17.76291762,20.38249133,19.82381702,22.29451768,25.24946383,22.45310597,22.7389834,22.57231684,21.56331724,18.10334552,21.52131584,19.92593371,20.29693074,23.86334863,23.05437108,20.65763815,22.26093762,23.08761424,21.26235743,21.70884676,22.800962,22.99581943,20.60379937,18.69763956,15.85435123,18.32776138,18.17518085,19.10127657,21.30770291,20.3450771,19.74157114,21.65777512,21.54751728,23.56548542,22.43061206,20.54676913,21.22383396,20.56327626,19.50285579,17.54870803,19.99237618,22.66394702,19.12635664,20.91015338,20.95717486,21.03768899,21.05916196,25.04131128,25.04131128,20.05847579,19.29496037,20.71848826,23.20334267,21.38694291,21.05409268,23.0637555,21.63857649,0,19.68485924,24.45617743,20.44071923,21.80887937,21.3108289,22.37667427,0,20.05043233,0,20.15437638,21.63728772,20.81164743,18.95557667,20.26474762,22.7812934,20.18079564,21.90857383,17.31373379,0,21.71343864,21.27949926,26.43055602,18.9595041,16.71325349,0,21.08441986,19.06071664,21.85800231,18.86904914,19.34274114,25.14279318,22.98433378,22.59688691,18.16656997,20.0654441,0,26.01896808,23.29114739,23.94422902,19.03170945,22.50961581,19.25345136,20.18782522,20.45139005,21.49509369
TP11L19,79.89964204,21.57070712,20.06587384,21.47478146,23.09242944,22.02533319,21.48575929,17.98806438,18.81228971,21.34322039,20.34119812,0,17.81571692,18.98722979,0,0,26.27270083,0,21.446625,19.8238418,17.01893425,19.45422125,22.64567765,23.8595363,20.96316087,24.9555062,19.59907115,21.75107222,25.02948553,19.04693947,18.39027316,24.48896342,0,21.63723718,18.79284993,26.43003193,19.94217095,18.48259528,0,22.95056958,26.86487719,21.0236102,22.08177707,24.24907228,18.22238456,19.74977248,21.56344963,21.50660931,22.82110911,24.77481807,23.8403941,0,21.82802907,19.87740077,23.48705408,0,22.29191563,23.57916063,19.89464677,19.27680306,20.72997095,22.62795478,25.7326341,23.33387693,23.77719327,18.7240907,26.14666766,20.94209714,17.22201894,18.72667456,19.37378365,18.97683266,21.48555442,21.14795296,25.13910051,24.40350992,22.11123267,18.86873523,22.94550169,21.36351179,22.99931436,21.41161072,22.75909675,20.81827054,21.83767366,18.3324853,23.21574761,19.39229482,21.89479606,24.28705881,25.61688167,19.93249956,0,22.44328887,18.12035575,26.10714981,16.96898429,18.17792675,19.03445988,21.08233658,24.51394817,0,0,21.67794553,22.67754051,21.08970722,23.69165794,19.09457106,27.88052953,18.87479038,23.57319178,19.35537668,19.92228949,19.38706082,22.13427143,0,21.30560185,19.56910743,19.22295214,23.41292092,17.79710878,19.3635333,17.85035758,21.269683,18.79898116,20.27038636,20.14468729,18.91837262,20.43576973,19.4619446,19.49174391,0,19.32128783,19.97175989,19.27858361,18.22380827,20.16459542,19.00437015,21.61765703,17.18888394,18.36608902,0,19.429404,16.1367102,22.35796517,22.46849077,17.5958778,24.48606217,19.07652377,18.84967422,21.61079265,22.93258858,23.00401514,21.31413246,19.57999594,17.8108107,17.67394024,22.0298832,19.551348,15.68430529,19.50452088,21.69412171,21.70460427,17.47949899,19.20428773,0,18.96764363,19.74977248,20.20118549,15.13831922,19.09298936,21.0565221,24.89489295,21.00488337,21.04807961,21.37996158,22.58614526,22.59902083,18.04289159,19.75349368,19.41382838,21.17934732,20.16599631,21.13811551,16.64730723,22.2367443,19.46986595,24.69968922,22.53013268,24.48034542,22.98435692,18.92466175,17.92692056,20.81150737,19.49178968,20.41687033,25.13472138,20.9273053,22.42006407,16.32535473,23.17631951,17.33862267,20.30962578,0,19.60676451,23.12099039,22.52679387,0,20.93746793,20.96813067,21.7085793,20.60270147,22.41572152,22.43991864,19.86699743,20.7531626,14.36214226,20.50005383,17.8076707,18.75724985,20.63934357,19.90045039,19.26917663,21.36284678,21.04089302,23.82109459,19.85309371,20.37055609,21.54606648,20.10319367,18.6456855,16.4943374,20.03219776,23.03047448,19.19918403,21.08379256,21.07247681,21.1028558,20.47367032,25.12716714,25.12716714,20.56659576,19.56203789,19.62414689,22.47680508,21.38335074,20.49145851,23.33218353,22.45185157,0,18.74554443,23.7139553,19.40439226,20.8822174,19.27301867,22.05117712,0,20.37871418,20.37785992,20.90740694,20.91455287,20.1772051,18.39432208,19.93192533,22.0750823,22.12602388,22.17531534,0,21.64622458,21.71954765,19.48188458,25.6587436,18.38430346,16.62421358,0,20.74065333,0,19.92185756,18.48423077,18.33307468,24.19561691,21.3719329,20.08801205,16.87325915,17.87645855,0,25.98726623,21.40507717,20.22300783,0,0,19.29829448,19.49034608,22.78889126,21.52098046
TP10L22,80.88256657,21.26657442,19.46559848,19.93588388,22.82292407,21.83396203,20.62570413,17.79396093,18.11733758,21.70958571,19.39540244,0,18.94011975,21.01802605,0,0,26.84085022,18.92378226,20.84288125,20.22096625,17.67368635,19.22275317,22.93562156,22.99790848,20.67287545,24.04769161,22.57304441,21.23582383,24.54049776,20.21638204,18.15983279,24.55637114,0,21.96462646,19.33220223,28.66650872,19.5554113,19.91429262,0,22.46811749,27.19294392,20.89628639,27.14190492,26.89420914,19.3641263,19.95951666,21.64438398,20.4465995,26.33036922,24.4569746,26.15303034,0,22.05416193,19.06371348,23.56632491,0,22.36496615,25.03826907,19.6325133,18.72164707,20.59674563,21.29539973,25.0823202,24.52584498,23.72368615,18.11774702,25.26957302,21.5379271,18.29232631,19.94505646,20.57085234,19.96149754,22.8714903,21.57657239,24.1506779,25.29635664,22.41925893,21.15904862,19.03033773,22.72107532,23.50221595,23.91884567,21.96200233,21.95060991,21.54466606,18.29234732,22.68675208,18.56836507,21.05211039,25.26301044,25.47846582,19.05366701,0,20.51181982,18.38745559,26.08646287,16.1042863,18.71818185,18.77574705,19.60453082,24.81970443,15.55966957,21.31216622,21.3582393,26.85338547,20.68191724,24.79341226,18.5496639,27.69793845,18.74234824,23.35046239,19.69158616,20.08021091,19.28842403,21.82944096,0,20.68850815,19.31093239,18.81842511,21.40111317,17.6551973,18.35288356,18.31990613,21.18188073,19.16709958,18.10416171,17.63782567,18.47770554,20.2108574,18.78085231,18.5844504,0,0,0,18.00401966,18.20195026,17.55653625,18.7290608,21.37415492,16.38620424,18.77429805,0,19.11077764,16.47775441,22.56291159,22.64057734,17.14715386,24.76154408,19.61052346,0,20.53738561,22.58061088,22.03119885,22.27680116,17.91778618,18.31280326,19.46600499,21.6211116,19.5441199,15.82742905,19.21070547,21.32700365,20.75599476,17.53002133,18.73070994,0,19.32433145,20.57169432,20.33966555,15.49792335,19.65333002,20.65592624,26.13266518,21.12976526,21.35641984,20.42651968,21.90503731,22.06239287,17.6268818,19.12809327,19.19969265,20.50397317,18.89712982,21.11447515,18.28706121,21.80139782,12.45413495,27.83993719,28.22956959,28.00305817,23.92292833,21.08493667,20.78216428,19.52991662,19.80936654,21.32415247,24.06098369,22.20990002,22.9688904,20.651866,23.22733614,17.1249521,20.6417831,19.10462566,19.32052518,23.14878224,22.36005783,0,21.832231,22.40673911,20.53865064,20.77507339,22.26462616,22.75927966,19.95063921,18.20096312,18.54599166,18.11149325,19.13934159,17.77464724,20.95357411,19.57117087,18.90956012,20.94669059,20.92361418,23.02020428,18.78452328,20.03527071,20.56746568,19.83961898,18.58508784,15.61434575,19.3116428,22.11955408,18.63013544,0,19.72204427,19.87615424,20.54279765,24.41431332,24.41431332,19.99026426,19.77945577,20.00188158,22.43193258,18.96918869,20.73161184,22.0694144,20.33097041,0,0,23.61586381,20.79864412,20.06564867,20.95361095,21.9773553,0,20.66543429,0,18.99109685,20.60227371,19.4642709,17.84475113,19.65856072,21.54761439,18.17518765,22.02539067,17.7431374,0,20.77802689,19.9847835,26.7580579,17.99609616,14.10566211,0,20.03886664,16.66580336,19.20071137,17.60128107,17.52114858,23.79828035,21.66868175,21.34089789,17.02221134,18.93401408,0,24.73489242,23.49488427,21.99053196,0,19.61032491,19.11463516,19.86335954,21.3473024,20.78904056
TP11L15,82.6847579,21.70403781,20.2602201,20.979285,22.89273296,22.48831528,21.71608903,18.63875877,18.77166077,21.80318948,20.34166713,0,19.82821661,22.08452597,0,0,25.9611954,0,21.3012792,19.18522172,19.40912801,19.43449029,24.29023548,24.07124805,20.96497801,24.90761508,19.98155835,21.83724442,24.82933403,21.06937347,18.89498521,24.48143377,0,22.13597419,21.6145602,28.04936758,20.18099152,19.38140014,18.7870964,24.07571183,27.56336559,21.13671534,22.18700598,25.25696919,20.66092829,20.90777685,22.31495679,21.93036713,25.70193365,25.44476026,26.30888477,20.84729349,22.08216266,20.3976084,23.94624496,0,23.29924653,24.72272901,19.87041276,19.36337461,21.90257991,23.53446651,25.69525292,24.7596704,23.5980265,19.25025324,25.33031019,21.1675877,17.21090057,22.11210272,23.00546896,21.45798647,25.01033611,21.24963662,24.7811696,25.00230329,22.49636456,23.66250428,26.17330862,24.26428889,23.7434606,22.99750821,23.74316367,21.58657586,21.42293614,18.14268275,23.45233842,19.4970834,22.12197745,26.21789743,25.56006246,19.69520503,0,21.69566979,17.99234421,24.20836216,16.88097156,16.4862182,19.32940032,20.38408109,25.42124994,0,22.18505293,21.57967244,24.2263059,21.23672882,24.7773175,19.07641488,27.8817084,19.21344219,22.83086414,20.06767659,20.7828924,19.3437397,18.28072198,0,21.55854777,20.12235954,19.23166088,22.61174807,17.74774256,18.66506103,18.46376425,20.87984158,19.7201685,20.14774516,19.61244218,19.07861743,20.64157543,19.44933217,19.82011957,0,0,0,20.46866557,18.28044972,18.29839603,19.06228724,21.69257672,17.14183725,18.39550822,0,20.33920931,16.18590604,22.62398558,22.71877828,17.99987732,25.72384172,19.72017593,0,21.39469566,23.64806999,23.08065809,22.98353387,19.86783886,20.03386319,19.43995185,22.2329206,20.03856669,16.62822242,20.54616388,21.28520596,21.49184179,17.76872039,20.08832116,0,19.2650224,20.74068692,20.68958623,15.06569179,19.48952116,21.3691519,19.66481864,21.79245003,19.80678348,20.79069133,22.65502119,22.75871701,16.36436494,19.82259118,18.82926508,20.55937907,20.28834331,21.66749507,19.63895262,22.22544494,18.15124495,27.13132287,27.58095141,26.75936834,23.59116632,18.6583993,19.06327113,21.10478223,19.82064951,20.93915031,25.22848159,20.88077964,22.79836045,19.36154645,21.58107335,18.26534247,20.0172064,19.67375657,18.86566461,23.55180527,23.02308317,0,21.588249,21.41796112,22.22293906,21.42072263,22.90392305,22.54351102,20.20244511,21.20565278,14.8801507,21.00346603,19.94387221,19.6393724,21.16183466,20.24640236,19.59048706,21.76209384,21.39810592,24.23930814,20.5394592,20.83155185,22.04268693,20.26189356,19.75731122,17.07409529,20.19201066,23.56579159,19.27278946,21.18614865,21.2854223,20.42371199,20.0438562,25.63619971,25.63619971,19.78966265,19.8835453,19.27854857,20.78354943,21.10581559,20.26147819,23.82952698,23.2022584,0,19.08656516,24.66581436,20.69317343,21.8556545,19.62911794,17.77298206,0,20.59568222,0,21.61118344,21.24468652,20.67621121,18.87583692,20.81394533,23.07196661,22.25569503,22.51778622,0,21.95613101,22.22507205,20.760567,27.04441332,19.95901175,16.87629809,21.20331726,20.07194121,14.26163263,20.94564219,19.12567023,19.44306609,23.57905301,22.25952131,20.53341612,18.07612756,19.07677989,0,26.09334692,22.73970233,21.31188687,19.2778118,19.36939326,19.62342968,19.78633374,19.66074015,21.6922088
TP15L6,82.95599675,19.25831111,17.46905863,19.027968,18.79232604,19.73543716,18.77281016,15.21617721,21.04015099,20.43972829,17.18529852,0,18.68420596,20.6967267,0,0,24.77523897,20.17672519,17.84698162,18.13826463,15.25507268,17.83224811,20.15658026,20.57803501,20.07850687,23.09923026,16.98076921,18.76093526,23.00586229,18.31422244,15.76320808,18.20599163,0,19.99390251,17.03923902,27.69379925,16.56537078,17.89031178,0,21.12825394,25.37034262,18.74282393,20.19677692,24.10622562,16.70195947,18.42855237,22.20245904,18.89441363,24.85488454,22.04099951,23.25257507,16.4926959,19.49298296,22.57193632,21.54248935,0,18.88484436,22.59748295,17.1698214,16.57133627,19.93210253,19.22204873,23.45477866,22.11605586,22.16102362,16.02090549,23.99245347,19.41624956,0,17.57956964,18.52491346,17.72560861,19.99251473,17.04642502,21.8893566,22.64695504,20.07479036,17.49271491,20.95171881,19.22052605,21.02144758,19.33477065,18.64425166,19.58284365,19.41165008,15.52779308,20.39889036,16.50243783,19.0740908,22.56623256,23.30588709,18.36643906,0,19.66871426,0,24.81658568,14.84993785,17.29357582,18.08556853,16.79036206,22.23216529,17.55107201,0,21.76773525,22.15214339,19.27683446,22.35794344,17.04954048,26.84430213,12.4548228,19.690001,17.12662631,17.61668465,17.04116543,16.0693068,0,19.04552464,17.3029825,17.56755534,20.30300563,15.67890562,17.07400303,16.56876665,18.92228215,16.91371923,17.75542667,16.69484007,16.58567453,19.68874036,18.33298338,16.93394806,0,17.15582403,0,16.12101268,14.7688793,14.49908571,16.43706805,19.04462709,12.82294212,17.71748901,0,16.97684549,15.86481697,20.98245002,20.98338786,15.86932698,21.89096685,16.98629404,0,18.17952758,20.6413029,19.64630037,20.01966871,17.21697148,15.7665806,16.94427966,19.8969822,17.14135921,14.95294622,18.18555632,17.74622935,18.352154,15.2549254,17.40017013,0,17.18393211,20.35117218,18.05002787,15.91880829,18.08769847,18.53198934,19.05510352,19.00765516,18.6077782,18.89234048,20.12773745,20.64759104,15.98446426,16.85346787,16.20602161,18.01773274,18.89585483,19.13217067,17.85361633,16.95574135,16.03469938,26.15889984,26.76980542,25.52088824,20.78161105,18.38453467,17.4365971,17.63969961,16.74818613,18.73806503,22.30003612,18.15063173,19.98666327,19.43197232,19.76313842,14.39825182,17.8769819,17.00165083,22.18018041,21.06782696,20.20895853,19.41569502,20.01749489,20.68743522,18.89706584,18.45785621,20.07179593,20.59617519,17.73834403,18.38714626,12.47602601,18.54056743,15.16320186,17.1113659,19.11245343,17.88982409,17.55260014,19.16628381,18.75200816,21.81820478,18.55702593,18.25473386,19.39945561,18.12124631,15.38043142,15.11618466,19.7174798,20.61341771,16.87792017,0,18.41815556,19.00605688,17.98661768,22.35284984,22.35284984,0,16.94980254,17.51915238,19.12350144,18.46000926,18.77704982,21.53626962,20.16973453,0,0,22.77975202,19.20277958,19.40963674,17.94057544,18.43735868,0,22.36560487,0,17.89655611,18.3328095,18.04384075,16.35280508,18.17318567,20.0503587,20.18753802,20.36922235,0,19.67123292,19.81261331,17.45031376,23.65507753,17.87583235,10.31086952,0,18.59882338,0,17.78097222,16.61547136,16.19426021,24.47470732,18.19509327,19.01187572,16.05916118,12.48450533,0,23.72688552,21.97166224,20.66593575,18.92642559,0,16.55846944,17.36834536,18.4390818,18.70227227
TP10L11,86.01161216,21.2499483,19.45390028,21.28526584,22.96989947,21.61910144,20.91502103,17.67981387,18.15638409,20.68830422,18.47327936,0,17.04954785,18.35577648,0,0,26.53803554,0,21.37098137,19.38458039,15.87612347,19.18989121,21.31956326,22.87369679,21.4177102,24.88414986,21.61702938,21.03620846,25.17855422,20.17390456,17.81091217,24.22524579,0,21.79078223,18.61042265,27.22278485,19.95262671,19.1345685,0,22.37744583,26.90313576,21.36878835,21.73224155,24.20988806,18.86342708,18.13407171,21.72869237,20.50819028,23.47730543,24.08310442,26.17768086,0,21.4708343,19.68273141,23.12089335,0,21.58006502,23.62442183,18.99546399,18.68248649,20.12581264,22.0571077,25.48176796,22.57306148,24.4904471,17.97712369,25.79854912,21.32666204,17.68814281,18.36535408,19.46395311,17.83900356,21.05905976,21.21592379,24.32940066,24.33052895,21.68147773,17.81499984,22.65293572,21.28183447,23.20836125,24.25957163,23.48553648,21.07029748,22.02567032,18.15807508,22.37491949,18.2063205,20.90417835,24.21088958,24.86467423,18.77461115,0,21.75841958,0,23.71727023,16.32809517,18.60196578,19.040439,21.31559309,24.64769928,17.3207214,0,21.5304056,22.60035396,21.51728862,23.43322996,18.46120719,27.78941917,18.53675325,23.44457222,19.13953824,18.98681735,19.3176189,16.74063955,0,20.44103215,18.82097226,18.87108954,22.77585413,16.68276249,18.214841,18.18908076,20.91192226,18.08218754,18.14988106,17.17227418,17.82086455,20.0734619,18.38722615,18.54410824,0,19.25979238,0,17.63268235,18.10618742,19.24519034,18.12641919,19.29243631,16.67460368,17.71355331,0,17.79702995,16.43842015,22.22983806,22.33863765,16.99969458,22.88358861,19.74645335,18.68813343,20.40493366,22.73454373,21.67737788,21.19571547,19.38078955,16.71628197,18.55643286,21.47179582,18.90808245,15.04879557,18.88770243,17.78286344,20.5127876,17.05438148,18.77020747,0,18.54847794,18.13407171,19.97773366,15.76834998,19.66877651,19.51487142,25.73452897,20.60242211,21.00034183,21.07202005,22.3073184,22.25244279,17.94519806,18.7824196,18.84715985,20.90039415,22.09137678,20.80445522,14.07909539,21.42408435,16.20012015,25.21720225,24.35945146,26.38933057,24.12515897,17.93544937,18.6713084,19.65372644,18.70948987,20.06578909,24.49955475,20.04367005,21.97959184,20.94868845,19.82353999,17.00998753,19.95078545,17.3370837,19.25780292,22.89831853,22.15380321,0,20.9850984,21.8143479,19.99123968,20.16856947,21.97653829,22.42601985,19.98703649,19.80701059,15.77799095,17.54561931,17.36842112,18.3661667,20.75537028,19.47226173,18.80973044,20.89295385,20.89791166,23.60240268,22.38081997,19.86574466,21.156373,19.86426555,18.28948322,15.96942546,20.79538018,22.68624121,18.65734906,20.55836011,20.11438445,19.45594367,20.48961512,24.50251073,24.50251073,20.05351808,19.53245809,20.28685176,22.77297397,20.98085034,20.42601857,22.61436593,22.18954472,0,19.04907616,24.07262102,20.06889973,20.7037219,20.0462604,21.80950681,22.79408971,20.8517577,20.60750569,20.74918038,20.84387176,19.60013215,18.5744203,20.32779536,22.45278167,21.92793519,22.31814636,18.16508863,0,21.62733408,19.69548829,26.78825832,18.33384257,17.10206738,0,20.9130191,17.10346999,20.03373135,18.7453242,18.85437763,24.85697994,22.34501255,20.89722808,17.3207214,19.09024429,0,26.09289241,22.33369038,22.75894758,19.65284129,20.13301144,18.90042278,19.4490458,22.50224174,20.86778777
TP11L11,86.50096368,21.28828039,20.260523,21.62607057,23.05959494,22.35132459,20.98871196,18.23499502,18.29067396,21.44851583,19.59087469,0,18.00098343,18.23579953,0,0,24.00559616,0,21.43537386,18.76065058,15.86425304,19.26609552,21.58072217,23.67248021,20.82437441,25.01031451,19.93435745,21.75727838,25.33701318,19.94461237,18.00226648,24.76094765,0,21.19735756,19.13061174,26.54161907,19.69817131,18.4209142,0,23.109758,27.11226214,21.86790975,22.64850686,24.82655598,19.3579975,18.10261023,22.47725888,21.43584357,23.0653301,24.57243982,23.80905837,0,21.99309598,20.61447085,23.78022332,0,22.68132306,23.21879328,19.49872039,19.05433673,20.91729524,21.83889891,25.31163194,22.75143156,23.67242821,18.35435886,26.04831508,20.91901854,16.97068642,18.80324742,19.7841794,18.44058333,22.00762193,21.49321631,24.79393503,24.05698244,21.79632552,19.25281066,23.33181167,21.49610821,23.38781045,22.36263364,22.70273379,21.29513495,21.31541891,19.36286673,22.83873325,19.22496885,21.78986663,24.44400636,25.32927383,19.64833907,0,22.13113341,17.94829001,23.30207636,0,18.18302223,18.9187778,21.18585097,24.55891726,16.59333962,21.19249511,21.92370106,23.27721474,21.46861857,23.40256111,18.99048528,27.8932456,18.61174294,22.77468964,19.77123554,20.25887075,18.95180483,21.60809788,0,20.78311452,19.22806927,19.15248277,23.10724417,17.69159496,19.67108919,18.27082767,20.72285111,17.95419366,18.57179138,20.42522151,18.4776214,20.35557041,19.16275812,19.11832808,0,19.74703393,20.17747199,17.95884268,18.23067323,16.54012182,18.84452316,21.03072935,16.94308208,18.20200997,0,18.62756527,15.94225645,22.1903108,22.24232802,17.91783148,23.19046228,19.78230716,18.39098473,20.97537451,23.14799571,22.54040972,21.54774826,19.66592474,17.31676487,19.38090234,22.19470836,19.77520712,15.19120899,19.09722029,18.58336691,21.19660497,17.23025975,19.3104575,0,17.78525049,17.08600168,20.40379651,16.19457716,19.73757687,20.85185333,25.24037279,21.15545513,20.844134,21.848219,23.09479693,22.80331622,18.1786214,19.69119399,19.07326462,21.10725836,20.85889542,21.27063252,17.26652129,22.06273406,19.24696294,24.90648371,23.05762128,24.62569329,23.06033704,19.07729297,18.34910325,20.43192875,18.94348508,20.26636191,25.07331573,20.75377119,22.5694828,19.04975928,23.05533361,16.53819581,19.30952723,17.75216706,19.62931282,23.38023281,22.74918066,0,21.10734863,21.02822852,21.8829689,20.90078427,22.64984809,22.72213204,20.21443737,20.88330991,14.91640097,20.66997383,17.48508334,19.07425853,20.98678087,20.24982173,19.60809647,21.42462236,21.43162265,24.15879701,20.16250295,20.59130048,21.81383886,20.26950254,19.72672091,20.26869356,20.22312665,23.24099172,19.22228375,21.19777029,21.24292899,20.37970121,19.24630399,25.25119118,25.25119118,20.65644879,19.68054126,19.12993095,21.63006445,21.61187971,20.69888515,23.11600126,22.49758886,0,18.91839272,24.09921423,19.94742463,21.46019025,19.53559307,21.92885641,0,20.72558865,21.6700846,20.87290178,20.96236613,20.50185215,18.89671694,20.54477981,22.70154325,22.47900822,22.67402997,0,21.7709876,21.93176834,19.95453328,25.63628752,18.13194506,17.13395896,0,21.27798659,13.41447015,20.85162989,18.88586105,19.08099469,24.5156574,22.03028888,21.17363236,17.79234556,18.68746093,0,26.60897035,21.76320276,20.92264515,19.12155724,19.75050988,18.99868307,19.29866052,23.04454642,21.66984794
TP9L11,87.49127878,20.08015132,17.8373375,19.89754157,22.13632439,20.14280183,20.14879077,17.23737136,17.5715682,21.26496445,18.80753825,0,17.76013281,18.46507354,0,0,25.44409421,0,20.37013443,17.32823207,15.48340588,18.75414424,20.484262,22.20634183,19.76517892,23.85480504,21.03550021,20.20830137,23.63142795,19.67420852,17.33953613,23.16695567,0,20.43712895,17.97360835,27.03629258,18.60856664,17.95724794,0,21.29498271,25.99455723,19.74152212,20.79380913,23.16593364,17.98412358,18.45187167,21.55857227,19.2902664,23.66823835,23.41786126,25.77399919,0,19.99317988,18.49195338,22.10396889,0,20.36818938,21.95080274,19.04877068,17.66603978,19.17884148,21.59482469,23.97715509,21.6808945,22.87398885,16.8658344,24.68388989,19.78887501,16.61224511,17.28507067,17.82074363,17.52482804,20.25896489,17.75833294,23.51428531,23.63106612,21.16295022,17.63343705,21.8791384,21.39464916,21.96341504,24.8778516,22.23803001,19.900048,20.7441157,16.70041221,21.88648983,17.32679897,19.5213607,23.09740469,23.62906663,18.37791871,0,21.25014571,0,25.47183883,15.64135338,17.56343594,19.21421827,20.11255585,23.88874573,15.39528853,0,20.37930735,21.72053567,20.49230833,21.94818234,18.12239012,27.17961163,17.87587723,26.27934252,18.10783517,17.9243775,18.19312532,16.59776178,0,19.96654066,18.05458824,18.4592666,22.09747318,16.76391272,17.59172828,17.19242231,20.77243499,17.36358888,17.33982919,16.34640839,17.84672677,18.56684448,18.50390878,18.2506852,0,18.1497554,0,16.30943664,17.2006167,15.44775748,16.93055783,18.98255823,16.34230319,16.27720827,0,17.78817952,16.24568721,21.38060423,21.51648191,16.09536464,22.05829215,18.00565726,18.34207626,20.89336027,21.78650421,21.21138913,20.30604584,18.2951633,16.2131701,15.79855513,20.25323104,17.43615172,14.55141086,19.40140643,18.36655793,20.15973148,16.06598607,17.29559164,0,17.43122248,18.45187167,18.87600787,14.40598661,18.23602009,19.57602651,18.95823924,18.82588216,18.19946169,19.63968271,20.90875029,20.97556271,16.83830623,17.45665073,17.31818146,19.05056119,20.48533544,19.74819382,18.85735963,20.32137255,19.04121588,24.75287015,25.48515469,25.3806703,22.57598326,18.34016905,17.38351189,19.59985285,18.10297401,19.03119405,23.09474474,19.13318529,19.20220195,19.50929407,19.18661764,16.37292302,18.7788672,16.43866508,17.22519306,21.58537729,20.61784514,0,20.61785214,20.84800669,18.64300725,18.65055623,20.58154019,20.76291759,18.15584936,18.07507693,12.2896542,16.74068672,15.87802103,16.35768219,19.7298277,18.17343527,17.51781777,19.48279178,19.39540343,22.38930425,17.71658949,18.43836377,19.76392677,18.75786667,18.22590801,16.23192811,20.51275606,21.31383724,20.14106477,19.10611446,20.70286461,19.5433034,20.29283402,23.17009078,23.12756514,0,18.20202404,19.07519147,21.52702376,19.60988861,19.51261374,20.89587667,20.93263508,0,18.29263957,23.60369445,18.31431251,19.05189812,19.10779592,20.71412102,21.78696021,19.0570861,0,20.00400006,20.04923941,19.26067219,17.44296625,18.76736988,21.05495925,20.46848524,21.12289383,16.76340381,0,20.24552197,19.08462385,26.16785352,18.96240766,14.15267881,0,19.35353607,16.12015687,18.32835549,17.44401824,18.12166721,23.50829987,21.6512721,20.03048396,17.59309623,18.28815484,0,26.55872546,26.27364065,23.86903931,19.31734449,0,17.44114258,18.0129014,21.18247916,18.74256305
TP17L6,87.60532342,19.60042994,18.91255335,20.15383694,21.16698564,20.4723424,19.58680402,16.81276001,16.6778517,19.10042037,17.10377402,0,17.6696435,19.75287893,0,0,25.27337227,0,19.22293191,18.90288146,13.99426816,17.87336075,19.87994664,21.7617327,19.36212632,23.96651677,18.26300646,19.70705295,23.64272129,17.05903253,16.43835521,22.95966075,0,20.07931008,18.80841531,25.95259106,18.91968013,17.15140974,0,22.32537232,25.85478044,21.06838588,21.6491746,23.18265141,18.9794935,18.20354203,19.99267272,19.58318305,22.26088049,22.72535942,24.3791792,0,20.47099725,18.40875911,21.60008456,0,21.31507562,21.47142228,17.78803564,17.30743214,22.63147597,20.475548,21.87482988,22.34598288,21.77684739,16.90007548,23.97369068,19.41587833,0,16.78703047,18.17948232,16.47001402,20.6527178,19.6880984,22.78286825,22.25445232,19.90204838,19.10734993,21.7272609,19.68955212,21.73559145,21.11234931,20.39126671,20.49932587,20.50995973,16.74425266,21.05817789,17.36681834,20.4073567,22.32355894,23.68835025,17.98318599,0,20.6231216,0,24.47399924,14.42438819,17.08380415,17.55189233,19.78380725,21.99683884,19.29324122,0,20.1719252,22.10304317,18.99351704,21.59384232,17.86384625,27.16302919,17.10812273,21.91129661,17.46574701,19.63133345,17.3847512,14.53860196,0,19.86876379,17.56015257,17.36446094,21.53710739,16.11316445,18.0215929,17.41580647,20.04690237,16.7342015,17.24463646,15.54243438,17.85043041,19.01412495,18.03840761,17.24958773,0,17.32729055,17.68258207,16.39194397,16.28483117,15.57940141,17.90640273,19.4393251,15.3146016,17.94134315,0,17.05763709,14.56381056,19.98151087,20.08904667,15.55624374,21.8242379,17.17892096,0,20.95590157,21.30273341,20.32022402,19.58075286,17.78128838,14.9309917,15.1590109,20.80413243,18.26569888,14.48152829,18.26406995,18.2824875,18.95648897,14.21623131,18.65644383,0,17.14191179,18.20354203,19.10549533,14.44543116,18.57523384,18.53872907,19.6136656,19.65649203,18.89983483,20.33386646,21.62642158,21.04582672,16.25266479,17.20948159,17.33450022,18.4886043,20.8243515,20.06969013,16.19184865,19.62587546,18.92176856,23.90868779,21.450434,24.72539564,20.70297788,17.13836306,16.65784875,18.30715549,16.68705243,19.17526661,23.76778255,19.93261434,20.88640315,18.95393145,20.79078697,0,18.68432303,18.44780246,21.99607901,21.74230776,21.06383319,0,19.78292145,19.81055672,20.57877794,19.60588111,21.21376771,21.04004218,19.05993484,19.38632914,16.39181781,19.57998056,17.19421007,18.54862254,20.06905322,18.90017131,19.4707284,20.05440843,20.12863337,22.62632238,19.14000175,19.21684214,20.75581553,18.80271541,17.87811067,19.54275781,18.28883027,21.95454441,17.92576173,20.13288477,20.46367537,20.38495998,18.47447265,23.88289599,23.88289599,0,17.98759873,18.27869692,21.00474639,19.85575227,19.46201537,22.91050255,22.04468037,0,0,24.49542854,19.81441207,20.83343535,18.67770889,21.33705451,0,19.71811212,19.42763813,20.79738523,20.04332845,19.91976584,17.8815401,19.42309977,21.91158912,21.31865141,22.11511558,12.07074552,20.93107957,21.13515746,19.4205296,24.77259627,19.89174112,15.79832368,0,20.62723848,12.22914447,19.70136576,18.07085068,18.97574917,23.32963026,20.63231691,20.67840562,19.29324122,17.54163861,0,24.73457256,21.48884183,22.50271608,20.2534996,18.81956814,18.0277333,17.92829985,21.16342192,20.12021046
TP11L3,87.83995231,21.72093906,19.73763482,20.25301664,23.38024909,22.61433356,22.19554446,17.68894761,19.19366234,22.49947265,20.18953936,0,19.57583467,25.20633278,0,19.59556053,26.513975,20.83244116,21.3661164,20.24170169,21.24389873,19.32256136,25.62539668,23.85226993,21.15472956,24.12982265,20.90066512,21.58831397,25.07041319,21.19529937,19.05361744,24.75875368,0,22.35369226,20.25973597,28.86241714,19.58563633,19.98816624,18.78327221,23.49350718,27.40039739,20.5830068,22.29715835,27.00006803,20.13752529,20.31736624,22.64164393,21.57986463,26.30435972,25.14164786,23.93766902,21.5065281,22.73572454,19.79847304,24.05447362,0,22.99589424,25.42616069,19.90908827,19.43294519,21.28402439,21.85974721,22.0866874,26.37181357,24.61728097,19.66791408,25.0084845,22.17970321,18.17742187,22.95719256,23.55618063,22.21327595,25.48702402,22.63013333,24.2603853,25.83346416,22.63005856,23.12554268,26.27651626,24.10226068,23.64539542,20.14232106,21.0244851,21.57471398,21.46199536,17.72693834,23.2189465,19.28539511,21.62081596,26.41929213,25.65111188,20.36183646,0,20.66910495,18.31831702,24.72111113,16.96671568,16.1787516,20.09567442,19.12606449,25.083356,16.19336496,0,21.66430384,26.87634875,19.97725581,25.22685718,19.19184741,27.76061642,19.60281822,24.08381647,20.6283094,21.09363232,19.96687452,16.93775775,0,21.43457173,19.96251964,18.78678074,21.70540047,17.81197718,18.54387468,18.53272991,19.75004293,20.20865349,19.40965967,19.50296832,19.0137873,20.93212626,19.70017959,19.86105087,0,20.57274671,0,22.57743648,18.72637746,19.60882566,19.11544288,22.84983952,17.30034301,19.4121869,0,21.17179947,16.7958384,23.72041271,23.81881286,17.70710053,26.93110219,19.77842794,0,21.39806779,23.35127119,22.90549863,23.45492213,20.27909333,21.65625687,19.21193653,22.19986053,20.20373929,17.0619972,22.19293268,22.45041712,21.3958022,17.55156596,19.59213727,0,20.74873705,21.16601042,20.88716379,18.32410032,19.90280488,21.42576853,24.08742743,21.92875745,22.01253747,21.30931425,22.56397826,22.28060039,17.78484759,20.07944577,19.46891317,20.91075757,20.93783803,21.56623213,20.13906447,22.50398804,0,26.68023859,27.33129775,28.63030541,23.92585909,20.1834824,19.23086578,20.48796926,20.79791788,21.42442074,24.96854869,22.78519604,23.42497253,15.83903151,22.05454566,17.71903511,21.01921996,0,19.67627664,23.8118626,23.16405698,0,21.38414187,21.51701814,22.78901462,21.62549403,23.00329313,22.16864382,20.47581568,22.29115217,18.33062001,21.97277517,18.94057914,19.40970074,20.60747976,20.6354342,19.95861193,21.75935976,21.48553578,23.43891337,20.87522245,21.03899493,21.51305304,20.16800296,19.48194285,17.43999738,19.76510974,23.17864494,18.94442949,20.54109205,20.68454429,20.8024789,20.31022016,25.76245965,25.76245965,20.13470622,19.7652305,19.82066818,20.76298537,19.54239262,21.29829179,22.93721489,21.43557137,0,0,23.98398837,20.65775968,21.40874261,20.8035896,22.11161129,0,19.82414723,20.74433887,20.09779981,21.33721599,20.41376446,18.38395257,19.82396631,22.26600091,20.81183254,22.4664875,0,20.29615242,21.17202087,20.87572206,25.75073267,18.5236947,15.362852,19.31050368,18.62066623,0,19.91978671,18.2615735,16.98644164,22.83223954,21.53681077,20.84369727,17.39990166,18.81025107,0,22.68917751,22.12495269,21.48478864,0,19.68953999,19.4210689,20.03067267,20.49494857,25.81495166
TP13L5,88.66245166,19.57163476,17.83157716,19.58853906,21.21548429,19.07464645,18.19904474,15.47962234,16.34066394,19.49911681,17.27473375,0,15.26748375,22.48084352,0,0,25.42034176,0,19.17231842,18.00725963,16.08937977,16.83474159,21.69950244,20.95784643,19.61512436,23.30214565,20.96454522,18.98417923,22.60777604,18.39324264,16.27606565,22.43847551,0,19.97152376,16.33518847,26.80503,18.16481472,17.32213941,0,20.032321,25.06237037,19.50384651,20.26456466,22.26559814,17.27320601,18.61235379,20.09696074,18.20833843,21.87164544,21.86154184,24.39698441,0,19.27793349,16.96626211,21.2650238,0,21.58314274,22.33168782,16.6326592,20.37260062,20.21789648,18.4063144,23.31449393,24.12544376,22.63109701,16.84459924,23.98014342,20.35933267,0,16.3131718,16.57602982,17.43184551,18.95015649,18.97576319,22.18996873,23.01689682,20.45744169,16.77906287,20.34485282,19.30314388,21.00927639,20.11158068,20.41668503,19.75610125,20.81213752,15.27582334,20.63029989,16.3406977,18.5257906,22.47350945,23.36337996,17.00352214,0,19.3514008,15.7895109,24.63668641,14.86864091,16.14595036,16.4240243,18.86980615,21.80435351,0,0,19.69064324,21.74477636,18.24187091,22.13311846,16.15617438,26.56841804,16.74878121,20.9439166,16.59665806,18.01351151,16.93777894,13.83180205,0,18.00401915,17.70677464,17.2181847,20.34162483,14.52917499,11.61245743,16.40761891,19.24275987,16.32516489,16.68874226,15.87464552,16.34297883,19.72799514,17.16491626,16.33757958,0,16.63798048,0,15.9747903,16.16252765,16.24431841,15.69041167,19.49586206,14.8688963,16.39874077,0,17.1084477,12.1835478,20.74584615,20.82415741,14.71151102,23.59243703,17.02308144,17.35773318,18.00360536,20.19751381,18.53815419,18.80030942,17.704186,16.38071813,17.9314279,19.81716361,18.46513469,15.04784977,18.42569426,18.35124471,16.89301922,14.69408434,17.03149883,0,15.89610631,18.61235379,18.91986568,14.98709912,18.12934394,17.30860187,19.48494625,18.58811222,18.65765867,18.96847365,20.3153862,19.95237682,14.47826987,16.20942975,16.26726219,17.93813202,18.58982151,18.70667337,17.83207074,19.07127082,19.35306627,23.5609725,20.50649064,24.9958314,18.36018267,17.71788588,17.39198058,17.26700037,17.25458859,18.66017584,22.17162041,17.71012253,19.80827678,17.94425253,18.6449777,0,18.98802744,17.69309173,17.25935016,21.01003519,20.05415972,17.59174266,19.03700528,20.21375053,18.85838827,19.31903436,20.18810228,20.00530959,18.44498129,15.97351931,13.47289676,15.89482592,14.43670392,18.02858878,19.49146049,17.25947293,17.71177999,19.13740257,18.78152733,21.22661457,17.88772707,18.12256729,19.23883889,18.06783146,15.83883396,16.77378275,19.25935187,20.09445314,16.91803906,0,19.16589854,19.34266966,18.60050775,22.56257212,22.73633769,16.64530543,16.93005505,18.13154909,18.61380359,18.09574115,18.66478562,21.81672239,19.51382336,0,0,23.64260953,18.50186783,19.2608295,18.90238088,19.63547581,0,18.19636597,0,18.53503286,18.77635086,17.08620038,16.93243708,17.95350269,20.54977354,18.1161576,20.47413673,0,0,19.64639049,18.96583605,24.79958531,17.35223072,12.67605803,0,18.86284509,15.84740673,17.80626895,16.23578208,17.59030973,23.24701754,20.79624412,20.72710828,16.38846411,17.57377902,15.20109036,23.65109697,21.28196995,18.97508448,18.65913846,17.18409649,16.84214618,17.49345277,17.92103623,19.34930275
TP13L6,89.01295692,19.61552427,17.77040006,19.75060793,21.02330941,19.78561582,19.36120875,16.01356702,16.33228004,19.21717836,17.11895063,0,15.94623611,21.2373261,0,0,24.78099993,0,19.21128363,15.33396071,15.32805026,17.28652976,21.06414981,21.36917498,19.62368774,23.72972671,19.62399749,19.3193197,23.48261788,18.0766388,15.60382137,22.21077457,0,19.60133759,16.54413198,25.50844453,18.35189883,17.52298526,0,21.03979555,25.04455543,19.69245991,19.93635825,22.25225358,17.49261366,18.89775764,19.82318528,18.89698117,21.22408966,22.14407857,24.33276237,0,19.51336681,17.65049177,20.82776902,0,20.26447791,21.71001639,17.21996337,16.09467913,20.27721171,19.47935089,22.9424938,23.10550265,22.44243496,16.74372971,24.26765215,19.70340144,14.99538937,16.6190895,17.86240467,17.74471177,20.18002299,19.29472326,22.41659464,22.59108632,20.18839686,17.83070435,21.46579342,19.57415691,21.34799437,20.3095223,19.07504001,19.67981356,20.22356796,16.3981099,20.61105931,16.9255329,18.80621536,22.10985586,23.47482708,17.09307925,0,20.13028824,16.53183737,23.81451714,14.22697286,16.41297742,18.22959022,18.78270801,22.16057277,16.02159619,0,19.76554044,21.42391864,19.40145666,21.66873688,16.75129849,26.71924228,16.95730234,21.3646871,17.28166007,17.71662648,16.77569511,16.85271358,0,18.96660443,17.62271835,17.02107078,20.9375474,14.34089356,15.42452345,16.47072984,19.47940807,16.01882836,16.77390307,16.47232987,16.47408467,18.80009314,17.88110201,16.4165609,0,17.39844723,0,15.80701672,16.22999716,15.23668474,17.3194648,18.40952472,14.59626511,16.19613572,0,17.6583702,0,20.36863001,20.48452821,14.67844464,22.77560662,17.49504976,0,18.07393234,20.90914436,19.69485934,19.15018633,17.38412802,16.02941104,18.09362631,20.10428628,17.90988228,14.32643457,18.20708094,19.24761393,17.98556555,14.93787435,18.0311975,0,17.92583885,19.24899018,18.26872079,13.95285491,18.43619208,17.92002666,19.15467785,19.07942788,19.56562931,19.34225426,20.55983637,20.53305558,15.94649012,16.99585017,16.58426511,19.12081055,20.35166185,19.11275575,17.93367583,19.1116399,19.62349554,22.94729742,20.49493564,23.55509824,21.3142734,17.23315556,17.05816656,17.38452774,16.5636633,18.58029867,22.50970744,17.76253788,19.91191723,18.46433581,17.61357763,13.93121122,18.26808977,18.47894045,17.46109882,21.06309322,20.3134608,0,19.03473449,19.15930165,19.96288123,18.98798553,20.70805718,20.74926908,18.25275977,18.51745381,11.97869453,18.23439698,15.7082815,17.57274543,19.20735017,18.10267327,18.15494321,19.33875193,19.62205858,21.74868561,17.93361607,18.25066955,20.00878159,18.13510582,17.89108354,17.91242158,17.09292938,21.35785771,17.26701862,19.1846731,19.75385384,19.82959732,18.39211677,23.16628512,23.16628512,0,17.24497133,17.69872871,19.20284708,18.91717605,19.37806183,22.01278224,21.07091052,0,0,23.70303663,17.83710958,20.2449049,18.27581584,20.73888519,0,18.83856861,18.68790174,19.84878699,19.21854268,18.3338709,16.65177739,18.63570055,20.81401758,20.70184288,21.13003729,0,19.94575524,20.185616,18.40107127,24.7346885,18.25316541,15.11860846,0,19.78589146,0,18.39706058,17.29207339,17.3950432,22.97984707,20.43907139,19.84322068,16.49936448,17.075961,0,24.81526416,20.77033963,18.51151017,19.63828558,0,16.95723603,17.17381713,20.41836993,19.1002057
TP10L12,89.14550335,20.64565163,19.03662831,20.62100571,22.91338555,21.18194184,20.40008509,17.40425857,18.19668552,20.58321283,18.59564048,0,18.51339745,20.73635513,19.29675581,19.50823734,26.80805351,0,20.68980026,19.75781926,16.79768643,19.16431377,21.38161665,22.58448855,21.80467984,24.02922482,23.21159508,21.04111434,25.15062737,20.40056514,17.38105531,24.08858038,0,22.1249252,19.24566582,28.55711444,19.66401983,19.33636272,0,21.82178727,26.74080147,20.64709962,21.95960616,25.482595,19.32606816,20.01229718,21.35884182,20.16584708,24.8033512,23.76456883,26.11737458,0,21.21771318,18.86819805,22.96058037,0,22.16349799,23.66796861,18.98061753,18.6903225,20.51355456,20.54585687,25.37240282,23.05180517,23.69423873,17.64549864,25.36529616,21.49368568,17.5668352,18.27684256,18.85964573,17.90575985,20.05254106,20.94890991,23.59758416,24.10394734,21.38625877,17.11795777,21.59170687,20.68040388,22.88339179,24.64615856,21.46284209,21.4596755,21.72083575,16.8639858,22.16589135,18.30030403,20.05848935,23.98677302,24.91965838,18.61853882,0,20.72263594,0,26.43700446,16.64155384,18.92186923,18.61879608,20.61113088,24.48224762,0,21.04095004,21.53419494,25.61575979,20.48488271,23.56910776,17.89461495,27.6467747,18.15753131,23.99796873,18.44522282,19.31476596,18.55914464,16.7186635,0,20.32691285,18.05232244,19.04735712,21.80961223,17.43337995,16.29754866,18.47773087,19.35578042,18.96452701,19.40169009,17.92731234,18.66490902,20.74297119,19.61339444,18.6512393,0,18.35553295,0,17.52519779,18.33801629,19.06284006,18.92341327,20.33337483,16.30597895,18.33459612,0,17.67171536,15.41408193,22.25664403,22.35823019,16.74781055,22.6040379,19.47573609,18.19291388,20.18986481,21.95512831,21.42643229,21.26099149,19.06183985,17.11161198,18.27105164,21.20593109,18.85388063,15.67066108,19.18265164,18.57499951,20.16767422,16.71870701,18.38134484,0,19.38344108,20.01229718,20.4670126,15.77676721,19.31162086,19.63865049,26.06860322,20.93498429,21.28855289,20.61259857,21.78455298,21.55815266,17.02653246,18.52602567,18.79862956,20.02277171,20.31041297,20.6518161,13.23469777,20.97297552,19.18442207,26.33639944,26.84231647,28.23234727,24.2321262,20.11794637,19.41875635,19.32794593,18.38745093,21.49266679,23.8288352,21.30730144,21.96465397,22.30631018,21.1323281,16.36461535,20.58584925,17.50559513,19.32146608,22.79144854,21.93764941,0,21.24350059,22.00604629,20.1793464,20.60480034,21.6946806,21.98264809,19.9931735,18.36954623,14.65325943,16.95991766,17.06237701,17.57144632,20.32580836,19.05521484,18.42301261,20.3998289,20.50730483,22.83013646,18.3967682,19.40652588,20.47444046,19.32589329,17.85446598,18.35337901,20.85263784,21.70240031,18.08397341,0,19.32228615,19.31092969,19.47957597,23.63647676,23.63647676,19.4351459,19.50098274,19.9614089,22.41994386,18.88700841,20.81731038,21.42791703,19.98984101,0,0,23.54670097,19.92236089,19.46208285,21.03829658,21.85406857,0,19.69628147,0,18.44335939,20.49842672,19.53296398,18.16887619,19.46728684,21.68806569,18.128902,21.35837394,15.13712127,0,20.43153652,19.84818253,26.72368417,17.47069538,15.59794123,0,19.87258217,17.77693797,19.68339745,17.50950197,18.35580855,24.45733142,21.66440173,21.48780807,17.04783697,18.88476529,0,25.42287779,22.6802262,22.16617242,17.98219021,20.63052974,18.73462766,19.38374967,19.86943221,20.34409452
TP10L20,90.44287468,20.91598295,19.06293572,20.3797342,22.78725166,21.41142273,20.385465,17.65153497,18.36432064,21.08622163,19.1791366,0,19.19937829,20.76813927,19.42511204,19.43408422,26.26342112,0,20.5290902,20.05087169,17.28069184,18.96773163,21.86537254,23.32015593,21.67088015,24.03185639,23.0678585,21.19619783,24.14297408,20.4167709,17.31492166,23.88581168,0,22.48659141,20.12976045,28.12152966,20.64959345,19.16141978,0,21.91376194,27.06607429,20.50072539,22.42615284,24.08489578,20.16829305,20.34119909,21.6127787,20.65775269,24.31987079,24.01464109,26.24668932,0,20.8900092,19.46305179,23.14793356,0,22.96429188,23.4386733,19.62711129,18.92070201,20.29273952,21.41774335,25.59446228,23.4137271,23.39646559,17.75088039,25.33379864,21.31970775,17.09389648,18.42171519,19.09620805,18.6376564,20.49540195,20.82581351,24.18406465,24.38592196,21.95024214,17.97297368,21.81530304,20.98893117,22.73651635,25.82406627,22.4386907,21.27844761,21.62065967,17.01578298,22.45152262,18.81753207,20.64216145,23.95076022,25.42586611,19.19628367,0,20.91112572,0,24.74140024,16.57188596,19.15171676,17.89872495,19.74817954,23.75366523,15.80036311,20.90270738,21.46819631,23.13562923,19.98368701,23.46821425,18.74058105,27.59983601,18.34997194,25.12935139,19.0837183,19.79614643,18.89637744,16.84426593,0,20.31409018,18.47350983,18.92025013,21.97824587,17.35112473,16.28963914,17.9831026,20.3831277,18.80591387,19.28944658,17.26916426,19.13579208,20.4700359,19.22601485,18.70582007,0,18.92033491,0,17.39464678,18.26623851,19.35428417,18.99452399,20.95125759,16.12739681,17.77137718,0,18.2184682,16.90768063,22.41527975,22.49442018,16.84757591,23.52314489,18.90761355,0,20.53423112,21.81422944,22.06378861,21.20531633,19.07652146,17.78539151,18.38356569,21.10050588,18.44213503,15.62291301,19.87510428,19.58021749,20.56109202,16.2562991,18.55724783,0,19.38157989,20.34119909,20.23400628,15.60777429,19.32490188,20.20702,25.47509012,20.58845966,20.1768819,20.92217061,22.14116791,21.85012418,17.06171039,18.57985104,18.01884995,20.27180039,20.83190175,20.42856726,13.74117777,21.30212389,19.23833435,25.86927053,26.47331476,27.82307366,23.95837359,19.54779801,18.42173488,19.62393025,18.91715556,20.43779275,23.5329593,21.1592998,22.43517292,21.79929581,21.23133087,16.38410643,20.73891937,17.03220291,19.13361588,22.61384769,21.76917942,0,21.5895332,22.21960436,20.43243454,20.3029675,21.52487082,21.80380936,19.63504774,19.47929095,16.68034454,19.21363854,17.30412891,17.43868512,20.66312298,18.81583701,18.17773634,20.75825234,20.48266701,22.92046415,19.65226314,19.54492111,20.22301713,19.53884021,18.58218598,15.91706857,20.7875349,21.76380149,18.46238953,0,19.65080108,19.82897397,19.36256427,23.65971332,23.65971332,18.83300136,19.52936681,19.13077084,21.67483615,19.85615287,20.60771699,21.64833239,20.0538401,0,0,24.20722025,20.20721155,19.64998701,20.58803362,21.44099255,0,20.36545189,21.1546219,18.49363401,20.68503551,19.54203489,17.66272852,19.42540759,21.55560299,16.8265758,21.38192047,0,0,20.47187217,19.75753437,26.93765168,17.77217591,13.39973553,19.71428623,0,17.90893594,19.73436285,17.48754211,18.1476867,24.49121984,21.77235804,21.82845483,17.09841774,18.66895432,0,25.25703086,22.55116869,23.10464177,0,22.56212983,18.72013946,19.26207561,19.36870161,17.62913083
TP15L21,91.38099714,18.70529437,18.32839146,19.08484986,20.64452112,20.29723055,17.98459627,16.37544699,19.93603906,19.00976923,18.17267434,0,16.81760416,16.89814255,0,0,25.81848924,0,18.48175887,18.18947712,0,17.14001197,17.32045289,20.27769329,18.26660202,21.81560294,18.12418391,18.52150009,24.00541527,18.23172925,16.40323953,21.92399928,0,19.43521137,19.50331832,26.7542721,16.54302629,18.0512167,0,21.62550119,25.06157637,20.4577019,21.17212181,23.20905088,19.22455996,18.10142175,21.44995474,18.31380368,23.79822861,21.91766594,25.08920774,0,20.04958973,18.70713837,21.24944988,0,19.04962791,21.01561718,17.11598183,16.63024239,20.95407382,20.00623293,23.26580077,18.67005544,20.15661279,15.78598302,22.50730983,18.60837049,0,17.32742439,17.62748423,14.5149633,19.19895796,17.42402467,21.06014194,20.96346354,18.2739681,17.92090142,20.05853862,19.71685954,21.58628519,19.2631908,21.19041078,19.62864859,18.63432544,15.52089202,19.97797708,16.40562811,19.3326264,22.79899176,0,16.75315219,0,18.97655014,0,23.78263463,15.95945385,16.27699838,17.84249436,18.38117695,23.09633207,18.61069452,0,20.65321288,22.72742423,19.71122332,20.95454221,16.57312588,26.94331242,16.42430146,21.5320288,17.09098731,19.81295795,16.61959179,16.28936668,0,18.90440093,0,16.83626043,18.25037932,15.30354441,19.26935235,15.40945592,19.59742721,16.68373903,17.1863601,15.79826907,16.60885886,16.96028027,17.49931882,16.45850325,0,17.09094682,0,16.26167804,15.75801035,14.43617474,16.98203753,16.98445574,16.07561531,16.11302477,0,15.00212449,16.26029216,19.13812305,19.18350802,15.18845494,18.31785954,17.88772263,0,20.71455389,21.20384075,19.52242356,20.14581345,17.41760183,11.3537839,17.64401524,20.59695117,17.86129704,14.85901996,17.50498453,17.070026,18.11549663,14.11518433,18.40993508,0,15.5684472,19.25918891,17.7955162,15.04279159,18.28399734,17.62885342,19.93582533,19.52951008,19.59960416,18.85206178,19.52609037,20.582695,16.10256183,18.17938211,16.56022833,17.76477232,19.31695858,19.44278281,0,18.24154815,14.77702047,25.05433893,25.65819244,25.56374557,20.54884515,17.46040645,18.6654691,17.33697379,16.41854497,18.69088611,23.14484124,20.41983939,21.26572069,17.58573214,18.51647232,0,17.91992462,17.93059987,22.39575915,21.46713902,20.71983543,0,19.62503099,20.71464647,18.55224989,19.56627549,20.75775815,20.20052823,17.7589406,18.96209635,12.850883,18.9417718,16.17111238,16.30297091,18.7935208,18.22069104,18.11574385,19.40183943,19.48896905,22.37321781,18.45621596,18.75591046,20.14255142,18.05174077,15.34112099,17.14868434,17.96621761,21.45251623,17.58605431,19.73096099,20.01095534,20.16934197,17.72978175,23.17142534,23.37016871,0,17.19888598,18.23250646,19.5793565,19.59998972,19.88333876,21.88340356,20.4816372,0,0,22.15607238,18.65294155,20.65587707,17.20767255,18.29062778,0,18.70791857,0,18.39669705,19.62481967,19.16023932,16.77180939,18.88263072,21.54537531,21.26283474,21.08352429,0,20.42158596,20.64178938,18.95454177,25.48543058,17.88467822,15.34128686,0,19.84495246,0,18.59565166,17.58355071,15.36026024,22.6560513,19.40152919,18.27344203,18.61069452,16.72031992,0,25.22185517,21.9170641,20.40741019,17.25240471,18.62514543,16.79110443,17.85047885,17.53383259,19.62332313
TP13L15,91.77650107,19.140392,18.61510049,19.73039741,21.11830871,20.30416451,17.06851625,15.50900028,16.35747969,18.92195326,17.94010506,0,14.52228328,18.93613004,0,0,25.51451218,0,18.93155757,17.87545992,12.28373102,17.38001984,19.29580239,19.24877921,18.75882841,22.49587897,18.7515938,16.66009341,23.77076513,17.73333462,15.7590787,22.55128784,0,19.45688277,17.16169038,26.35019855,17.88942722,17.24541565,0,21.93436325,25.17926371,20.48314321,20.60321798,22.87386856,19.05417524,18.58702019,19.79937223,16.16510261,23.25461272,20.96605607,24.83926815,0,20.22235871,18.36473429,21.38179121,0,19.82106299,21.47454488,16.2661623,16.09846984,21.42295981,19.69375205,22.15441026,21.6611058,20.63084947,16.39616814,22.84719438,18.75348049,0,15.91573599,16.38087431,16.16386584,20.89561159,19.40426228,21.07507028,21.04360866,18.71372853,20.08554467,22.35159099,18.6150854,21.53893398,20.59704167,23.03095262,19.89788317,19.30468008,16.46284635,19.17008473,15.82034155,19.48241737,22.72201808,21.8400781,16.07637413,0,19.0782021,16.50841567,23.26331662,13.94247518,15.01049951,16.86931481,18.71467439,23.52062795,18.17025538,0,20.0762576,21.57050615,19.72446427,21.40789961,16.30652372,26.59667097,16.30006618,21.02397225,16.24774619,19.14924346,16.93639988,15.44315898,0,18.66734027,16.01282623,16.75134799,19.97528206,15.40496498,15.47459321,16.00885947,19.26667543,17.79461893,18.27042147,16.72404048,16.46712402,18.33302341,17.52140646,15.08463663,0,16.27626382,0,16.55103315,15.8976109,14.65912437,17.16577488,16.48115796,16.46182379,16.46524519,0,17.32567705,16.32592442,19.70190022,19.77214051,14.3058121,20.41858988,17.90723001,0,20.8892094,21.29759592,16.4957308,20.07689223,17.53426802,13.23233575,16.960208,20.42094247,18.25380123,13.71828591,17.21974442,14.50287439,15.87936928,14.47884479,17.93288365,0,16.41987002,19.04139509,18.48626533,14.82763331,19.21859656,20.2079412,19.6948993,19.40828663,19.38602706,18.72898604,20.64080097,20.5605434,16.18572517,16.52292526,16.60824789,18.35719701,20.20347586,19.36816419,10.79853761,18.92776863,17.68210698,24.62597872,25.2467564,24.61082787,21.01307606,18.21519316,18.15684691,16.73681829,16.96728149,18.85827654,23.27803189,18.35521533,20.66355299,16.43728202,17.92092319,12.10889164,18.11331549,18.54376651,17.80008743,21.56450289,20.8875093,20.02606644,19.64912634,20.93665983,18.76456219,19.88827924,21.21695481,20.63852706,18.30720513,19.22754899,12.69512268,17.04108541,16.9955171,16.91695845,19.47895939,18.69440257,18.03231829,19.69310823,19.71402137,22.42066565,18.92170464,19.01553824,20.37934373,18.38848252,16.69416742,17.15556486,18.09340262,21.74323046,17.69317409,19.84789075,19.98940695,19.03149487,18.60585987,23.88490478,23.82270175,18.52289423,17.60415021,18.50566777,19.74005122,19.53701882,19.75557921,22.98387118,21.16791666,0,16.96427641,23.24968211,18.61066917,20.72763789,18.12075931,20.21614214,0,19.08426158,19.04341756,19.32452067,19.59310654,19.05950565,17.65434917,19.03831468,21.85984354,21.02816235,21.04671179,0,20.04963921,20.43898787,19.21849341,25.23785439,19.16348355,15.6436273,0,19.98011308,12.09483818,18.6237956,17.60986444,17.49687508,23.05724421,20.57695818,19.60675196,19.39137157,17.88548893,14.39392668,26.05422597,25.73655162,20.66926835,19.4130496,17.88155666,15.39141037,17.95532181,17.84833112,19.87945106
TP17L13,92.23234185,18.89351887,19.27783743,19.80551616,21.78323263,19.77282315,19.31677741,16.13838834,20.93114219,18.87741105,16.72576213,0,17.42880239,21.34893026,0,0,25.21832087,0,19.19796755,18.82900507,15.28061386,17.37156829,20.57611479,21.40662878,17.20620133,23.56087876,18.84689048,19.34622016,23.84912922,16.63767135,17.09168781,23.51954264,0,20.05754983,18.21925614,26.06562549,18.28078019,17.21036184,0,21.46874908,25.7786617,21.12144863,22.31431103,22.13570805,18.72659339,19.36467754,20.73931213,19.1768264,22.17392053,22.26262365,24.21254334,0,20.39502649,16.91518369,21.22993167,0,22.22726984,22.08613692,17.62614291,21.3958203,21.77244865,19.89716188,24.50608374,22.91633146,21.35152101,17.26635533,23.82471166,19.63656491,0,18.64253365,19.6544897,17.20023426,19.95970798,19.3410081,22.44651508,21.8446386,20.10174545,18.0526021,20.6392193,21.44695976,21.27251459,21.05536756,20.77353721,20.30186513,20.11515976,16.13071887,20.72444353,16.9135107,19.85939783,22.57251847,8.364171178,17.7200583,0,20.147723,0,25.26582098,17.22771467,16.78910392,18.7200777,19.68466845,21.48958347,18.10677579,0,20.02725253,21.33687601,17.99173202,22.04897255,16.20878669,26.78859526,16.56095153,21.46096503,16.68140973,20.34605684,16.80852328,17.37787052,17.57603635,19.53979531,16.60769026,17.08836705,20.9369145,16.18828166,13.63971899,17.27525766,19.51734953,17.66650773,17.27521377,15.35794203,16.59437114,19.32492436,18.45497827,16.91293215,0,16.60339365,17.38381561,17.29549074,16.60359432,15.40420833,16.37429956,20.85162512,15.85520815,17.65268395,0,15.98906258,14.28172795,20.92516411,21.03986204,15.89001534,22.34323273,16.91647648,13.14746793,20.56275818,20.99204789,19.83222486,19.76726498,18.0294256,15.908935,18.05797189,20.87736249,17.25331824,14.9533274,18.91937239,18.74258642,18.508995,15.58706538,17.80624718,0,16.21783628,18.93626838,18.81840466,14.24840386,18.29202387,18.13108722,19.39935725,19.10401587,20.10908331,19.82771575,21.16274043,20.60034405,15.82321042,17.65990132,16.56337482,18.54780021,18.69334359,19.31165809,11.4565772,20.38143103,17.45881653,23.80240741,20.57957927,24.13748182,23.17566113,17.49714211,17.01148935,17.89926776,16.99270791,19.13853912,23.01456122,19.57520993,20.79103715,17.98376019,20.40359913,6.156145958,19.1559928,17.75926729,17.8173987,22.04866231,21.34626341,0,19.85863367,19.85592941,20.71959992,20.48569422,21.26233187,20.91580803,19.28345539,20.91580803,15.40466748,17.35704219,15.31455539,18.70791146,20.10838841,19.10079243,18.58845482,20.22472117,20.0617553,21.79903628,18.37616027,19.15347347,20.39645585,18.78730869,17.57127627,19.832973,17.96365204,21.69479217,18.34322551,0,20.47069084,20.49446327,16.32004377,23.94790042,23.94790042,0,17.45860915,17.20207785,20.30032292,19.45599464,19.67346264,22.84400832,20.78844,0,16.84963431,24.11235129,19.58894837,20.0186266,19.11257691,20.09793384,0,19.50883283,20.84553013,19.54068592,19.15983073,19.43578642,18.14238579,18.96780845,21.77902238,20.00380071,22.33280091,15.50413466,19.79611109,20.59468124,20.21950099,24.58958847,18.01590309,15.41021208,0,20.90491125,0,18.49762699,17.45268892,18.75403876,23.50463327,20.35029001,20.9200938,17.01678001,17.26495184,14.09599183,23.32411847,21.31425741,21.30218221,19.55461758,17.82358948,16.00536364,17.90959411,21.94624444,20.692958
TP17L4,92.36975565,17.71464207,15.53201669,13.93385143,19.25137067,18.25596381,16.47861474,12.76289536,17.08070145,18.62411317,15.67223334,0,17.44066355,11.57470374,14.44624773,0,19.04243634,0,14.42431121,15.10697782,0,15.4252517,14.89274389,16.23976315,16.07853273,18.67216512,0,15.84714263,15.11367137,16.83883421,13.99066412,19.97531482,0,16.42156934,16.49758812,26.21648622,0,15.70017928,0,19.61996555,20.48782746,15.54599349,20.93328736,22.2018896,19.04257306,17.20598411,19.40439477,14.97328858,22.71218901,19.3875713,22.78240066,16.55677156,18.1006866,16.22405358,18.82653454,20.42038195,13.15894311,18.95270365,15.72530874,17.18291804,15.41362157,18.87058079,22.02808972,15.35104274,14.83962395,12.41901465,18.05524132,17.55527435,0,16.78060616,17.67557728,12.74509104,17.74839153,16.53442292,18.64459799,19.66211305,17.13401451,12.51169477,17.74711191,19.44623611,15.97582718,16.02164967,18.20258467,17.04432162,13.54404109,15.68291613,17.97726809,15.44469636,17.44935816,21.54449088,10.34536157,14.6490601,0,15.76453269,14.1162097,18.9485093,13.02380398,11.54449053,16.11149208,15.27345664,21.6816598,12.69756776,18.15667024,18.49558989,20.60985055,17.97282688,19.08350715,16.34370585,26.72941196,13.82965535,21.71704417,13.67890858,19.75227002,15.30688274,13.20249608,0,17.98787328,14.84110581,15.92053704,16.09338212,12.63272511,14.2277193,14.66572942,18.81226823,16.59077708,16.32853469,15.41838087,16.70608366,17.36142806,17.28609408,15.84213567,0,0,0,15.67736944,15.04794837,15.15430011,16.77540452,15.45413232,15.8823971,15.74606813,0,14.6460715,13.4447931,16.94742689,16.85719091,13.78847063,14.9610722,11.41338581,0,18.7736831,18.94908857,18.2018822,17.82802923,15.5256404,10.21831876,14.38220909,19.02111246,16.3759093,12.02713438,15.4059402,14.72107558,18.45875571,14.69403072,17.18838495,0,14.35935039,18.00941828,16.16250659,12.3788584,16.92882967,16.51454936,16.16636352,18.51514759,19.42048048,19.2930946,20.3938806,19.37681315,13.47190875,15.91770473,15.17838217,16.35325426,19.34157214,18.31175718,0,18.26795937,14.16976845,24.18192881,20.42856055,24.28726351,17.2732306,14.57801881,13.83693309,13.08038518,17.99223331,17.4144813,21.58423435,17.01615525,18.37035974,14.74146699,17.53734994,13.40367363,0,14.37970029,21.14833264,19.78359613,19.05937004,0,18.31165077,19.27817123,17.20272221,17.56380709,18.99906666,18.26075418,16.094557,16.7096581,11.89946825,15.47213348,14.72747907,17.12486848,17.30694823,18.20787984,17.80621787,17.46025954,17.19854294,18.26367815,16.60348661,17.11106385,16.28119952,15.63160016,14.70594612,15.05710357,15.74649547,19.89529584,15.38821628,0,17.2317631,17.28735999,17.68912686,21.74877656,21.74877656,15.97983004,16.11183268,16.9436433,15.40350386,17.44499457,16.81210088,17.29902741,17.45248668,0,0,19.38397356,14.41741786,18.39428752,14.54633714,17.07234018,14.40822813,17.30993814,18.02596603,0,15.65258509,16.14804441,13.19358377,13.88152083,15.26078315,18.83876504,17.90374092,10.03457889,0,17.89572573,16.10515862,23.18182694,12.32205019,12.09712465,0,0,0,14.48164807,12.86738347,0,18.34534955,0,0,15.20551111,0,0,20.40457275,18.59378322,17.94609493,11.27874862,0,15.08606014,17.33129142,18.14139429,16.79949178
TP13L17,92.61073421,20.29688339,17.95716871,20.66821595,21.68863252,20.2687575,19.06560496,16.34634339,16.8123639,19.87918297,18.66831219,12.81777068,15.17121371,21.22292062,0,0,25.78977319,0,19.74460121,18.75490525,14.09953635,16.98245306,19.58942672,19.99285906,19.46267579,23.71185199,20.46149319,18.10675598,23.83343056,19.26687265,16.04303979,23.12456455,0,20.39314508,16.11023151,25.63462465,19.32482146,17.33009407,0,21.16580807,25.8473063,20.22240455,20.17889431,22.78632965,16.9181062,19.18031722,20.82558766,17.26894574,21.6904902,21.60296634,24.9520838,0,20.28194519,18.71171354,21.44323657,0,20.24792615,22.04360226,16.17548787,19.67707957,20.55739054,20.12370592,23.80207444,22.78396988,22.75080148,17.39170968,24.87799034,20.32526733,0,16.55501381,16.9223301,17.3112457,20.03078664,19.75899882,22.53002282,22.57577337,20.57596054,17.65706191,21.68039978,20.1959578,21.89138367,20.00810211,19.01981846,19.83857121,20.98722793,16.94825822,19.80310292,17.70998837,19.64210799,22.64651408,22.92379423,16.56397032,0,19.77697753,15.8169284,24.6347191,14.6464823,15.87072557,17.37767899,19.10896541,22.77912605,13.70236784,0,20.50678322,21.40425804,20.40659492,21.9865664,15.76529772,26.69767633,17.15500852,25.33139023,17.97305641,17.44682033,16.47591292,13.4042209,0,18.04825552,17.14650585,17.03939608,20.77217802,16.10659629,17.10439346,16.32495402,18.82854044,16.28122485,17.78497802,15.90901578,16.08851296,19.77466174,17.60196836,15.9480814,0,17.96949273,0,16.20568787,17.23972557,14.59640054,16.87905889,18.14923619,14.67049374,15.73605271,0,16.96052979,13.64138024,20.22861612,20.30223564,14.33601031,21.24759401,18.07438893,17.74801527,18.3460924,21.16266784,17.51622869,19.67354744,17.522511,15.16242661,16.85357697,20.18032247,17.75998409,14.10238199,18.2657788,18.28129194,15.60287212,14.5121108,17.50157197,0,15.6870948,19.18031722,19.00654554,14.94555527,18.90639127,16.71850139,19.88402499,18.67549906,20.13347431,19.88383506,21.05305153,20.47015339,16.37783544,17.40985896,16.80508907,19.72119736,20.81271581,19.34294468,11.67815102,19.3204765,19.37263891,23.3907046,22.59533944,23.68335287,21.61802473,18.22217366,18.21524523,18.22895185,16.39005137,18.84826865,23.24857154,18.42077852,20.84587821,17.77292648,20.08468041,0,19.52854147,18.10426706,18.46375115,21.60406228,20.73817076,18.31626434,19.90527241,20.86254377,19.51963089,19.50251039,20.90007102,21.29914752,18.78820554,18.36668112,15.11115759,16.79851135,15.12895543,17.8226859,19.76474751,18.3397766,17.79038024,19.52556934,19.56369499,22.07386255,18.41157248,18.74575345,20.2692192,18.27338435,17.97805125,18.26964987,17.66307083,21.23798703,17.35304733,19.31637299,19.58271325,19.34199925,17.92000039,23.0819355,23.0819355,18.07425338,16.71440227,17.87473095,18.52252396,19.39370669,19.17989647,22.55668325,20.6947337,0,0,23.42252232,18.67306595,19.74523032,18.25353991,20.94063907,0,19.04896027,0,19.8640014,19.64545325,19.62921349,17.85266165,18.6564987,21.3118468,19.78265276,20.85531945,16.50996829,19.9024499,20.27302729,18.72555805,25.35161089,19.46426568,14.98070837,0,20.01439394,16.08260705,18.17640205,17.14070251,18.18835852,23.48739739,21.89215389,21.13818697,18.44762905,18.49130644,16.00396722,25.94385018,21.61539831,18.33862662,19.80593258,0,16.2830747,17.58503877,21.35431855,19.36172256
TP15L5,92.63828415,19.04888176,18.27987866,19.07975021,19.99426413,19.57571223,18.94364614,16.02284197,16.17143006,19.1889214,16.78707609,0,17.1706073,22.10090814,0,0,24.76196539,19.16433275,18.36913295,18.51878071,16.19334865,17.60298018,20.62182418,21.09005923,20.11358523,23.14486325,18.45569515,18.90644964,22.88057644,17.31957936,16.03540259,20.56220507,0,19.76292073,16.89901559,26.47891132,17.11931831,17.54490698,0,20.77969675,25.41117358,19.95249236,20.84621929,22.14300384,17.81191977,18.607594,21.24318607,19.06420207,22.64494803,22.01601079,23.43652719,17.91028713,19.51147005,18.58492831,21.25516746,0,21.32784608,22.54480334,17.23220554,16.92777735,20.51866354,19.74016447,23.12802357,22.67883899,21.90885643,16.63217221,23.26530143,19.31268901,15.41019737,16.88930703,18.5259828,17.0548929,19.34682379,19.13088003,21.82628708,21.9954393,19.81701517,17.20250764,20.52581065,19.24814632,21.16676372,20.19917024,19.5135542,19.70127486,19.9431096,14.87239106,20.29702229,16.73446114,18.92774921,22.53023756,0,17.50347112,0,19.78422964,9.901382334,24.97260315,14.83378455,17.2235394,19.2904168,18.52080376,21.14621889,17.00680864,0,20.85111855,22.20603689,17.84403345,22.3184512,17.3362729,26.38176491,16.36805617,21.17041817,17.19980379,19.25508503,16.05843573,16.09905696,0,19.36427704,17.49015539,17.6122149,20.33259121,15.58131988,14.90643677,16.6576561,18.69602715,16.99138898,16.9900818,16.7567843,17.3362807,19.78012307,17.35265975,17.00676377,0,17.20922649,0,17.06551879,15.41196767,14.59017715,16.42724138,20.43949805,14.17554677,17.67066124,0,16.35840247,15.11889129,20.83953358,20.86598045,16.03186566,22.25883572,16.91384182,17.30335449,19.93522382,20.42197386,19.75032253,19.37595584,17.16160443,16.63712369,17.34603637,20.21624418,16.91315241,14.81489461,18.55382886,18.52784447,18.18402852,14.64955496,17.14400444,0,17.14940308,19.17699608,18.62031475,15.28985604,17.85958375,17.72730433,19.05365549,18.84884297,19.30269247,19.00337432,20.32299867,20.37496017,15.67384469,15.42662337,15.10267548,18.73245633,18.08931103,18.77492913,0,17.1526217,17.71403969,24.18866089,20.44559486,24.553315,19.17697219,16.9111996,16.13551368,17.57777125,16.71550896,18.83885661,22.24585801,19.76848514,19.90905975,19.62172308,18.24030231,13.47857507,18.64345136,17.08445474,17.16998717,21.30486839,20.51369623,0,20.13111089,20.92362365,18.9905044,19.55295566,20.54299382,20.30219787,18.24951791,20.30219787,12.41476708,16.67617942,15.07623959,17.87921614,19.21233397,17.9216855,18.32663669,19.4734456,19.1364043,21.24455785,17.63628898,18.33383147,19.47204709,17.98487358,17.09414761,17.49349521,17.08054188,20.80974854,17.51659748,0,19.56897316,19.62794902,17.36260838,23.01575059,23.01575059,0,16.82675657,17.02290177,19.24586682,18.53499169,18.7737039,22.04546792,19.97651645,0,0,23.3926466,18.76075303,19.09665179,18.75775135,16.3130863,0,19.13663109,20.2684399,18.50634322,17.9424098,18.43731265,17.08673301,18.09386104,20.76199075,18.66453731,21.42239015,13.85766203,19.36509696,19.93100796,19.06826534,23.82381518,17.39257068,13.01315444,0,19.58990064,0,17.90188817,16.87449374,17.83410321,22.74845779,20.0103555,20.58573756,15.95447938,16.7914613,14.75739656,22.65296396,20.94893224,19.73890284,18.3257923,0,16.76675372,17.91409626,19.18519583,19.57510789
TP15L4,92.92358348,18.88567885,18.82396287,19.25553417,20.71169926,20.75361271,18.60676351,15.89290928,20.44115109,19.41779371,18.99994682,0,17.25001713,17.02289347,17.66470882,0,25.83724747,19.00378329,18.57478848,18.76387828,10.17059452,17.8428258,17.0679627,20.19027321,19.1554944,21.96345857,18.19962038,18.69001461,23.92892856,16.42933261,15.63354694,22.09902542,0,19.98330721,19.43929796,27.45631295,17.74583309,17.825083,0,21.8917591,25.45928939,20.72341176,21.57818294,23.41317709,20.10856431,18.68779507,21.21120946,18.30181494,24.70682592,22.1813467,25.1708358,19.15641932,20.57436206,19.09340764,21.66777378,0,19.41419693,21.15026889,17.28311405,16.88242241,21.95415356,19.83376103,21.72686707,18.64108326,20.07491694,16.28158228,22.58579062,18.49878794,15.69553946,15.43214006,15.43323553,15.86357294,20.38047329,19.68558089,21.23697629,21.20464102,18.56876097,19.45762638,21.28759206,17.81274957,21.80177459,22.12298986,22.66321279,20.0928579,18.96966739,16.21255302,20.09974932,16.3583257,19.87609195,23.58827429,22.6429743,17.22407762,0,19.46783587,0,23.98357327,14.61335945,16.31449641,18.53472335,18.59319843,23.25689696,18.72091104,0,21.03320803,22.68140281,19.91238145,21.09929679,17.00586558,27.03282746,16.46052738,22.63639735,17.24346484,20.45153785,17.03920737,19.21223592,0,19.11292305,15.95084702,17.47947546,20.09236426,15.84861801,15.86113538,16.8056041,19.32307697,17.31039977,17.86286177,15.81135218,17.0081158,17.39173983,17.00968218,16.45914407,0,17.20054999,0,16.46323592,15.98388961,14.34163648,17.13786747,17.31537735,16.05569372,17.51005328,0,16.97088173,16.69021419,20.22167653,20.14508738,16.01584023,18.37456247,17.79520876,0,21.11266749,21.51269382,19.42674527,20.5192228,17.80184295,12.24488297,17.39263842,20.80634468,18.49180584,15.07631041,17.63591485,14.18546271,18.15280737,15.18640143,18.85484743,0,16.34165672,20.23758124,18.46877012,15.5125284,18.60035137,17.45526786,20.06620318,20.098506,19.16591783,19.95452761,21.31409583,20.8833812,16.35478632,17.37540324,16.4878015,17.914484,19.97041987,19.86311046,0,18.61447758,17.12188398,25.9798496,26.59846272,25.83547094,22.3317933,17.39925211,17.72452557,17.79628863,16.53805582,19.16296209,23.49971766,20.62160153,20.90929023,18.93374079,19.38645352,12.96820427,17.77052761,19.00229691,17.13925124,21.83085036,21.12776358,0,20.28745087,21.40182609,19.25162635,19.97969524,21.14866345,20.62167996,18.05677735,19.12841885,13.3414882,19.17443778,17.5495723,17.3931157,19.52747244,19.22524926,18.91215787,19.82964702,19.9383067,22.61006409,18.89773658,19.14949092,20.53421877,18.46702667,18.43706327,18.59445249,18.31996369,21.99563878,17.8521412,19.97861766,20.40457705,20.52460895,17.79016302,24.00305226,23.94515366,0,17.64943357,18.10097222,20.06579924,19.67340709,19.85643392,22.23693993,20.98802563,0,0,23.21135003,19.18000789,21.13458289,17.82525674,20.37262319,0,19.58955858,20.7476716,17.87282615,19.99532542,19.70336178,17.32491729,19.40248139,22.22003971,21.08485658,21.33400023,0,20.61410405,20.97624184,19.66520886,25.56811874,19.41952067,15.17596558,0,19.71914519,12.12472279,19.16789039,18.03750847,17.78584993,22.71928916,19.8743536,19.23138003,19.64848161,17.0666793,15.69562101,25.21419476,23.01250287,21.94285102,17.64180386,20.3497697,17.64252446,17.94011626,18.2526629,19.94496009
TP11L20,93.2095607,21.46152829,20.12123099,20.76396048,22.9468903,20.94394228,20.67010578,18.36985698,18.64116914,20.80163888,19.95511991,0,17.85814303,19.27639122,0,19.5263268,26.2741806,0,21.06805587,20.5959703,17.23808656,19.26176036,22.66095703,23.63236866,21.18789093,24.45089193,22.62577418,21.83231234,24.74267403,20.41803611,18.66447487,24.35670885,0,22.26987252,20.98626858,28.23376254,20.16851757,18.94371957,0,22.4647686,27.40357005,21.66183974,23.5768447,24.94351594,21.85501609,19.85728563,22.04638264,21.25569116,24.64049613,25.19693072,26.24021476,0,21.39610156,19.74647526,23.6051298,0,24.42401727,24.00723243,19.69710877,19.002686,21.31763734,21.41056141,25.71865405,22.91643163,24.02168863,18.77753091,25.74506304,21.01238701,18.25041444,19.15138307,19.59629446,18.78391739,21.52556165,19.1055594,24.85007128,24.50703505,21.99462811,19.25137676,22.411034,21.90146897,23.11763751,25.71672918,24.03997968,21.78200699,22.1092203,17.89524375,23.62431582,18.99165435,21.31963061,24.33385157,25.49637714,20.23787111,0,22.16735963,18.2325871,24.51403582,16.9237985,16.68615136,19.75694474,21.12607798,24.20178802,17.38676093,21.0601632,22.09941859,23.47258541,20.24903917,23.95621639,19.36289614,27.95294857,18.40668677,24.36161079,18.6120842,21.5747264,19.31487171,16.63548952,0,21.19914315,19.59647966,19.21421713,23.1473145,15.29973301,16.89300868,18.18454915,20.93411252,18.86357832,20.52515498,16.31824937,19.08817114,20.67243349,19.7591647,20.20095317,0,18.43386564,0,18.18633376,18.20480918,20.41162475,19.4309629,21.68831949,17.4364026,19.09687156,0,19.62611495,15.49925486,22.81802949,22.92728459,17.80747982,24.16112525,19.39973289,18.07078774,22.39376361,22.21042942,22.49523095,21.17787848,20.87621907,18.12637818,19.67851236,21.964052,18.92376992,15.39642766,19.96480127,19.94375029,21.21380856,17.3949074,19.1230552,0,18.51972193,19.85728563,21.18895545,16.51489791,19.41257522,20.82432725,25.5664421,21.10243129,21.34126805,22.3361536,23.26656353,22.28260697,17.5703421,19.45845251,18.6067918,21.03393963,19.82294731,21.02880738,17.5297063,22.00586341,18.77229809,26.19679173,26.80076024,28.15095756,24.585711,19.59554137,18.66585855,20.95633562,19.52709773,20.78601011,24.42810253,21.59724117,23.20471203,18.78303895,21.44823993,18.5267878,20.94373383,18.14645705,19.35954431,23.24182912,22.56488175,0,21.36443927,22.2634579,20.31355694,20.98336273,22.16240143,22.22262512,20.49201572,18.9864726,18.39146397,18.35756896,16.66009158,19.32717583,21.06369359,19.34125431,18.78798815,21.4583933,20.99482561,23.59266557,19.79738614,20.15930369,20.87003858,20.19517382,19.94636276,16.87051513,21.70683834,22.65011062,18.99501534,20.64603924,21.14453813,20.72166552,20.61178591,24.45307523,24.45307523,19.93678632,20.08397431,20.11166379,22.57160793,20.42588011,20.05733178,22.37127926,20.70580328,0,0,24.6190284,20.97421095,20.37041004,20.93133311,17.23677816,0,20.92192196,21.76800597,19.58614035,21.33315038,19.98755044,18.98144685,20.06924417,22.47672979,17.54013098,22.16817289,16.35606212,0,21.08503657,20.64240032,26.96859203,18.72790396,15.00320152,0,20.472958,17.1618182,19.22997077,17.94261597,19.25569378,24.73464991,22.50085572,22.58144832,17.96502532,19.61277465,0,25.27576153,23.10579699,22.93432099,0,22.36248478,19.27133301,20.00605395,20.08833169,21.57888871
TP15L3,93.5331825,18.62388557,18.81567203,18.74351287,20.12543882,21.16604723,18.14089575,18.15404274,15.74270317,19.17608458,19.39189849,0,17.04532446,21.0891839,0,16.7970984,24.94440208,0,17.77431832,15.96310549,15.77212816,17.45961044,20.48517404,19.97636767,19.79347802,21.2639909,17.65881447,18.10154899,24.34470977,17.76771863,16.20519658,21.00633008,0,21.02236222,18.81253266,27.50744303,14.30639936,17.7056689,0,22.00670235,26.14998007,20.44150607,22.70528657,23.37456013,20.94586077,19.04474383,21.36410071,17.82923421,24.6017022,23.14928376,25.0394162,19.03050538,21.37850031,19.03515447,22.09438766,0,19.28016892,22.16479847,17.49755523,17.85649004,20.83926601,19.44563609,22.79311306,21.85285066,21.40352851,16.55006366,22.28541957,18.29900729,0,16.9010733,17.26543819,16.72788184,20.06864501,19.99270703,20.44166227,21.53128008,18.75765364,17.40551733,20.20787352,18.81620831,22.3231939,23.50306069,20.17425381,19.65410737,19.10815566,16.16197425,19.91950045,16.20453915,19.82062038,23.24993486,0,16.88456234,0,19.81097726,0,24.52729422,14.72240481,16.39311792,18.99092106,17.54942771,22.87730623,20.38486996,19.81704733,21.16833319,22.55135949,18.51851405,22.16895245,16.73579174,26.68330688,16.65627182,23.11015904,17.56575078,21.60012095,15.6452749,15.6679259,0,19.45843547,17.63363388,17.47177921,19.58013175,15.96876766,16.26764601,16.55209161,18.84030301,17.64477407,17.94926275,16.81925125,16.93014544,18.57931525,16.77409193,16.74893068,0,17.60910199,0,17.18188199,15.81452088,14.38857633,17.42605766,18.37613465,15.49733764,16.54089993,0,16.77135522,16.23660958,20.87208753,20.59783655,16.33092044,21.18753355,18.53687201,16.99817199,21.48083932,22.16106863,19.49862618,21.85553049,18.36743509,16.03783691,16.91222809,20.81463073,18.61011257,14.483411,17.7303704,17.76294377,17.89827595,15.92654702,18.21274447,0,16.23016237,19.6640029,19.14679082,15.82092437,18.52363345,17.40634705,19.38320197,20.23782147,19.30635768,19.58954889,21.57635886,20.53662503,15.54095862,16.91263145,16.63982356,19.02362898,18.97926609,19.86840807,0,17.37715807,16.27584857,25.87028609,26.48121561,25.90044804,23.17327866,17.46268153,17.22890816,16.92803584,17.13997477,19.77102779,23.44218808,21.36944727,21.89239011,18.70467533,18.77927284,13.1811596,18.80040854,18.90287215,22.80330789,22.22544479,21.2167074,0,20.65487636,21.7638232,19.67125451,20.54269839,21.17751597,20.30797454,18.16102341,18.58283085,14.25865346,18.29307608,15.39965937,17.37355797,19.29212066,20.4363321,20.04285694,20.33418161,19.84330808,22.42263968,19.25453621,19.44577865,19.85755323,18.43244286,17.42676622,17.35160939,18.01064998,21.69590053,17.86345169,0,19.32330262,19.22564531,18.06195544,24.41112022,24.37326745,0,17.87257911,18.34886947,19.05452597,18.56396173,19.8506758,21.6327245,19.95529411,0,0,22.31459845,18.07068386,20.00485689,18.98074112,19.67990204,0,19.8120782,21.24905021,13.96001146,19.45076154,19.5132072,17.11114828,18.94823781,21.84531292,20.55348941,21.19864511,0,19.34156229,20.44629105,20.44638609,25.43415769,16.84598738,14.80251301,0,18.86492529,11.47618428,18.79279357,17.59837296,16.41361734,22.70914368,19.42040311,19.68457214,20.38486996,16.83756811,16.95711816,23.03136536,22.27396092,21.34375154,13.24686902,20.29189688,16.18749252,18.10012855,18.87484012,21.03350216
TP15L2,93.83733563,18.5886934,17.75929084,18.47746252,18.54187191,20.09774825,18.20385744,16.5518598,15.49740879,20.66611428,18.44871355,13.66792243,19.13616067,19.09359851,0,0,25.72254641,19.90712588,17.67626956,18.48580721,12.37890342,17.70043297,18.03109996,19.90508987,19.77837251,21.94380848,14.74491302,18.56255437,23.67228802,17.39987011,15.39869468,18.11238906,0,19.47330355,19.55498165,28.11475211,15.5954661,17.30245074,0,21.50921305,25.19209876,20.08732596,22.27257802,24.48959743,19.05036692,19.17170152,21.97097558,18.57185243,25.67452225,21.70465546,22.49988444,17.54208894,19.7391284,22.67047224,21.24316161,0,17.8825384,22.25073817,16.90298082,16.73314013,20.07204173,19.86117081,22.25713389,20.49794352,21.98313311,15.61345342,23.32706551,18.9064599,16.03076275,17.46435967,19.76850748,18.08583818,20.84113633,17.01722171,21.35690408,22.4328192,19.41020117,18.11715431,19.96806117,19.78540751,21.10302536,19.28752349,20.55245436,20.12473109,18.9133035,14.70919058,19.98088092,16.07869178,19.45622093,22.81638317,22.35705435,18.05150108,0,18.20902045,0,24.15058058,14.67835016,16.84316335,18.02961484,15.64241262,22.21259201,18.00325412,0,21.77796329,26.20098752,19.15986599,22.04446281,16.47759889,26.60412159,15.76425673,21.45510048,16.29098352,20.4281438,16.73620167,15.60875099,0,18.60997624,16.21112512,17.49153691,19.44719321,15.16044926,16.62673517,16.6862051,18.95413945,16.65619015,18.47606739,16.41011833,16.6473246,18.85328328,17.0390121,16.56330984,0,16.30551038,0,15.80808795,14.57916948,14.19729667,17.10556926,17.87116393,13.48474443,17.33491047,0,17.0194345,16.08332206,20.28751306,20.23112091,15.60459887,19.76415328,17.23663579,0,20.26445714,20.5856704,19.39689592,20.21521906,17.01540257,14.57780157,16.75922539,20.20990962,17.58054227,14.13547064,17.44899631,17.31097129,17.94029206,14.37007705,17.92115241,0,16.36349646,21.6133161,18.45423477,16.02974865,18.03384477,18.33461631,19.88797109,19.40952975,18.99728149,19.62065036,20.92516323,20.9938876,16.17865844,17.01972651,16.08783604,17.21478354,18.33585618,19.21843753,0,15.87791066,17.95223762,27.52366891,27.58140449,26.00567793,22.74558682,18.97437549,18.00869917,17.84574942,16.27222903,19.11884643,22.64436491,20.12346858,20.36349635,18.9341768,20.45323271,14.24102939,17.88140868,16.52732733,17.5799355,20.9266348,20.0889339,0,19.6998791,20.50440188,18.73347084,18.8114784,20.00538798,19.56639414,17.07949645,18.9073015,12.86553997,18.65149273,15.45278357,17.25738701,19.27747218,18.48081283,18.11384,19.51728613,18.8753024,22.31624221,20.15458008,19.36497993,19.37826864,18.02154432,16.51028829,16.179214,19.45206576,20.65319845,17.14769297,0,18.7017672,19.23456313,16.74656418,22.43588394,22.43588394,0,16.8463517,15.83486863,19.55124025,18.69617771,19.56718418,21.39508541,19.97282208,0,0,22.11000207,19.47390263,19.74254717,17.46145221,20.25241865,0,22.48089882,0,17.13731596,19.26439426,18.27258004,16.93016492,18.07813786,20.42218902,20.08070583,20.14502396,0,20.03824076,20.14014564,17.88242877,22.91080704,17.67301841,13.39634381,0,18.73263277,0,17.96066507,16.78710311,17.37177183,23.69683577,15.3011374,19.02091721,18.05385656,13.33660889,14.04392927,21.80176934,23.12539235,18.68761156,18.01016149,18.64735017,17.01698827,17.79027093,19.79977385,19.01517104
TP17L21,93.92259491,19.43758522,19.36269424,18.68383859,21.96248301,21.11734769,19.57180704,16.9820759,17.15605951,19.52265292,19.51739265,0,17.26323185,16.67903423,18.50652527,0,26.11830995,18.38972679,19.20259529,19.36392521,12.15345014,17.84171583,17.83221335,21.41296502,19.15404477,22.03512231,18.06923985,19.36763406,24.34069655,17.32581626,16.21649567,23.24671828,0,20.94656305,19.31933059,27.81006535,18.32246582,18.12818471,0,22.34394619,25.97183845,21.18947788,21.83091934,23.72193457,20.05234575,18.66868766,20.28494346,19.10537845,25.02345333,23.63331212,23.40797619,19.70954757,21.3275272,18.89456517,22.18158222,0,19.69628121,22.02939546,17.85627379,16.93062179,22.05519876,20.40186864,22.66245827,18.5965955,20.51704667,16.74940234,22.60595108,19.0317099,0,17.182505,17.9926933,15.92493475,21.05452119,20.44984918,21.78280777,22.32502036,18.98692824,19.3107359,21.73137471,19.32284922,22.56006802,21.72172098,22.63285314,20.59356398,19.69665601,16.96479188,21.04805803,17.37881197,20.6714701,24.01696606,23.18145572,17.35722659,0,18.75416712,16.44293316,24.4970669,14.73611403,16.1649316,17.09367974,18.69062302,23.21856316,18.59257292,0,20.19366173,22.89718087,19.45755387,22.1419089,17.67063659,27.28198187,17.36683424,22.23860411,17.54442805,20.47592604,17.56732985,19.36728882,0,19.37073281,16.43785578,17.66133503,19.90035733,15.52233276,16.44023655,17.20449379,19.87111506,17.87213978,18.0364389,15.48690539,17.48587863,19.31000984,17.0792295,17.51134842,0,17.52020039,17.89846904,16.9866365,16.92736729,14.9757533,17.83997262,17.73301095,16.47284518,17.85939526,0,17.19730148,16.9083903,19.47953412,19.4879691,15.78582948,18.51993677,18.71981973,0,21.39816997,21.93034755,20.36765578,21.12810682,18.89680227,13.78079526,17.2769872,21.29529991,18.80535717,15.35080618,18.05567121,17.50078866,18.91740009,14.30844476,19.25085392,0,15.82823469,19.30931418,19.07183811,14.82470446,18.95637072,17.78428879,20.36544614,20.67430484,19.7129031,19.45893813,20.51200353,20.88109039,16.17187907,18.29181301,17.32307918,20.33173266,20.52216676,20.47363189,0,20.27799972,17.48659349,26.22159569,26.84449941,26.3172072,22.8772594,17.63586046,17.5781589,18.75995969,17.68123021,19.64999788,24.31539234,21.0949311,21.81888914,17.81815083,19.71709912,14.63135964,18.87374871,19.4917351,18.2479514,22.05582958,21.33986482,0,20.15731486,21.45135095,19.2521635,20.26734239,21.42657854,20.70159514,18.18377367,19.82327381,15.98903932,17.35894252,17.68995132,18.13931599,19.91624208,20.08125717,19.13921574,20.74166429,20.32791862,23.35872288,19.60425322,19.64396378,20.87336391,19.01125159,17.40864178,18.18390389,18.99375316,22.61297165,18.38417868,0,20.91789543,21.02869912,18.69850949,24.40098443,24.40098443,19.23063317,18.3034937,18.47552406,20.03377368,20.15254928,20.45804442,22.58063854,21.07235493,0,0,22.88066626,19.30490461,22.10952434,18.34418707,20.62166149,0,20.35901775,21.498002,0,20.03837969,20.6069655,17.66192826,19.89901172,22.52017095,22.20749004,21.75618811,0,21.19685032,21.45411378,19.97821671,25.20940632,20.27003779,15.76261629,20.34508063,20.01510843,12.57112544,19.5140751,18.32340216,18.00003752,23.03853928,20.10021667,18.42136766,19.24360781,17.04035348,14.88709451,25.38984211,22.94409693,21.76488817,17.76596451,19.46263546,17.71474938,18.01744908,18.75526655,20.51914288
TP17L3,94.59855799,18.67988711,19.51416654,19.26651537,22.29769863,21.33178304,19.57572846,16.60246499,17.33298229,19.16844518,18.09943773,0,17.49851667,18.22485789,18.320163,16.41455153,26.18279001,0,19.22248739,19.27289951,0,17.66476667,18.32055548,21.33840728,19.53708819,21.79139265,18.35384913,19.26693763,24.65077284,16.878366,16.53703955,23.88811175,0,21.15933615,17.99572488,27.52682404,18.12873777,18.56717956,0,22.22410096,26.09877405,20.94745228,23.03713946,23.46369277,20.5172859,18.89671082,19.92389347,19.0791371,24.31479144,23.025051,25.94735655,0,21.90164115,17.69811179,21.93962918,0,21.17738558,21.81797138,18.03254011,16.92547621,20.84838544,19.77348487,22.99794493,20.49646605,21.85715142,17.02731064,23.38565377,19.39885202,0,16.46608203,16.03115156,16.52529383,19.85570536,20.11561245,21.83419058,21.96381811,19.20129258,11.51448412,20.45771223,19.20087555,22.22030599,20.60412674,19.79038235,20.17367698,20.10188739,15.69618365,20.77697534,16.76835501,20.19813444,23.70789056,23.27019254,17.44584448,0,19.69411034,0,25.38586755,14.9124898,16.76249092,18.23506249,18.70216064,22.81384004,18.18650822,0,20.50379735,22.32070704,18.0116992,21.76629031,17.67092916,26.31813333,17.51293529,21.70093135,17.61418846,21.51146096,17.62559594,12.96968195,0,19.73653259,16.61856926,17.43255129,20.34574153,15.74436843,16.35770663,17.30337467,19.80154883,19.30417527,18.12290015,18.13395996,17.50491387,18.18017226,18.29095601,17.4342878,0,17.60232068,17.72749972,17.47254856,17.33637678,14.9281577,18.03218633,19.62655087,17.18010921,17.7897374,0,17.88170191,16.78816159,20.6407614,20.72877788,15.90265772,19.45690675,18.5296754,0,21.35881209,21.9140016,20.09276331,21.1923387,18.05932278,13.50258297,16.87465635,21.39317265,19.0181448,14.3275285,18.55159117,18.19076427,18.66940244,15.10485653,18.93986954,0,16.62272898,19.8638339,19.17877219,15.28235018,18.97112514,17.99943602,20.47658783,20.68771977,20.44329365,19.89557792,20.57804739,21.10470676,16.10209873,18.68587528,17.71838962,20.21599543,19.04206983,20.23114683,0,20.54519034,15.10865738,25.54972495,26.18328234,25.9530186,23.63294462,17.75030087,17.9446944,18.06789472,17.46939692,19.63095556,23.95670208,21.84996791,22.38807087,19.0677217,19.17593345,11.85903125,19.21489367,19.10867957,18.59254691,22.92574004,22.12176131,0,20.05558431,20.19884491,21.67962434,21.07043486,21.92485396,21.21913023,18.37537769,20.94342908,15.47319147,18.17015814,15.71897786,18.16979314,20.14637029,19.82426091,19.5019903,20.99391445,20.67499065,22.79552748,18.98781314,19.938041,20.77822587,19.13728149,18.43978959,18.54340744,19.17718469,22.51361831,18.59357873,0,20.92611103,20.98776358,17.81933968,25.08571805,25.29254621,18.56182728,18.204511,18.34292065,19.73094985,19.43061014,20.41946996,21.88261186,20.10376101,0,0,22.7266242,19.19406293,20.78883,19.26760536,18.25520427,0,20.52091581,21.71131287,14.71044803,19.86328967,20.4395802,17.85385748,19.56700465,22.55488142,21.51806444,21.8202912,0,20.37383201,21.17910457,20.89420403,26.37491549,17.66149602,15.85409616,0,19.85556483,0,19.11234587,17.86920174,17.80763916,23.06135032,19.95198748,19.7603976,18.81621182,17.66621863,17.41982421,23.70794151,21.79613194,19.77364589,18.47854213,17.84721134,15.0050858,17.988765,22.12495893,21.05482026
TP11L12,94.62422635,20.81339214,19.77492317,20.65651906,22.740551,21.27326445,20.50061067,17.32246591,18.22116144,20.3737032,19.18364363,0,19.92278195,19.92073181,0,17.49994418,24.03408267,0,20.75897735,19.37496385,16.32466276,18.83523549,22.2610726,22.08732973,21.10056303,24.08931355,21.03433236,20.47085713,24.29167057,19.80498472,17.90253314,23.97642124,0,21.34488821,19.73275581,27.76877905,19.21522559,18.74819594,0,22.10630315,26.9965538,20.7002736,22.91109908,24.35251272,19.9575537,19.85132793,21.31875028,20.11710307,23.83782324,23.96690652,25.80929844,0,20.98863572,19.09092654,23.05786019,0,23.07018076,23.26022448,18.60223898,18.93644237,20.76023656,21.36810791,25.24471491,23.23505613,23.13099272,18.12602198,25.32005314,21.0018863,16.73644386,18.0631742,18.20747944,17.97041966,20.67934558,20.88452367,23.89987531,23.80512041,21.53759424,18.30774633,21.71708319,20.76544715,22.70248935,20.5252619,21.15570736,20.70470186,21.05737119,17.05929883,22.11595758,18.63686259,20.60583288,24.07816266,23.78925462,19.18127603,0,20.96910916,17.85620359,25.95806927,16.1450855,17.92065841,18.9760385,20.54322643,23.76911591,16.48858602,0,21.37496286,23.00169269,19.77236803,23.34388508,18.3716667,27.71632619,17.50634568,23.66776249,18.23760886,20.74352297,19.43608837,15.26403272,0,20.94126537,17.80693418,18.77497699,22.07765798,17.84422952,16.92506484,17.94040519,20.67006859,17.82723708,19.87407167,16.46621375,18.15978274,20.44850135,18.97185522,18.97734632,0,18.16678152,0,18.91843066,17.99163879,18.97014394,18.72892522,21.21045714,16.9170584,17.70160806,0,18.00401797,15.82854841,22.54125919,22.64484737,17.74538187,23.99267328,19.15376939,15.80582942,20.34941478,21.90382597,21.43695843,20.77071089,19.54121698,17.28493263,19.71150677,21.6276801,18.76415504,15.46906318,19.32037954,19.67969113,20.64888172,17.4432144,18.54270532,0,18.88738239,19.85132793,20.67473695,15.7018985,19.12982048,19.96796426,25.91563571,20.35750768,20.16209055,21.45546319,22.61513658,21.94714336,17.117155,19.13829646,17.90456668,18.90376773,20.41104185,20.45640626,13.14710752,21.46561058,18.70553382,25.52781885,25.86944587,25.68187796,22.59904936,19.02546255,18.54422424,19.83999763,18.96194045,20.15981975,23.8805338,20.54970074,21.61181487,17.31875345,20.06425449,15.45992876,19.82850479,17.2833707,18.95369265,22.93089937,22.21088894,0,21.09475619,22.02303764,20.04599375,20.67960233,21.92216841,22.07949541,19.72949889,21.86909972,15.45885621,18.20952034,15.61298828,18.74011257,20.28913514,19.61884097,18.98295261,20.73194726,20.59646266,22.88135443,19.12529679,19.72568008,20.12659931,19.47757936,19.24997179,18.19519509,18.95298569,22.12297757,18.27921916,0,20.40880474,20.52031757,19.7882591,24.06327028,24.05945364,18.8886665,19.44235864,19.04776188,19.94157488,19.84729702,19.54632005,21.65934613,20.40072347,0,17.9904712,23.27047769,18.96874717,20.90227515,20.25311891,23.03681934,0,20.07895049,21.00951501,18.83586499,20.1686773,18.69477965,18.53180941,19.99250311,21.38123414,18.17841546,21.34961495,0,0,19.76965596,19.12799056,26.29833075,16.31430673,12.75296677,0,19.45200088,15.99053503,18.06844817,16.68203499,16.01075613,23.71002161,20.79505337,21.34964577,16.48858602,18.01947557,0,23.83310642,21.59775468,20.25121151,0,18.37438177,17.54614281,19.49750592,19.14797849,21.23157027
TP15L14,94.87036001,19.89247502,18.48598101,20.1443224,19.31821221,20.70778687,18.98464357,16.31153531,16.17707543,20.90095455,16.36726324,0,16.15137918,21.29920151,0,0,25.57166374,20.29157533,19.10020387,18.37163921,15.02535829,17.65629369,19.89257121,20.64693476,19.96425844,23.74472639,18.78687649,18.98454775,23.93296145,18.38259967,16.4162966,18.90861459,0,20.39617893,17.02173086,27.33827535,18.04332383,17.20670915,0,21.88109785,26.15279565,20.40038592,20.9333856,23.68144869,16.99581131,20.01133106,22.71933751,18.79690097,24.5452923,22.44347526,24.63190306,17.86161671,20.50782214,21.71756404,21.71697672,0,20.12372658,23.08830455,17.15830082,16.65717152,20.92447071,20.32512965,23.53429481,22.60341937,22.65589703,17.378775,24.57320926,20.07028213,16.72173116,17.3526603,18.39867298,17.65573025,20.4127454,17.95237725,22.47430617,22.8441844,20.59872433,18.31402641,21.60050683,19.72132731,21.91752134,20.20124328,19.41439823,20.19350468,19.91121609,16.35478604,20.56773208,16.42138817,20.29040796,23.02069752,23.24956791,18.33173926,0,20.05519372,0,25.35037933,15.00285303,16.64703099,18.82001485,18.33066039,22.64421998,18.10656131,0,21.91478153,21.98224718,19.8864257,22.88470864,16.91049549,26.9253118,17.13332314,19.65483997,18.46186358,18.66159577,16.09944455,15.76842137,0,18.79909254,17.41680732,17.6519399,21.03809894,14.77038501,17.60347915,16.78156193,19.3741817,17.56563763,17.40301336,16.499384,16.43922822,19.94052339,18.31490143,16.95434887,0,18.42423331,0,16.28798234,15.31542567,14.80971042,17.29508229,19.82307442,14.24897943,16.55502684,0,16.30697874,15.62788118,21.36526852,21.31878968,16.01851577,21.82729323,17.76094596,0,18.42120377,21.36515123,19.66417066,20.38577234,18.29483228,15.85724208,16.54348125,20.75760618,18.08340904,14.32911168,18.73141132,18.68768199,18.26803297,14.48466961,17.9561836,0,16.9068996,20.01133106,18.86438403,16.18733059,18.50367638,18.14751732,19.79760619,19.56522111,20.18602191,20.00409698,21.34787814,21.21966654,16.58571703,17.40808449,16.7335413,17.26471884,19.89097226,19.75473235,17.21764915,15.53413519,15.60269244,25.88046531,26.49946297,25.7177699,21.40346562,17.90240141,16.84764471,18.49999071,16.51786768,19.20161151,23.42943095,18.64809672,20.86099973,19.14722448,19.09031274,14.03682304,19.12482522,18.06858039,17.12555717,21.8624203,21.00209331,18.99303764,20.61015434,21.4243682,19.72801027,19.56038246,21.1531054,21.45480703,18.8068826,19.04609022,14.74700313,19.98433216,16.02412484,17.79001165,19.72272341,18.87762472,18.48242527,19.99641097,19.65349414,22.44588061,19.3461794,19.07296349,20.41564748,18.65007165,19.65265477,18.23894214,18.12037178,21.60738597,17.84096503,19.83439857,19.92752431,20.34200891,18.00416162,23.43370813,23.42854426,0,16.56784568,17.83156768,19.85815862,19.87623034,18.33366728,22.92263557,21.11680079,0,17.9837639,23.17797441,19.52064614,20.67194261,17.97237833,20.82960283,0,23.07906888,0,19.15840413,20.43731884,19.32599024,17.46928152,18.89269509,21.48479375,21.01995687,21.87419376,13.63427091,20.72240353,20.88416432,18.71760203,25.02817235,19.43972868,15.508824,0,20.58944822,0,18.69929081,17.71288352,18.80000364,23.84390311,20.57244177,20.84196242,18.11409451,17.28101201,15.35433352,25.22005052,21.73353952,19.07157695,20.00521301,0,16.93857988,17.9949229,18.67042053,19.65206447
TP13L4,94.99250948,18.94804982,18.40108406,19.75796062,21.22887263,20.35944812,18.51115503,17.55007036,16.20178207,18.76874375,18.10646916,0,14.56036829,17.52953283,0,0,25.91666291,0,18.98119582,17.72815483,10.53070029,17.32767588,17.22761438,19.96090565,19.16875753,22.23551945,17.19105223,18.37120692,23.81554663,15.5109939,15.37771597,22.78988432,0,19.63080082,18.21876272,26.45618287,18.40498788,17.33573926,0,21.84588526,25.87326639,20.47910993,20.83829355,23.25082257,19.35161501,16.83944152,19.16563847,17.34635912,23.2223177,22.03133298,24.93093728,0,20.20049603,17.95467985,21.72497225,0,20.08372521,21.05631041,16.60082468,19.72273614,21.70682538,19.97257201,22.15620136,20.29814196,20.85616001,16.20677681,23.02371138,18.64711704,0,15.66105739,15.98664128,16.08098403,20.86384517,17.99664407,21.29877653,20.98032829,18.70870685,19.83030589,22.120285,18.39598659,22.4928399,20.56061977,21.34823467,19.76657395,19.59981925,16.00918764,19.85695975,16.28736238,19.66025148,22.98444134,22.28001842,16.22541134,0,18.98688106,15.77440309,23.94218048,14.17903062,15.76510503,17.88541298,19.33672146,22.62734674,18.29817123,0,19.63391732,21.59563675,19.21512379,21.46401814,15.79290325,26.75413558,16.49572143,21.69402902,16.18803965,19.35839328,16.54931421,18.75373864,0,18.69563271,15.88881525,16.90541741,19.89245511,16.01892772,14.61546647,15.70524542,19.29106656,16.84435106,18.05649881,15.58684927,15.58947526,19.06419831,17.15902379,15.68930363,0,16.21066547,15.96367065,16.06675527,16.03893666,14.16426597,16.10320369,16.73497466,14.92670623,16.11274492,0,16.45504317,16.0964217,18.09626245,18.01482427,14.42664203,18.57035391,18.76417007,0,17.86391467,21.53736491,18.40041091,20.12439342,17.61786513,13.09527685,16.98247154,20.4736411,18.19170961,13.49943971,16.24226088,18.55907051,16.54247681,14.97303692,18.34855919,0,16.43930317,16.21802936,18.73517047,14.27055257,18.68056361,20.4326161,20.06103931,19.09945008,18.08353253,19.09063809,20.64864635,20.4611074,15.93367444,16.43795095,16.29968885,19.07998508,19.73392145,19.52250519,0,18.95016693,15.85365727,24.59843875,25.19245466,24.70033843,21.03514126,17.33500998,17.73531918,17.10303134,16.49771292,18.72680298,23.26767648,18.14402231,20.91338689,17.10994845,18.31894164,13.45126373,17.8518144,18.62860196,17.91275587,21.4492859,20.66422696,0,19.36588881,20.63382468,18.45551101,19.3714116,20.76402279,20.10755042,18.13160748,18.8276743,12.85034578,19.34195165,16.68763764,17.28384001,18.84137433,18.15319389,18.62941049,19.59029385,19.63687183,22.4879169,18.23158758,18.75152917,20.48107741,18.29995528,17.98122164,18.21070652,17.90143495,21.5855342,18.35416599,19.61932814,20.11522845,20.22845484,18.1833512,23.62163665,23.62163665,18.5004,17.92397147,18.16945829,19.44887602,19.54901271,19.43155773,21.96953891,20.97925436,0,16.16275837,23.09205223,18.94257611,20.45255068,17.96651108,20.07996526,0,19.93257969,21.10454261,19.05424289,19.65420368,19.05678784,17.27176885,19.29317452,21.9111949,21.14210971,21.24738742,0,20.32070655,20.72958868,19.59875937,25.32780963,19.35407957,15.55004552,0,19.88298932,12.91057937,19.53577202,17.88304118,18.31770372,23.18891689,20.44179802,19.55017788,19.20348966,17.55708127,14.5688708,26.03209758,22.08308448,20.35476414,19.32530584,19.73349757,14.94581733,17.5452845,17.90830076,19.4802492
TP15L15,95.01303009,19.47063432,18.76670886,19.22909216,20.69926961,21.23332973,18.52159461,17.76834026,20.85342346,19.82392636,19.72069717,0,17.33457782,22.599622,0,0,25.54249906,19.50957693,17.96718066,18.19214301,16.83902821,17.3445701,21.36777572,20.22721169,17.49685091,21.85500114,17.3090906,18.64308969,24.46533288,19.58445711,17.16029786,21.85569775,0,20.75287482,18.50904335,27.47240888,16.92175046,18.00483492,0,22.68927639,26.41841444,19.97559253,22.29421265,23.28092543,20.71131676,19.06502425,22.4362679,18.16120299,24.80508961,23.12455997,24.64538979,19.64918329,21.45808897,19.06422151,22.18164315,0,16.31270405,22.57207577,16.8790514,17.39758916,21.41074299,20.27215824,24.07559988,23.14995601,22.4449378,17.13536984,23.17782128,18.89366958,17.04084355,19.28058401,19.96378119,18.29506165,21.69995637,20.09812998,21.34761604,22.31349832,19.46084737,20.49667602,22.7737708,20.75597606,22.57145936,20.19046244,21.57364275,20.13514348,19.59112229,16.56826644,20.29899015,17.05117796,20.41572236,23.81397226,0,16.86470885,0,17.89668717,0,25.06417065,16.53490905,13.3235879,18.70801182,17.87561973,23.58768095,12.57859734,20.29846634,21.34093994,22.69804157,19.94368773,23.01469253,17.09056137,26.96805969,17.13490648,21.69832696,18.20061201,21.19724183,16.8931887,15.55911211,0,19.22154584,17.14558914,16.90611592,19.65463224,15.74800777,17.53361445,16.67890496,18.60287457,17.77830818,17.9712153,15.38421261,17.29957098,18.81382862,18.0389402,17.16939445,0,18.20707319,0,16.9810132,16.27272894,15.29921393,17.53295804,19.21417032,14.87028484,16.43954166,0,16.51380728,16.63966375,20.85148967,20.76816583,16.82073234,22.54979749,18.66742805,18.83849277,21.52578301,22.12024126,19.8435331,21.42254877,18.31969,17.09984023,17.27288939,20.96367572,19.02467144,15.45600495,18.05881651,18.3715758,18.17781268,15.20820617,18.8142676,0,17.03385535,19.70549065,19.07487411,15.60065181,18.7369533,20.74522179,19.94954322,20.53658493,19.36799748,19.75184261,21.41274969,20.70556654,16.20907073,17.34367265,16.8944512,19.23041805,19.84795349,20.31632663,17.41353013,18.25374526,15.78266322,26.08196516,26.70700059,25.86094062,22.86498572,17.5174982,16.91088007,18.31731411,17.15240994,20.0552769,23.74109061,21.39744162,21.85359776,19.81736961,20.87965859,14.91480101,18.82566659,19.64094437,23.3472418,21.89729588,21.14640307,0,20.43250316,21.79056525,19.49170941,20.30021963,21.43357015,19.9420058,18.08504574,19.68130809,15.24184326,19.45580824,18.46782857,17.72716476,19.61669058,18.86697516,18.52888328,20.46451524,20.05735572,22.9862482,19.11007889,19.24884165,20.45504416,18.73180671,18.45410648,18.81071458,18.81342549,22.26987252,17.84944951,19.87172406,19.95104038,20.0636225,18.70072323,24.21187572,24.18300928,0,17.82270292,18.24035759,19.19704573,18.8892026,20.09414114,23.1464364,21.11471677,0,0,23.09179829,18.81856922,21.38501464,18.04191536,18.51475407,0,20.72736173,0,18.95474915,19.93444509,20.00161072,17.31862338,19.50184326,22.16011568,21.10855982,21.22638938,0,20.19472987,20.61192913,19.36478017,25.0411477,19.76266103,13.914313,0,18.67972279,12.75521656,19.11589345,17.94758526,17.15522838,21.90754938,19.53784604,18.07672806,18.13745459,16.26893052,15.04248078,23.7246725,21.90991977,19.47615347,18.75603551,0,16.99115728,18.38308811,18.70083481,19.95452833
TP13L18,95.05036569,19.68907335,17.76568461,19.24334491,21.33980236,19.57049398,19.29847746,15.69837342,16.40473873,19.76999285,16.73944274,0,14.56464886,23.44136641,0,0,24.44591121,0,18.98048578,18.02592197,17.45402183,16.96639123,22.7909533,21.04174837,19.27822457,23.16345901,20.14132115,19.04396227,22.38980171,18.29877598,16.05471249,22.64786362,0,20.20426915,15.31246748,26.40987793,18.63572945,18.25615908,16.21737898,20.4146555,25.62973996,19.4609307,20.20276832,22.29774001,16.02909307,17.30631095,20.13419309,18.3124253,21.46231617,21.90761835,24.20894626,0,19.69065529,16.66214167,21.15509795,0,22.25795006,22.85986066,17.04934057,17.55489056,20.04456976,19.17367089,23.58647406,25.06507604,23.00510831,17.26400827,24.06615803,20.72783752,0,16.18685047,15.78573796,18.54484822,19.56999742,18.61366561,22.59574529,23.45993332,21.03201584,17.05606642,20.36119635,18.89770404,20.87105782,19.86056389,18.55694935,19.72821129,20.44362183,16.62672875,20.66727673,15.63125386,19.03040001,22.25438197,23.87419527,17.57369616,0,19.53039735,16.12895038,25.04439252,14.36269743,16.36927432,17.33445021,18.41191459,21.61396235,16.21219237,0,19.54932658,22.13761471,17.88569229,22.63626645,15.97643836,26.52345165,16.88071741,21.91329291,16.78568555,17.42944645,17.12733527,15.70176671,0,18.70853844,18.34525315,17.05730141,20.41385696,16.00122865,15.11677286,15.95107492,19.50573429,16.42928667,16.81312116,15.84137185,16.33715354,20.02537594,16.41770914,16.6347024,0,16.81191469,0,18.70434624,16.19703846,17.51061251,17.30825165,20.24162899,14.21657125,16.49656821,0,17.36202915,13.40703174,21.21090664,21.33467504,14.65943337,24.80158264,16.24889244,0,18.35462389,20.67089735,19.06659946,19.39830943,17.37531672,17.31361334,13.45284442,20.01162927,18.84652572,16.52524629,19.14613622,19.59951448,17.48620483,15.1600675,17.36774357,0,15.81777198,19.00661646,18.36122568,14.04874229,18.23828264,17.97640615,18.80573084,18.59843233,17.38755586,18.91082545,20.18369111,20.32876446,15.45530141,16.55801762,17.31327168,18.40625253,18.38066693,18.93362504,18.72242835,19.61345909,19.42619172,23.23679007,20.47891178,25.16829525,22.57497922,17.3852559,17.05388756,16.86817407,17.18271739,18.79790345,22.06239004,19.55627957,20.333958,17.20164849,18.40661399,14.74871864,19.17297105,17.27161833,17.17504965,21.00702219,20.14783491,17.7763332,19.27602214,20.34969732,18.82355886,19.45180446,20.20356087,19.89368842,18.47186553,19.52596701,12.14576848,16.39778283,14.56995735,18.29011518,19.53374717,17.29448615,17.77625085,19.3953936,18.65106221,21.44796933,16.99339405,18.02854356,19.03639778,17.85863693,19.0020493,16.58005437,19.35375557,20.18003533,17.23088628,18.76718935,19.10571638,19.8860099,18.49806351,22.23987812,22.48477536,16.59392435,17.50858885,17.82449479,19.28902148,18.24213677,18.85661632,22.14750629,19.43162355,0,16.87817969,23.13980747,18.41303704,18.85727248,18.70626773,20.23176378,0,17.9715759,0,18.45559293,17.43617291,17.43607533,16.88124051,17.77825389,20.26280464,18.11529182,20.59315562,14.0019372,0,19.55656374,18.83344443,24.6117191,16.21637318,14.03313225,0,19.01777895,14.36250307,17.27470674,15.9894217,17.26709892,22.93649706,19.74500623,20.07740571,16.3242897,16.83864289,14.05607447,22.82453671,20.69979289,17.43722309,18.13565722,0,17.23311646,17.13620134,17.52103409,19.0020493
TP17L1,95.21606119,17.72863141,19.56231735,19.32112364,21.82512495,20.23167387,19.25231962,15.45192572,16.951003,18.50341081,17.01993936,0,18.07890425,19.33751269,18.11662486,0,25.5179649,0,19.35582769,18.14357312,13.46579137,17.48853806,19.29061089,20.21038472,19.82960323,22.47713976,18.33086232,18.58594207,23.39471976,15.31105148,16.44892373,23.29520103,0,20.37268064,20.05062013,26.21196139,18.36445677,18.01403324,0,21.42010023,25.83025163,22.06736061,23.15505731,22.86186391,20.18643703,18.67600792,19.84557243,18.21142048,23.15764377,22.2287513,25.5383418,0,20.74244516,17.11060015,21.25516422,0,22.14762245,21.76246965,17.05552459,16.60693224,20.53664776,19.80038424,22.82366095,21.35364638,21.08445459,17.06057818,23.29979817,19.59414828,0,16.53286525,17.4094566,14.6676307,19.60032893,19.07502549,22.24178024,21.9180959,19.60483869,17.04623719,20.60114251,19.11523228,21.12627158,18.68754869,21.38322377,20.35610088,20.44462329,15.60494588,20.30774194,16.2726849,20.28095644,22.6672739,22.38985863,17.5851279,0,19.82239653,0,24.66787521,14.51806116,16.36878627,17.90442187,19.43267422,22.07678336,21.16536328,0,20.23693652,21.90985537,18.47367455,21.72369667,17.42316903,26.67254167,16.5551814,23.39548897,16.46313816,21.58575819,16.02097153,14.29201454,0,20.01341394,16.85478507,17.42735352,20.40404419,15.96536795,14.61641404,17.06002138,19.50491358,17.5469246,17.44807083,15.87238692,17.60707669,19.64676215,18.54324744,17.47040891,0,16.3754402,16.91038803,16.7989044,17.34426821,14.36569817,17.26711125,20.29394599,15.82358215,15.59052438,0,17.29684733,14.04917049,20.94309211,21.06834476,15.77277848,20.61762786,17.11891402,0,20.63553191,21.11724982,19.46718519,19.99040785,17.75308175,14.70228492,17.72697453,21.03325173,17.64933877,14.50084207,18.9708307,18.18718169,18.71234857,14.30131037,17.92149221,0,16.97148622,18.67600792,19.27039474,14.7673715,18.29316239,18.45630155,19.68279695,19.64682604,20.08511063,20.80332662,22.07809607,21.09819531,16.26794601,17.87360529,16.66337193,18.49538252,19.06191161,19.51596906,0,20.34570656,16.26162972,24.63958167,24.55665801,26.07887328,21.25490812,17.39105773,18.03567527,17.77889542,17.36011379,19.06690909,23.66819324,18.79681801,22.13449101,17.4237344,18.3536153,0,19.15736181,17.5994905,17.74445014,22.51146259,21.79930185,0,20.02351749,21.23083806,18.936348,20.12432237,21.25079459,20.71289601,19.22384671,19.15742894,15.13731373,19.0860994,14.70136397,18.34424379,20.20437628,21.15740245,20.5911614,20.57267414,20.30484626,22.36716061,18.50646374,19.54743123,20.35721204,18.95086128,17.75924952,15.3188864,17.95519468,21.98411912,18.09586466,0,20.40936216,20.45219915,17.89711139,24.01320176,24.01320176,0,17.55682597,17.82434699,20.18296196,19.95636392,20.13542276,21.48445435,20.1166572,0,17.11995861,22.51780733,19.12907371,20.88178403,19.24160231,18.77824525,19.66367574,20.84324311,21.95301315,15.90594956,19.2137593,19.69880523,18.7573469,19.02648953,21.82434477,20.8003958,21.95479358,14.55405315,19.49560982,20.39284482,19.91660202,25.93084487,17.82938378,15.82305591,0,21.0715118,13.02171816,19.12274965,17.29630192,17.35291267,23.45303874,19.76075965,20.96465068,21.16536328,16.78801942,16.59671849,24.1394511,22.76850189,22.28265906,19.09186261,19.96876388,16.56623094,18.54708012,21.57654651,20.92901233
TP15L16,95.24958468,18.51033685,18.53290558,18.45288045,18.8787114,20.32270653,18.28112717,14.57200356,14.93420811,19.86957137,16.33901831,0,17.53192464,17.71254113,0,18.06365552,25.25754854,19.95071119,17.08002663,18.05545233,12.56368239,17.31909767,17.44928066,19.19765217,19.73206131,21.77504536,18.23430491,18.19986718,23.36538172,17.31169705,15.8884707,18.58301342,0,20.33963006,17.52343811,27.55957873,11.40439792,16.83563102,0,21.16658391,25.35017462,19.75346436,21.32472355,23.58478603,19.41497967,18.4854284,21.89256303,17.96165783,24.65119833,22.17709529,25.26714568,17.77114265,20.60804832,21.56654931,21.61486737,0,18.32729042,21.97865123,17.03608778,16.98351326,20.49437984,18.94420973,23.04310032,16.45179065,21.19829864,16.17990304,22.37996842,18.41071267,0,16.68193701,17.42576719,15.69821559,18.8207345,19.34704209,20.84173946,21.19253779,18.56678118,15.86910874,20.91967588,18.72936187,21.4630835,19.25839453,22.31773226,19.95879395,18.59606159,15.60602049,19.86563385,16.276753,19.14552927,22.97064844,0,17.64090296,0,19.6752563,0,24.25940594,14.54504808,16.28032545,18.49973369,16.36372733,22.96012407,18.09463131,0,21.48976357,22.64375,18.53705862,21.8757192,16.54455204,26.59207616,15.95300413,21.67134988,16.63715712,20.09159092,16.92136262,16.02473704,0,18.80760901,16.73627815,17.30551768,19.40381386,15.86326522,15.02228111,16.35404182,17.92897517,16.88756573,17.21652046,16.16994666,16.65974955,19.75337786,16.92426801,16.99473219,0,16.68275904,0,16.72470855,14.92303843,16.94987126,17.10605804,19.59021915,15.23384762,15.57202414,0,17.00938234,16.61687753,21.03461638,20.8178463,15.62713738,18.43465014,17.64150858,8.227945493,20.60755469,21.24883969,19.25544093,20.92397164,17.67774829,13.57096172,16.6355204,20.3798206,17.83211606,14.90091397,17.70245651,17.0617482,17.86583888,14.99032648,17.65706841,0,16.28506724,20.62479497,18.08667191,15.91484665,17.6676157,20.38300207,19.50055759,19.75656935,18.69308193,18.3859105,19.8023507,20.26988538,15.58119406,16.34045478,16.10063987,18.04033002,18.500338,18.99231509,0,14.83987858,17.08437974,25.88573286,26.48450348,25.97982793,21.75823501,17.80261401,15.81979619,17.6404642,16.4187621,19.40885103,22.94515572,20.67259355,20.95432302,18.37982783,18.94173642,11.91233586,18.62178466,18.03397426,16.18806782,21.99879263,21.0291997,0,20.37920383,21.37661658,19.40177909,19.85362652,20.84702006,19.976971,17.68819484,17.69946195,13.54998143,17.25764393,14.86535914,17.37027083,19.07318269,18.67821632,18.33982569,19.83791761,19.40907027,22.02183071,18.90720754,19.09957909,19.68917669,18.17175406,17.57517785,17.50809938,18.01291921,21.3802136,17.50920527,19.49354556,19.59143141,19.64495552,16.75785621,24.08773587,24.16600099,0,16.75906549,17.79724539,19.48025467,18.66072081,19.47526131,21.76475407,19.63049899,0,15.94166829,22.3661168,19.07702204,19.77879503,18.55564404,18.20602915,0,21.5945438,0,16.28896658,18.85743199,19.31394025,17.09747724,18.80323312,21.79506729,20.44279758,21.06939551,0,19.31951317,20.4199358,20.24440295,25.66445587,16.93036562,15.17436056,0,18.97303604,11.69418035,18.59149276,17.51676796,17.37326301,24.70849158,18.46515972,19.93301551,17.75371394,16.70673746,17.60634851,23.98188337,22.87982286,21.46714501,17.27882289,18.3237718,16.12402006,17.6695767,18.59776675,19.87517018
TP15L17,95.29409662,19.86472977,18.17307268,20.43751553,20.00032364,20.51410663,18.9603321,16.7243196,16.36712592,20.16290939,19.10520488,13.78196399,15.94107054,20.18869368,0,0,25.79612004,19.21589411,19.61196623,18.43509159,13.33222088,17.62839307,19.56932395,21.10067926,19.57905192,23.54428857,19.68557747,19.20109738,23.8453262,17.9240025,16.19844766,21.21725187,0,20.1086609,16.16427553,26.81836105,17.86048922,17.54232453,0,21.64323246,25.95384843,20.46709198,20.65375187,23.28386283,16.65485975,19.06290208,21.92164144,19.07551216,23.68137919,22.42897354,24.6070535,0,20.27010594,20.16295914,21.59468744,0,20.07569005,22.56211758,17.2782564,16.70409672,20.74167705,19.86687995,23.15579333,22.34776549,22.54199169,17.24673137,24.35748293,19.82101367,0,16.76072889,17.3084625,17.48821456,20.16689411,17.77903625,22.57534572,22.36724617,20.25982995,18.17325298,21.40705165,19.40830811,21.94831105,19.99614772,18.73339831,19.91511802,20.33446393,16.68802022,20.5368668,16.84592237,19.90733115,22.70376332,23.16844632,17.73755394,0,20.27597215,0,24.19460711,14.52899106,16.54793228,17.68461335,19.06035737,22.60058848,12.49877227,0,21.37589048,22.21395381,19.92219009,22.44013395,17.03024856,27.0383959,17.19928747,20.51942224,18.09239731,18.29148155,16.88682228,16.85983138,0,19.06180449,16.47291717,17.53048213,21.24545911,16.34178647,17.55973284,16.74233051,19.96815175,16.7379146,18.12943949,16.63971026,16.77250967,19.14482648,18.2144168,16.77660964,0,18.21863711,0,16.63949511,15.43843186,14.86705844,17.15979571,19.0476969,14.11485808,14.91932717,0,17.68420881,15.30876414,20.56516919,20.58600662,16.04676291,21.46035445,17.51192664,18.09971829,18.42417859,21.14960947,19.94172813,19.90733201,18.12707758,14.67170356,16.23426932,20.45269776,18.03624639,14.4922141,17.81123651,18.04720133,18.29245825,15.01156732,17.89668163,0,16.32416258,19.06290208,18.79159364,15.80660776,18.24998682,18.13534596,19.91303903,19.21237065,20.00186721,19.96620002,21.26701295,21.08285987,16.54489299,15.83688704,16.9833621,19.57438578,20.60233042,19.69593242,16.91811659,17.23251636,19.23293388,25.07546075,25.69700061,25.65466703,19.7952297,17.13556944,16.33156132,18.44884096,16.0593785,18.90645746,23.19385054,18.60926637,20.59050142,18.68617118,19.19395299,0,19.04309166,17.76516348,17.54417891,21.66464218,20.84095537,0,20.20074777,21.03959792,19.07098884,19.3450263,20.83497175,21.03191602,18.32550491,18.85853495,12.4384028,18.93569209,16.31420069,17.99905846,19.79489778,18.57263534,18.26346286,19.76174663,19.6091234,22.41114184,19.12278641,18.82556998,20.17449635,18.31055116,18.04153617,18.12969671,17.33312408,21.33907854,17.54316797,0,19.95219917,19.99417427,17.57613627,23.23911488,23.23911488,0,16.92534421,17.33453987,19.07561647,19.64558495,19.80524623,22.89443601,20.78526335,0,18.07113422,23.12428925,19.34304523,20.1920648,17.80964509,20.77261473,0,22.32175708,0,18.81681395,19.450545,18.64281511,17.11575576,18.66291504,21.14305007,20.82650642,21.75823214,12.93283209,20.69350708,20.82390654,18.46751687,25.00606439,18.18706305,14.76795739,0,20.28533043,0,18.50434912,17.45408532,17.71000021,23.16982529,20.83099224,20.61420184,17.88944063,17.48904847,14.48626939,25.27921066,21.46554058,18.57693275,19.87023701,0,16.95078894,17.82331714,18.29805056,19.70207202
TP13L21,95.45690201,19.07067586,18.29664886,18.7076686,21.02447139,20.21234596,18.93435388,15.87965777,16.18991754,18.67000468,16.77243539,0,16.11320158,17.38923987,0,0,24.97868731,0,18.20569992,17.90215466,12.25030831,17.44227258,18.32658709,20.92557928,19.38013904,22.21506456,17.69379291,19.19175898,23.895209,18.19827631,15.53568343,22.52409036,0,19.26030366,18.47874986,26.81635095,17.69294371,17.56563498,0,22.26369229,25.56170421,20.99214836,21.44759467,23.17432127,19.2112831,18.16660107,19.49969074,18.49470858,23.70841545,22.44774395,24.94907119,0,20.08248729,18.30055042,21.77904257,0,20.00199049,21.62903456,17.37225038,16.29959775,21.37474154,20.39825616,22.21420831,20.44578227,20.64281755,16.56125309,22.78725204,18.75099243,0,17.13202121,17.74764077,16.6778594,21.23812969,17.78864431,21.54411068,21.49925033,18.98910336,20.08254645,22.33874987,19.52196653,21.98364788,21.87581386,21.52832406,19.73792196,19.20438805,16.30880815,20.46556669,16.66234302,19.49123574,22.84894629,23.09575723,16.88130657,0,19.03722341,0,23.69980514,14.1996976,16.14957266,17.51061101,18.38413416,22.56639253,17.57132322,0,19.76863289,21.92698936,18.84779066,21.70458969,16.45322845,26.73908876,16.78680232,22.43204533,16.72010581,19.45438566,17.0813928,16.03611799,0,19.07164828,16.6652386,16.99167982,19.94055661,15.94334222,15.46687306,16.354037,19.31722334,16.74024192,17.51402724,16.66958939,16.67096277,19.31788588,17.11695816,16.62112616,0,16.64864949,0,16.2787859,16.18920962,14.87893882,17.07994126,18.07586043,15.40562132,16.08550582,0,17.30768881,15.14192949,19.18441871,19.2548796,14.67966033,19.62774522,18.19397843,13.29731983,20.91476052,21.40219027,19.5972827,20.46370903,17.49833079,13.85375204,16.42807529,20.39422336,17.91233979,13.78562821,17.13480053,17.10698998,17.85351966,14.91951873,17.95404733,0,15.98375512,18.16660107,18.25036361,14.28546521,18.49849919,17.48452063,19.34360947,19.46458164,18.93636567,18.82010117,19.4414245,20.53532297,15.89478368,16.63012908,16.90165062,19.69790155,20.09945184,19.38184693,0,19.04664497,14.65927941,25.03474134,25.62797978,25.05325811,20.95313362,16.93618201,17.56772495,17.27145982,17.18872495,18.79045093,23.14292475,19.26694007,20.83759162,17.42849046,18.71357358,13.85894968,17.42958838,17.88599293,17.6681904,21.55823961,20.90711427,19.93147751,19.28387512,20.72065801,18.46015101,19.60249908,21.04349369,20.8265424,18.44921344,19.17734046,12.22412899,19.27618984,16.97665065,17.28310057,19.34837522,19.88499176,19.45492341,19.31334842,19.76950822,22.24635889,18.60779176,18.74142521,20.31798245,18.11173251,16.90433247,16.06075143,17.77846427,21.6046706,17.56329621,19.63195863,19.92445209,18.90738877,18.67510783,23.60709768,23.60709768,18.15725783,17.63545631,18.34906733,19.3828022,19.37103191,19.47104133,22.0842637,20.74476537,0,0,22.87047489,19.18052333,20.61192631,17.71406605,19.71734684,0,19.01583432,20.12195861,0,19.25997373,19.43854617,17.77142594,19.20513498,21.83790751,20.93997066,21.07047331,0,20.41867238,20.72829792,19.3696521,25.34285516,18.4449515,15.47971238,0,19.88882943,12.53343899,19.31527431,17.77319779,18.05831459,22.70586854,20.04064151,18.82602955,19.2439255,17.16858811,13.76602178,25.21351769,22.19826533,23.0002436,18.52621287,19.04625481,16.71681368,17.66926223,18.1375838,19.60555601
TP17L15,95.461513,18.77474727,19.34569495,19.15284915,21.5268722,21.14658257,19.56955771,16.36687941,16.58264619,19.54211162,19.81101515,0,17.71694105,18.08517348,18.10156843,0,26.06542029,0,18.4682803,18.75405833,0,18.40509102,17.95807734,21.06443959,19.86108196,21.81483304,18.66492175,19.40440974,24.53184696,17.29263642,16.08210245,23.05871354,0,21.05447103,19.2783395,27.5200313,17.61531445,17.67473979,0,22.89805644,25.85314562,21.10067291,24.11033865,23.91636637,21.72618085,19.09238552,20.16907045,18.81517906,24.73870809,23.03112933,25.78584632,20.25815307,21.47253467,18.80394092,21.7833884,0,18.53810109,21.37859814,17.93340975,16.99875222,21.67586427,20.91541531,22.53154671,18.72793994,21.54281657,16.89262583,23.49122254,19.34771685,16.00111695,16.22505815,16.32886481,17.2849189,20.504723,20.05987096,21.77225004,21.83211468,19.01937797,18.61241318,21.2962228,18.59562036,22.1813072,20.00439331,22.53641759,20.29844881,19.36960862,16.76425431,20.91752043,17.26435313,20.52379691,23.48499353,23.28129802,17.54037474,0,19.73608144,0,24.07562398,14.87484795,16.99706063,18.18866374,18.5009807,23.98816241,0,0,20.66360632,22.78491941,20.47437817,21.38250044,17.8021518,27.14664309,16.88282921,23.48998074,17.92657121,22.72637964,17.56716191,15.75060121,0,20.03088393,16.61377861,17.8856554,20.31745426,16.05643567,16.29707747,17.54210785,19.31315562,17.2583728,18.10887651,15.91876365,17.61823397,18.01296184,18.2116377,17.70354544,0,17.93985619,17.65637551,17.50218078,17.01145428,15.18947489,18.35595708,18.2506293,16.15095101,18.12969053,0,17.66562091,17.39582031,20.29008912,20.32421088,16.16395824,18.82517896,18.49245682,0,21.26293922,21.72040703,20.14348948,21.2576016,18.12020471,12.88886881,16.83338532,21.42538883,19.09745186,17.11414901,18.44167344,18.04241175,18.74086745,15.25790328,19.45882992,0,17.35070994,20.42991398,19.38537338,15.11005334,19.20842173,18.20088264,20.41870003,20.78912764,19.49237546,21.24323056,22.58044099,20.94051909,16.65490219,17.58312891,17.35569731,20.51901229,20.43616964,20.56320924,0,19.65740302,17.22408602,25.94268157,26.57129534,25.97077782,24.59184759,18.22047311,17.88778304,18.67770451,17.60934662,20.08004723,24.28259997,21.47236674,21.90573437,19.8913645,21.09023365,11.96775386,19.27986552,19.95931828,18.35987983,22.20519491,21.44710947,0,20.1177661,21.50959979,19.16836302,20.44761602,21.60607223,20.80124018,18.27692433,19.92317496,16.96533999,19.12355095,17.43338704,17.82350734,19.68434812,19.53516687,18.41106541,20.49627468,20.33440004,23.35120705,19.0210475,19.62065692,20.86610464,18.9787733,17.40776974,18.33813041,19.0770806,22.46488645,18.50502944,20.50106076,20.95539317,21.02525225,18.50063005,24.1806419,24.37793609,0,17.76623716,18.65576196,19.98499254,19.8110475,20.28706222,22.91535067,21.00720526,0,16.84876967,22.95910693,19.11970383,21.99500739,18.70459835,19.35676615,0,19.36705827,20.69669085,16.54250468,19.91239549,20.35873892,18.01715926,19.62473702,22.41270315,21.94041223,21.514947,0,20.44936915,20.82523978,19.55506001,26.20063517,17.71395701,15.55799146,0,19.83661147,12.15763449,19.72765251,18.15020374,17.49420672,23.15605576,19.67168163,18.39435915,19.55462097,16.86676207,17.7832142,25.32899875,22.78465324,22.86374867,19.01260323,19.89823945,17.66067926,18.90629788,18.425468,20.49073599
TP13L16,95.51783228,19.51371508,18.39758355,19.28339653,19.36281823,21.12258359,19.86543059,18.3214349,15.26595781,21.68990875,17.48128702,0,18.48464827,24.93159658,0,17.59390808,25.55489714,20.58917008,18.41781261,19.14394739,18.69290502,17.31070234,23.11654522,21.6315132,19.63699226,22.43207309,19.76669843,19.6178699,24.74454893,19.27852905,16.93594809,21.00524585,0,20.58124804,18.37779093,27.29205816,16.79928231,18.87566537,0,22.2461618,26.6454636,18.69788422,21.87251281,23.271562,21.10956989,19.46240442,21.45290911,19.34750626,24.33052352,23.16930163,23.3732088,19.12790817,21.17402926,19.7150334,21.85767276,0,20.40952913,23.50244116,18.28485864,17.67469995,21.10740249,19.8461409,23.40492985,25.80701548,23.43995658,20.91615184,23.06264077,20.76886411,0,21.02115103,21.72868857,20.65452446,24.38529202,20.53543182,22.58956079,23.25031372,20.4929186,21.30658348,24.46130888,22.45371534,22.953427,20.77731537,21.5953862,19.68257472,19.59035065,17.523589,20.66376857,17.17895758,19.80122458,24.01803686,22.8670623,17.66425226,0,17.96930847,0,25.47760124,15.30186715,16.31398817,19.64668842,16.73853434,23.69700378,17.72244456,0,21.16450374,22.43328506,18.70563302,23.71360381,16.84912634,26.32531795,17.81153194,21.58733729,18.04670917,19.88331369,16.32878684,15.25992664,0,19.61937998,19.04417371,16.94327382,19.1415893,14.26494489,16.27550618,16.94947338,19.11561727,17.90818672,18.99760787,17.46718786,17.17091139,18.88577784,17.67443367,16.05982038,0,18.05353209,0,17.39886709,14.58496172,16.38450188,18.70636884,20.12976408,16.03872923,17.60419664,0,19.22724349,15.64798222,20.96573907,21.03069779,16.08617505,24.8721003,18.68825207,0,21.66134827,22.24061445,20.18423634,22.46917228,19.19065188,18.78893945,18.01387369,20.8880892,19.03488419,16.48570355,19.43258181,20.0345295,18.31646123,15.60057017,18.68142935,0,15.91579769,21.76004763,21.74941529,16.18435333,18.38990424,18.18885846,19.96328102,19.86954866,20.53522094,19.50264537,21.09266941,20.66749557,17.61125713,16.46724809,17.89338375,18.96015868,19.08045843,20.29121555,18.87150092,16.47700303,21.83629815,25.70550027,26.36580703,25.5883939,22.4056336,18.04067783,17.06792653,18.22569516,17.51706608,20.37597714,23.04019608,21.15858477,21.66641002,18.69432103,19.21966296,14.8140947,18.84042912,18.29174784,17.76286687,22.19783462,21.51101116,0,20.2603096,20.57890701,21.41430108,20.73752652,21.1494275,19.68872919,17.66396378,18.22265151,15.68960403,19.76521153,17.92137036,18.57936165,20.64488153,18.61086595,19.10370799,20.38421843,19.46018189,22.63903319,19.84666736,19.86909593,20.32359561,18.71722626,17.84343728,18.52935661,17.92070508,21.4191212,18.17379593,19.35752457,19.66735,18.96492179,16.92749171,24.35462471,24.41337124,0,18.27361653,17.15313656,19.4495469,17.49043537,19.30791037,22.72458605,20.70174452,0,16.85500294,23.6749268,19.19639664,20.19626245,19.60415797,19.63887337,0,19.41560011,0,19.03839017,20.19376579,19.40618223,17.0111884,19.18926018,21.92317217,20.5621841,21.49606245,15.47185692,19.4695784,20.86811498,20.95204132,23.78004585,18.71184522,0,18.46587487,0,13.97070351,19.476081,17.48991778,17.69528753,21.874142,20.51263,20.0936593,17.27369288,18.26097886,12.99049692,20.85149037,20.56612864,19.26474543,18.4721479,0,17.05579323,16.98734712,19.67699701,23.73935767
TP13L3,95.59096686,19.33394823,18.20922054,18.86494458,21.45703571,20.68588978,19.32823172,15.0545261,16.69397806,20.37736599,16.55468757,0,16.92705003,23.6997706,0,18.06700052,25.41819473,0,19.21442397,18.46584781,18.12278049,17.35370569,22.41309286,20.57463655,19.66893465,21.76879403,19.30783649,18.83189639,23.98628069,18.62530767,15.91231028,22.82326851,0,20.6937102,18.59506209,28.00434185,18.03411426,17.78021294,14.63060748,21.53545707,25.89313159,19.87981506,21.58595715,25.23068231,20.43374038,18.69990113,20.28918725,17.84735693,24.63240605,22.47544461,25.11795406,18.19910146,20.86739979,18.34289467,21.87776964,0,20.30385881,23.0069383,17.56749689,20.27945993,20.13917113,19.48219655,22.68443017,24.336744,23.15365198,17.1766138,23.45434852,19.89611179,0,19.13235504,19.14768948,19.13483737,22.62373189,18.48352191,21.80452127,23.13515321,19.93680871,19.97611987,23.08339288,20.43785041,22.04728394,22.98907822,20.67464359,19.98168128,19.96382114,15.9502475,20.48902802,17.03579786,19.47505859,23.67956695,23.33961117,17.32562881,0,18.46588619,0,25.37435479,15.22651649,16.16262947,18.44798461,17.98082949,23.2772093,18.66735632,0,20.27809251,25.03211536,18.59972511,23.0806637,16.35975578,26.50444931,17.14565072,22.63807669,17.18792379,20.03850868,17.12255504,13.48144767,0,19.26706228,18.05252757,17.04292999,19.53133919,14.31216835,15.64439147,16.45379897,17.4127819,17.05576163,17.82279817,15.63816345,16.90854805,19.94145376,17.09233439,16.71253212,15.75256014,17.2246027,0,16.62321499,17.50137065,16.08820518,17.42636097,19.4955817,15.2722179,17.01571427,0,17.93418978,14.35224702,20.71589375,20.80684016,14.46640604,23.8246116,18.22558025,18.18932898,21.12983577,21.7356515,19.11192332,21.49544525,18.41489189,17.64494753,17.89873816,20.44057182,18.64496907,15.06717604,18.6481565,18.92079079,17.21894811,14.9788861,18.06072567,0,18.59990793,18.69990113,19.20459425,14.58226486,18.54118699,20.56141611,19.82316662,19.9641304,19.92801004,18.86065504,20.06341615,20.2282902,15.91766696,17.00279493,16.92916593,18.79604938,18.99910266,19.57538161,18.5552386,19.51243601,0,26.29756783,26.55465555,26.96117515,22.71925125,18.5312178,17.95503688,17.14279723,17.39901288,20.01899717,23.08423241,20.19353582,21.27580494,18.27345978,19.68777001,14.58691011,19.42593842,18.93355154,17.60587614,21.74160996,20.99154247,0,19.72357763,21.0944454,18.94481742,20.08333127,20.86706331,20.23455048,17.95485024,18.24975255,13.55915557,18.28354479,16.70645881,17.82964669,19.81360006,18.23896701,18.37273469,19.94647903,19.17629004,22.23242724,18.92096612,19.14325818,19.65721852,18.28585866,17.42519487,17.84028592,21.16507076,21.26553103,17.35572751,0,19.12572987,19.91564394,17.90451578,23.95533217,23.92273429,17.50392484,17.79680618,17.99034921,18.20150439,18.10875649,19.54601443,21.79551917,19.59221617,0,0,22.77313397,18.39389432,19.30208182,18.95096009,16.20940189,0,18.83416688,20.02300414,18.17810555,19.42544057,18.75261934,17.17446392,18.56759181,21.4308852,20.23509534,21.18495275,0,19.08251646,20.15340952,20.05601725,25.51571402,18.47156908,13.98212585,0,18.08388944,9.333449576,19.16320352,17.17606619,16.89064007,22.45973966,19.90102688,19.83196819,18.66735632,17.70821496,13.62958695,22.89737415,21.86750779,20.39800792,17.99090146,19.65476454,16.58519535,17.46938012,19.82061256,22.09310998
TP13L22,95.81501888,18.69392409,16.26118535,18.72758988,20.61995177,20.29034292,18.54788417,16.68478157,20.30210281,20.18444148,18.18894025,0,15.53218731,23.18306125,0,0,25.52967795,0,18.89556695,18.12918422,16.1228071,16.72382127,20.99414439,19.26374753,19.32354056,21.57226314,18.77231622,17.26126607,23.88889378,18.36843012,15.26978658,22.13578579,0,19.86364201,17.7921833,27.55383397,17.46348292,17.84284137,0,21.48126167,26.20255932,19.27921921,21.19298822,22.31670119,19.84323949,18.30113891,20.04767465,16.51576267,24.12077041,21.5548451,24.56512577,0,20.4544973,17.95750793,21.57500259,0,19.71373587,22.10730438,16.38238194,18.61239452,20.74953599,19.63141463,22.1108035,24.2584618,21.99920962,16.54385708,22.54647832,19.85411749,0,19.51994012,19.87459722,18.57412263,22.70421101,18.52342233,21.50483324,22.30421678,19.60534164,20.51802528,23.09103605,21.24955422,22.52609107,19.7322873,22.45078672,19.71021749,19.35531757,14.61277443,18.71950495,17.74541935,19.15092897,23.28283502,21.54831072,16.22632772,0,18.89984339,15.75198621,24.62709443,14.24125892,15.54843102,18.36511438,17.11135424,22.42193689,17.37890177,0,19.93459584,22.06193556,17.49906265,22.7415468,14.69694047,26.38300528,16.36835271,21.12975327,16.03209662,19.60770463,15.2791656,14.12931227,0,18.12237304,17.10644193,16.56791315,17.90070013,14.49613851,15.29895753,16.48471278,18.73951181,16.8584202,18.37003214,16.87133785,15.21782285,19.65996823,16.71573414,14.17175049,0,16.06995559,0,16.22484745,15.72315985,14.03628069,17.16169361,17.89191755,13.1354172,14.327634,0,17.87757681,13.76268648,19.4548865,19.49914831,12.76593376,22.54574312,18.55879934,17.03583112,20.95171799,21.58746113,17.4020132,21.30000891,18.00146086,16.09725949,17.62791197,20.10967464,18.44542596,15.53930714,17.56042484,18.10944154,15.09671656,14.30163354,17.58267489,0,18.49406628,19.17516698,19.11916996,14.49817415,17.79738651,20.43326527,19.66001086,19.40126704,19.68168922,18.69773604,19.6799903,19.85378711,15.0068956,15.48861463,15.67661911,19.24727842,18.11876787,19.53153639,13.02580632,17.87847025,20.39590055,25.48228147,26.09173513,25.1838759,22.16775256,18.06750628,17.27241307,16.06016044,16.06759127,19.44252474,22.3808143,20.30652779,21.16428028,17.21558717,19.15868682,13.64215513,18.48200273,18.40662934,17.58290052,21.44734958,20.6151388,0,19.81595705,20.97811364,18.93124562,19.75228265,20.46382338,19.38464592,17.58032441,19.38464592,13.17326532,18.74614021,16.77005402,17.69872998,20.17142425,18.02972522,17.24207971,19.82483557,18.91964315,22.07822824,19.30991972,18.95772133,19.69287666,17.85077416,17.63291002,15.30729275,20.04114901,21.03035255,16.95078997,0,18.57670092,18.65747219,16.32142829,23.66597461,23.69087571,0,18.01685305,17.20137037,18.40385793,17.73675206,18.97865596,21.50231084,19.56804841,0,0,22.78653503,19.18678815,19.61977352,19.09299672,19.14397584,0,18.98163353,0,18.21813386,20.5409675,17.78582987,17.04317478,18.91965964,21.69872406,19.98634646,21.2152261,14.24026957,18.93683199,20.43253889,20.52800058,24.96691013,17.65007141,0,0,17.67335744,12.51597187,18.39895774,16.9547436,17.39600863,22.35465232,20.45648559,20.26806341,17.37890177,18.10925497,13.94237325,23.41242632,22.30378457,19.09405128,18.75783495,18.79934933,15.8393426,16.47077583,19.24602241,22.66529812
TP15L12,96.23548842,18.68918647,18.75401266,18.76843381,18.88399974,19.82475744,18.13471145,15.48590507,15.78881219,20.00189489,16.08162629,0,16.71031171,20.41897897,0,0,25.18717338,19.62157539,17.49758006,18.08284036,14.63981722,17.44739084,18.94345902,20.46295119,20.47572835,21.75802168,18.11427646,18.4654894,23.87277091,15.1024876,16.07861578,18.58048931,0,20.17606766,18.31918121,26.73591557,16.95723887,16.28508998,0,20.92484968,25.76810074,20.17845883,21.62352271,22.78538138,18.7916633,17.98811427,21.85188606,18.56686891,23.57505479,22.05268934,24.71262771,16.43231422,20.02752135,20.3499892,21.80942839,0,21.17485384,21.96401937,17.05165118,16.46076597,19.31475691,19.13209216,23.16136293,20.99452253,20.96049844,16.43523099,23.13593924,18.97225167,15.31041615,15.61873945,16.72457918,15.80480532,18.88123661,19.48539453,21.19076043,21.57615755,19.12330073,0,20.16825056,18.3988254,21.59102426,19.20021347,20.3168601,19.39022378,19.70276746,15.81090401,20.02472819,16.0998922,19.47917533,22.63175768,7.566009979,18.02575703,0,20.26858548,0,25.82125828,14.99049589,16.74846097,18.61626799,17.41774982,21.75800747,17.77193652,0,21.35970836,21.71511689,18.47507324,21.89879565,16.68584356,26.41267807,16.0975525,21.16311272,17.03102874,20.39962086,16.28943404,15.99386094,0,19.20535619,16.45354835,17.48437387,19.89780467,15.88035987,15.25310882,16.22567373,17.57811261,16.24718581,16.94854995,16.26064989,17.02715573,20.05500264,17.92857064,16.97626019,0,17.05935054,16.02997802,16.23931799,14.86833716,17.15277542,16.1639129,19.51004991,13.57987791,15.8666689,0,16.00922094,15.0650826,20.91825884,20.86429255,16.06411066,20.13768349,17.54782335,14.95543106,20.29492085,20.63377792,19.48116521,19.79598442,16.5080549,15.2237786,17.12438991,20.63167964,17.05474069,15.1114194,18.17182904,17.50929502,17.99765763,15.36084652,17.01874047,0,16.57376567,17.98811427,18.49712369,15.83863742,17.88103693,17.45585948,19.43547018,19.13924849,19.32648874,19.78385135,21.16768275,20.47444479,15.64143716,17.74210398,15.63129643,17.85442037,18.74083812,18.78667342,0,17.86071836,14.83761541,24.91951332,25.51173036,25.54263221,17.86833251,16.73406117,16.62745168,17.26017843,16.22460193,19.17795068,22.86389503,20.00060082,20.5900148,19.02350161,18.14118119,0,18.28031745,16.71577521,22.22119169,21.84696894,21.08901612,0,20.75091957,21.47802101,19.55863158,19.39830151,20.63260641,20.49239987,18.48822577,18.13393147,14.07928948,17.77576398,14.42845788,16.76467217,18.98138501,18.61349952,18.31990065,19.77808481,19.42795574,21.66964917,18.46495749,18.734847,19.70152083,18.29832607,16.69027553,16.95687703,17.53829454,20.97039536,17.22665083,0,19.14816676,19.16969057,16.41327048,23.28408829,23.28408829,0,17.10513507,17.11674929,19.72441257,18.93054662,18.55966479,20.47710097,19.0058411,0,0,21.52413072,18.76543529,18.90869741,18.59829529,17.19790609,0,21.78907018,0,15.56096628,18.22191905,18.71862133,17.32913731,18.54315005,21.40087584,19.35429066,21.29217906,14.20869231,19.0202852,19.80642101,19.36439931,25.10915564,0,14.91826509,0,19.93825926,0,18.20757222,17.1449743,17.50158295,23.37723219,19.80837148,20.48013794,17.1973947,17.25050299,14.56628248,23.14373411,21.53557468,18.70162843,15.53813345,17.53358883,16.60313115,17.49171421,17.59555079,19.9789331
TP13L12,96.34108163,18.67113945,17.99411659,19.07195773,21.53098586,19.62319006,18.73018013,17.69710643,16.75952541,18.5653195,16.28317583,0,15.32061321,21.75734347,17.79878037,0,24.93944675,0,18.73420732,18.01207106,16.08565599,17.0486087,20.24420615,20.84546569,20.16120339,22.02553247,19.98733959,19.01586366,23.33450198,17.16404469,15.58536728,22.51539513,0,20.41479253,17.25666832,25.72093008,17.91456382,16.75373907,0,20.81691512,25.96103538,19.9387541,21.2395452,21.9607136,18.6807413,18.30025424,19.8743822,18.41472887,21.00940433,22.13119903,24.2548954,0,19.9583938,16.88045136,21.37350194,0,21.18488954,21.84522024,17.01460022,16.13913602,19.41740982,19.94069097,22.97255512,21.98106841,21.64519478,16.3781534,23.38190665,19.42404935,0,14.90932982,13.16458524,16.42937622,18.84345231,19.70660119,21.56759677,22.00341681,19.42742124,16.35638069,19.80482841,17.86630739,21.83514694,19.3825646,19.65708717,19.32221878,20.12271852,15.36362249,20.23335396,16.47734758,19.29474606,22.06928078,22.70799404,17.06681242,0,19.23184909,15.94208676,25.73266209,14.69610458,16.71777304,18.06214193,19.13204071,21.82434875,16.14364203,0,19.70493486,21.19437754,18.11463536,21.8528729,15.90584492,26.18952252,16.46142078,21.4135381,16.8785985,19.40187257,15.85130984,13.35399662,0,19.04479335,16.88863585,17.14371426,20.15749184,15.72612365,16.06548148,15.80613867,17.64686218,16.9253574,16.00413991,16.13122811,16.05953597,20.05893216,17.15682375,16.64364286,0,16.93704578,0,15.93248061,16.67068307,14.44727956,16.97387216,19.40622553,14.51417625,15.68950186,0,16.93230918,13.57521659,20.63408886,20.74735484,14.64547269,21.56536934,17.64291997,0,17.92594609,20.74865727,19.53757861,19.49066637,17.70504433,16.33969918,17.67600094,20.34218825,17.43214573,14.32264091,18.64008569,18.43928614,17.5675258,14.8452587,17.13652407,0,15.89245141,18.30025424,18.91766329,13.2639792,17.84591096,17.37960586,19.17631691,18.74092825,19.3171476,19.54753674,20.83877845,19.90224293,15.22875867,16.71545145,16.81531755,18.54369986,18.85120307,18.9824604,0,19.05144912,13.48922246,22.71163732,20.32415197,23.77527309,21.23287862,17.1570653,17.30606214,17.33292614,16.39526353,18.27265399,22.59515838,17.9197762,20.41580929,18.05758308,19.65347005,10.66966042,18.8460972,16.74102097,17.71669776,21.34469741,20.65030541,17.89968709,19.43731929,20.44122164,18.93835896,19.2173632,20.30910121,20.02796742,18.01941013,19.85237179,14.35993987,16.89205527,14.25500773,17.1272267,19.25041094,17.95413139,17.26129969,19.55981374,19.25429218,21.46154164,18.22776198,18.04954744,19.34864309,18.07172543,17.59908809,15.63907767,17.00587444,20.52701476,16.81647983,0,18.64447592,17.53245405,16.77015415,22.52410083,22.53072376,0,17.69285398,17.11209311,18.85657418,18.38488322,18.65042,20.25769025,18.77341307,0,16.30734034,21.67007706,18.27081449,18.39521394,18.62327446,19.97621318,0,18.9086036,19.99725009,17.18325197,18.39518212,18.13356882,16.80155946,18.19038997,20.63573106,17.83731996,20.79933517,14.16558157,0,19.24878833,18.97539967,24.65646351,15.93952565,14.51223341,0,19.5304315,10.76503804,17.66150328,16.50261051,16.84929244,22.59524075,19.50641462,20.20275461,16.15720946,17.05698266,12.06334631,22.61606931,20.73384056,18.22585258,14.77344152,16.9283129,16.2135979,17.48846822,20.76522748,19.44694355
TP13L2,96.53661856,19.19833732,18.40791139,19.49631932,21.29446936,20.55250097,19.37774432,16.52093152,20.72816882,19.45838995,17.2458798,0,15.70532726,20.09902813,0,0,25.20652045,0,19.36822594,14.1495767,14.12828164,17.39076572,19.81586877,20.70174889,16.71675475,22.69239533,18.18210996,19.1808288,24.34441398,19.73803935,16.93291219,22.57801935,0,20.00999947,17.49033935,24.77938503,18.90290208,16.93152836,0,21.64322508,25.41909933,20.66347713,21.6465777,22.49731336,19.05562331,18.03410992,20.58529527,18.48926431,21.30462266,22.16441781,24.9837368,0,20.4014497,17.80183054,21.45528622,0,20.94767534,22.42921512,17.17878569,16.26430004,20.04585923,20.05739157,24.39548164,21.59037259,22.6162424,17.05586843,23.94557886,19.58248413,0,18.62117254,20.08340536,17.27526968,20.04744008,17.41705759,22.10841517,22.91299373,19.73907861,18.29010952,21.35253029,21.38164224,21.45021996,20.71851782,20.06059376,19.66707865,20.39340741,16.70409678,20.59914494,15.94909605,19.93204614,22.22464266,0,17.31484271,0,16.12964526,0,25.23790622,16.12531154,16.36108261,19.56547233,19.37112139,22.62470782,18.2408034,0,19.89728058,21.4457075,19.66619429,22.22683704,16.31484306,26.74171535,17.09150271,21.77387127,17.26287289,19.97373111,16.67184927,14.92710508,0,19.27254716,0,16.89793359,20.90506429,14.08006049,17.36367132,16.12835854,18.20866861,17.52136204,16.88413192,15.72979841,16.39069045,18.7537851,17.9225031,17.14235975,16.60391414,17.25574615,0,16.27895259,16.30714283,14.81155413,17.54528664,18.70083169,15.11129905,16.92485889,0,17.7368763,16.1315919,20.65928628,20.80116536,14.95438274,21.03167931,17.98548842,17.09307876,18.28029138,21.32690204,19.33096609,19.90813211,17.70794155,14.7423966,17.64703801,20.63752583,18.01917373,13.80001737,18.3021763,19.15317774,17.6289073,15.3877214,18.39950362,0,17.25917436,18.03410992,18.72652366,14.20329785,18.6182367,17.72983314,19.5634134,19.44685588,17.57068881,20.0496011,21.38335308,20.71091694,16.22752325,16.31611158,16.79810873,19.80901006,20.37232095,19.51520432,0,19.18472825,18.2226921,23.01278992,20.78209999,22.82099753,22.66873912,18.34364551,17.90216277,17.81568678,16.71885068,18.67909552,23.49894948,18.68939152,20.89030465,19.1595866,21.24102072,14.47302249,18.42199608,17.68380472,17.74537742,21.5726908,20.79389699,0,19.04876091,19.18387199,19.99778473,19.25765942,20.73154891,20.29853585,18.42617529,18.90262226,13.38175985,19.18184447,15.72450745,17.51742745,19.45866431,18.52876621,17.93749705,19.90325735,19.75303019,22.47109424,18.89159141,18.87109718,20.0925433,18.47662488,16.87218109,17.04077417,17.97476776,21.46009977,17.62384597,19.62249896,20.10764348,18.92687993,18.81187568,23.48618608,23.41154422,18.29563701,17.52731563,18.4399026,19.20075052,19.72626806,19.45933421,22.06858791,20.65104696,0,16.92633105,22.49408732,19.04868308,19.97323542,17.77238419,19.78914808,0,19.47117065,20.68354095,18.88275687,19.62988943,18.95751254,17.16172116,18.74940084,21.17584002,20.82576765,21.26457464,0,20.08189614,20.31044066,18.80174826,25.3842961,18.82524155,15.57854004,0,20.43503084,11.76798092,19.10130787,17.35808734,17.82865378,23.14443606,19.85819647,19.71104104,18.8101103,17.1511236,16.58381359,25.37829335,21.03890429,19.94414064,14.72122837,18.56923876,16.70558125,17.67760599,20.85381667,20.19170315
TP17L19,96.61684579,18.78837193,18.96632836,19.86185983,21.40583689,20.60976821,19.22573291,16.1475303,18.66177381,19.50445762,16.57820876,0,17.60047328,17.8171687,0,0,25.83744465,0,19.02419925,18.28832539,10.67166436,17.76939925,18.49391128,20.58441299,19.18365277,22.6188826,18.53794417,18.85993776,23.49335375,15.39544475,15.97976745,22.90067961,0,19.55687966,17.48083386,26.34102689,18.49768779,18.07770988,0,21.96417676,25.38803279,21.28214635,22.5503582,23.30266914,18.73293116,16.49859626,19.54518228,18.76684384,23.34450478,22.24827106,25.53731827,0,20.50975731,18.14871928,21.58529988,0,21.0824872,21.00267677,17.07080373,16.79372302,20.57127546,19.48222404,21.69881308,21.18980285,21.06914099,16.69922783,23.85733304,19.15598718,0,16.3592633,15.73078456,16.23127351,19.97739252,17.50572311,22.48485885,21.9301746,19.43845618,17.82571746,21.09012374,18.66572758,21.51547229,19.87252492,21.20860047,20.145734,20.09625154,16.45048919,20.49449634,16.22213126,20.22864703,22.37989633,22.63843763,17.83570406,0,20.06548331,16.29673579,23.91786797,14.77291655,16.20214078,18.38785717,19.31990722,22.48202773,18.72149246,0,20.33052228,22.18667466,19.24433414,21.04744285,17.54600771,27.21731141,16.53733335,21.81279364,16.67995974,20.4793273,17.30275743,18.88014931,0,19.83445253,16.54846419,17.6200331,20.96434452,15.64131982,14.82044952,17.18572813,20.12174342,16.93205323,17.33458479,16.3787132,17.38971311,19.42938362,17.74634773,16.85906289,0,16.6118906,16.80873441,16.50828088,16.41674753,15.06925283,17.53976176,18.58802488,15.59369441,17.56192185,0,16.22451068,15.40547501,19.90856553,20.0381915,15.81729291,20.24503802,17.29651814,0,21.08571335,21.38504381,19.69297056,19.89969158,17.76615981,12.64810433,17.43631528,21.06624147,18.3685438,13.63465434,17.5290304,17.75447715,18.4833773,15.0654527,19.02673686,0,16.76333339,15.53845985,19.0236294,14.52302043,18.74403188,20.95655196,19.96756619,19.7994682,19.5104899,20.74501988,22.08008493,21.62159844,16.74208234,17.16155601,17.1620406,18.80106823,18.41165078,20.14644008,10.61734794,19.73131519,14.64560215,24.81644334,25.25621463,24.41280111,23.06969002,16.36375624,17.54922287,17.90961236,17.04543621,18.86084623,23.67893046,19.85504069,20.86337548,17.2870038,17.97457555,14.08065353,18.19521654,17.91548836,17.50740534,21.79386813,21.1171311,0,20.0092491,21.06621563,18.9665398,19.61030935,21.03961535,20.64427351,18.70883825,19.18701818,13.16268329,20.20556409,16.61961,18.40077424,19.99494339,18.93871178,18.78608173,20.30415926,20.04383603,22.92895848,19.71739812,19.3467881,20.45974197,18.83187567,18.21547138,17.23213656,17.71284753,21.93581321,18.05766073,0,20.52445933,20.61742568,18.53545257,23.93520336,23.84398151,18.21659199,17.75068829,18.05403064,19.66074994,20.29479031,20.11921913,22.62132756,20.66415357,0,0,22.27347371,19.59585046,20.64951803,18.25854184,18.33010959,0,20.1416128,21.49104939,19.00152947,19.24189395,19.56159839,17.52009724,19.24140448,21.59373359,21.48488124,21.78479226,0,21.02516297,21.17695214,18.83875768,25.9314162,19.21176963,15.32409266,0,20.79315175,12.23530624,19.38684426,17.70772182,17.84716534,23.47749748,19.67270162,20.14860667,18.96206286,16.68112917,17.2311013,25.56224817,21.82769767,20.33531317,19.49499571,18.33719119,17.35257661,18.02337656,17.95951027,20.22963929
TP15L22,96.65193297,18.72186196,18.72659317,18.8098905,20.68561306,20.86476841,18.04003709,16.34608377,20.62205193,19.30221804,16.48802921,0,17.10660644,19.88990978,16.6477443,0,25.38901493,18.98378181,17.70992874,18.4210155,14.49935533,17.18028763,20.19216108,20.72645205,19.67612668,21.13709204,17.30579219,18.81262244,24.29604626,17.72406014,16.50864571,22.12519993,0,20.34605023,17.96168305,27.65855874,17.43476497,18.25237901,0,21.65504732,26.36568939,19.64725184,21.98770334,23.0156223,20.15607134,18.83032457,21.31706345,18.73959286,24.67533608,23.02081951,24.73490911,18.64897029,20.81810992,18.06258254,22.02030622,0,20.33414737,22.15196792,17.38402399,18.00450813,20.32631386,19.26444899,23.84113112,21.90132305,21.38194881,18.60935142,22.48143724,18.77388817,0,18.52757182,18.9942801,16.58348465,20.4834314,18.90654178,21.20487348,21.51416223,18.76288447,18.09743021,20.27920899,20.50497179,22.37918088,19.25765424,22.13920499,19.66366425,18.47350871,16.40370564,20.37136986,16.97715394,19.36786467,23.37842707,14.03389308,17.09164784,0,18.89098264,16.36654478,24.81509088,16.50645367,13.393594,18.5228586,17.30936579,22.39454306,18.12318338,0,20.78534188,22.45425851,17.89737535,22.70930993,17.10999025,26.77368848,16.79838114,21.75705404,17.35945522,20.42234557,17.36413196,14.90202196,0,19.24464829,17.2210109,17.4276522,20.11521498,15.8278422,15.26792543,16.51957992,19.11572976,17.77493502,17.80706038,15.13093443,17.09462676,17.82287829,18.359217,16.89281327,0,17.32614406,0,16.77473312,16.22520123,15.00181808,17.35178722,18.86087197,16.14496044,17.55770651,0,16.0431722,13.56954058,20.73907494,20.77778763,15.98548856,21.3100963,18.67500806,0,21.35075687,21.9368189,19.95659068,21.51152756,18.17112493,15.24780719,16.1526318,20.51837286,18.34361434,17.06492166,17.88555085,17.83586427,18.3290611,15.46823244,17.88452386,0,17.24183867,19.92652245,18.88696982,15.46236538,18.61681813,17.70023153,19.67472869,19.83624302,18.61186295,19.19725594,20.93459793,20.17842166,15.41360598,17.19474737,16.87107501,17.79348122,18.44411786,19.75740461,14.43880038,18.50791728,16.61196827,25.9472296,26.56235125,26.05244394,22.77216433,18.07982739,17.5827349,17.40483094,17.13607126,19.30197545,22.85891744,20.87925262,21.25687079,18.27257099,19.65988295,0,18.41469435,17.98726551,17.55913261,21.96305742,21.1319459,0,20.26623409,21.43320134,19.30411664,20.36401632,20.94145754,20.28342401,17.60804893,17.89208835,13.86083314,17.71584047,16.03617431,17.32326297,19.72917506,18.23924705,18.77845149,19.93160651,19.67361334,22.29299323,18.95181915,19.19411446,19.96145326,18.33806008,17.25078104,17.07351911,20.70675288,21.76672635,17.64130891,0,19.90988935,19.90513781,18.5068191,24.05458302,24.22607816,16.22002595,17.91819613,17.95154118,18.87654235,18.39815707,19.40972662,21.2105158,19.80588288,0,0,21.96484545,18.69014411,19.68275504,18.85654231,18.36558555,0,19.67158976,21.04387294,0,18.32990317,18.91967183,16.66584718,18.76567689,21.59596478,19.921469,21.00627513,0,19.40712324,20.25899749,20.03510139,25.13173951,17.40360274,11.91760482,18.57194133,18.37109295,0,18.44714781,17.21517758,16.82550163,22.05357858,19.13790208,19.09976822,18.12318338,17.00803841,15.30322002,22.32450713,21.44835167,18.31998454,0,17.7608709,17.45802953,18.15027007,18.89484185,21.59943477
TP15L19,96.76078482,19.12054879,18.58900643,19.71593055,20.42147348,20.91698903,19.00477965,16.40914625,18.68772172,20.03347563,16.83053371,0,15.44904551,19.47822802,0,0,25.29562629,0,18.81720606,18.30123594,12.73325064,17.68635988,18.49382085,20.55660607,20.33973557,22.5678152,17.99740797,18.75337064,24.26015786,18.75554803,16.78070897,21.34170529,0,20.06671875,19.17653151,26.63836626,18.12976483,17.98125486,0,21.8151521,25.57180963,20.84318469,21.80485884,23.37123925,18.50000046,16.1652976,22.34690293,18.84951197,23.8700296,22.38317687,25.27979132,17.99641396,20.62911424,19.94784995,21.9009985,0,20.72833852,22.79232099,17.07851556,16.6811626,20.02032278,20.05097521,24.44228909,20.64284505,21.88747682,17.02934335,24.03954027,19.33631029,0,18.2795592,19.4810413,16.15625208,19.60457781,19.72539183,21.8587574,22.29097132,19.61123502,17.85392543,20.77630179,21.03062448,21.75268246,19.59328869,21.67424526,19.86282703,20.01590524,16.38512522,20.1936725,16.59039815,20.07105385,22.59386329,8.459331902,17.84437773,16.47122246,20.16162104,0,25.69781223,16.99733299,16.39708043,18.19244585,18.77042938,22.57352445,18.45792164,0,21.1983513,22.16694696,19.35743113,22.46160767,18.83899528,26.9003291,17.15853749,21.83746041,18.32393341,19.98935343,17.29908028,15.54537158,0,19.32879261,0,17.16634203,20.97813984,15.97457177,17.40915636,16.78079773,17.98101292,16.91751746,19.30427881,15.15991152,17.33582212,19.61583965,18.29830992,17.40740493,0,18.32144061,0,16.15903274,15.76968155,17.37258725,17.80316393,19.21478433,15.03121986,15.84219184,0,15.8436942,13.94863379,20.70329297,20.74884623,15.63652801,19.6902035,18.06897621,0,21.10158015,21.61978995,19.75797126,20.24191568,17.61934171,13.60168441,17.91288139,20.85510188,18.17469461,13.95860388,18.12511126,18.04851705,18.11375617,15.043648,18.50924856,0,16.39164585,15.28484551,18.48908637,15.72776063,18.36539956,17.7231586,19.61971969,19.6654539,20.19315956,20.2668718,21.64025067,20.93683253,16.24917492,16.92185894,17.0008387,19.95213122,20.13775791,19.59827327,0,17.74510924,15.26876128,25.19750059,25.80125535,25.42393729,20.41635522,18.53728868,18.39690576,17.89678843,16.55439682,19.1515621,23.65460514,18.64131773,21.7017623,18.51610007,20.60277653,0,18.43780862,17.37831583,17.48181282,21.74959024,20.96361612,18.28965619,19.93046737,20.93436014,19.38027597,19.57486054,20.93381637,20.63144973,18.28633029,19.27290422,12.74431437,20.11345588,15.77997255,17.59040436,19.13861695,18.90219633,18.50555255,20.02294987,19.83961291,22.71687304,19.08588803,18.91390114,20.21453332,18.68342104,18.1383118,16.90443849,17.73599422,21.6591226,17.84774722,0,20.14336079,20.26034985,17.24830592,23.58108529,23.58108529,0,16.77500781,18.07758632,19.57484897,20.18598784,19.71005493,22.4575953,20.37777326,0,0,22.01118523,19.20242368,20.40718698,17.95818998,17.69261456,0,22.22531514,0,17.04212895,19.25875975,19.11729639,17.38831268,18.66412196,21.14864678,21.24956955,21.47690464,0,20.71619838,20.80239032,18.27910631,25.67558721,18.37520928,15.13723954,0,20.67826377,0,18.40928866,17.41617773,15.9696786,23.24999949,19.36524009,19.22359542,18.68528431,16.38907436,0,25.62284923,21.91700263,20.27654644,19.31880727,19.14798844,16.82554929,17.60726359,19.90658399,19.8923509
TP17L2,96.88651204,18.58491134,18.98971112,19.66000125,21.3590799,20.65546878,19.53840521,16.12523078,16.70490125,19.70807309,16.79992173,0,17.1844602,20.0170449,0,0,25.6572785,0,18.44972645,18.4851248,14.41762864,17.88993986,19.40851001,20.86767031,19.92242289,22.7681606,18.21310138,18.81059668,24.44662639,16.85817594,16.23829564,22.52763751,0,20.42179905,19.63412008,26.59301474,18.75367219,17.22336397,0,22.24783546,25.41282629,21.65630169,22.9997859,23.55240198,20.17013637,16.7140722,19.97021983,18.92707855,23.46124863,22.36719328,24.81237349,0,20.63778283,18.22012133,21.82199123,0,20.91749416,21.54102437,17.07032464,17.30973877,21.30572,20.18696249,22.75040353,21.28025513,21.76364639,16.756352,23.94104159,19.23485776,14.05276423,16.83830267,18.01979602,16.78632488,20.3557107,19.50482951,21.74522283,22.69544046,19.5056499,18.56413688,21.22459455,19.48116272,21.55545811,19.81719603,22.17775879,20.21797485,20.38136738,16.66360401,20.47887666,16.18997339,20.36818143,22.64611995,22.79997506,17.61873268,0,19.87757074,0,25.37685341,15.06868185,16.41374388,17.52544799,19.27105467,22.6671941,18.43831278,0,20.19370094,22.16405619,19.11806509,21.38234548,16.98610968,27.13001862,16.71006369,23.36991422,16.98076381,21.45464222,17.45245702,13.84539849,0,19.65932871,17.12368629,17.52488985,20.89591177,16.24950604,17.64743943,17.1040772,18.8004749,17.15837301,17.14569437,16.82629123,16.77200612,19.87736008,17.82647487,17.02711672,0,16.9905337,17.46022586,16.7263493,16.57893779,14.62197465,17.45657816,18.45276962,15.39219817,15.77179125,0,17.67597551,12.87837154,20.14135656,20.26767298,16.02118036,20.45192922,18.19881978,14.7949207,20.9624874,21.4040565,19.68862315,19.74994953,17.63411342,14.91945888,17.84132078,21.05881728,18.41742826,13.48474462,18.14563408,18.9068335,18.52032451,16.29777333,19.23449389,0,16.90129827,16.54881062,19.30815295,14.47734235,19.21590424,17.93070409,19.95599808,20.11650896,18.81929935,20.72821032,22.0726498,21.06107414,16.35139476,16.97311554,17.26691329,19.45846086,20.48518957,20.23560526,0,19.0234045,16.38340477,24.82286747,25.25490351,25.40236054,20.59906562,18.58942631,18.13268041,18.04227674,16.92993538,19.096768,24.2237911,19.04949988,20.9847747,18.41565678,20.82817537,0,18.66388968,17.66716742,17.81813902,21.90359615,21.18532291,0,19.59596039,19.66338384,20.45260728,19.79003748,21.11273144,21.29310352,19.26464962,19.64469573,16.16071317,19.35201148,15.67960098,18.00756405,19.47181869,20.8674341,20.38583177,20.29042694,20.12094125,22.9711765,19.06149816,19.2017383,20.31112151,18.88489863,17.50244191,15.04958058,18.46875295,21.99243172,18.12630959,0,20.38065532,20.43557159,18.52389803,23.90194076,23.90194076,0,17.78717746,18.27627108,20.85144024,20.11597686,19.78439942,22.18338224,20.92016049,0,0,22.82859029,19.5008025,20.72510167,18.60846658,19.39605689,0,19.95676315,21.30090507,13.51475033,19.49453451,19.7641283,18.22403577,19.24530157,21.67737656,21.42547843,21.71723963,0,20.58100608,20.77279356,19.32839912,25.21178266,19.43281331,15.27510549,0,20.77504951,11.86528655,18.84496212,17.8541994,18.43791741,23.35427018,20.09333514,20.13244686,20.72054488,16.36564508,16.10844231,25.29048709,22.40581698,23.47413896,19.73145338,20.12168875,17.06565532,18.16355407,20.68598225,20.27942595
TP17L22,96.97372374,16.29622925,15.71702143,15.25478396,18.95075055,18.13028522,16.86059462,14.41058137,18.17952958,16.4329024,15.62162384,0,16.4741022,12.14063191,14.45952204,0,20.39330449,0,14.93328779,12.74257175,11.07121136,15.6644793,18.99502857,18.67862019,16.920511,18.36931704,14.16056273,16.66508897,19.86281302,15.42280753,15.36109067,20.06400009,0,17.07877851,15.54491137,24.81882901,10.10323914,15.6168084,0,19.43330821,22.60126446,16.53869454,19.8708471,20.31831662,18.58631268,16.605711,18.40253171,16.95999751,21.36683962,19.92633287,22.50262114,17.46229396,18.25064068,15.11753639,19.47839753,0,11.94884123,19.99345934,16.81784531,17.60884404,16.09546856,18.99989972,21.76640072,17.61853879,12.79319374,13.61972998,18.58226468,16.38872775,0,16.62950398,17.41602204,13.71261564,17.84112279,17.84614341,19.44613462,19.96820041,17.19412183,12.52954141,17.33444428,19.24118875,18.11989661,16.02946435,17.11126662,15.85331237,15.75451934,14.03552796,18.81373474,14.40230475,16.8376482,20.50324887,14.32278309,15.82332438,0,17.20209705,14.86736683,20.36893542,0,11.46616761,16.01719036,15.08136989,19.85207468,15.53635141,16.64193001,17.57727065,20.69498014,15.07266408,19.78122603,16.90907571,25.56831378,14.71057568,19.37794057,14.88020206,18.78634135,17.40698166,13.09121948,0,18.47810931,16.05338936,15.84254141,18.00784013,12.32586758,14.72549756,13.88251725,17.72744772,16.80726686,14.86062935,15.76308034,17.73431203,17.76036036,17.7474305,15.35621881,0,0,15.98672734,15.20396158,14.92246392,13.82698237,17.0128974,14.83485487,15.95537725,16.01395507,0,15.29333063,15.41404259,19.04883152,18.77208578,15.17896643,19.52411597,13.53869404,0,18.79718021,19.26735431,18.52759531,18.8919276,15.33322525,13.08991964,15.65369321,18.50450246,15.71740868,13.19714632,16.12628527,16.19660514,18.81422276,15.97025942,16.25979081,0,13.87171237,16.86298331,15.81948248,11.31574882,17.54775362,17.41918899,16.81187638,18.21189238,17.48128252,17.05154165,18.72806997,18.20055866,13.61057846,15.3035128,12.67248047,16.08380051,16.90516603,17.1177589,0,17.30854301,12.72517872,22.91701031,18.8566079,22.06905439,16.75041742,16.47786892,14.63862794,14.35822318,16.63187002,16.66980079,20.67715796,18.16180645,18.63304518,14.11707487,15.88928459,10.7905674,14.36607308,13.97679047,13.49224272,19.41730377,18.71730705,0,16.88554148,16.98226038,18.37857014,17.48386459,18.37014688,17.41888896,14.51619284,16.28835956,13.65991954,13.78702049,11.91329931,15.96408467,15.79271953,16.87048649,16.3986119,16.98930107,17.15815792,18.46355112,16.75381477,16.81881505,16.97835253,15.2722152,14.74379494,17.10663829,13.68107461,19.24310512,15.41121304,0,17.4215512,17.34556592,18.19486907,21.68374813,21.91127074,0,16.166329,16.58463144,16.1973542,15.72445303,16.67880056,16.95439041,15.92919296,0,0,18.44801796,14.24302626,17.62551709,15.96067312,16.8967062,0,16.81895172,17.90174935,0,13.12610695,13.82009986,13.80457207,13.88332599,16.07732088,17.49458611,17.43779415,0,16.09335632,16.25414356,14.78294423,22.91017238,12.99540581,10.62894746,0,0,0,14.70990683,13.68976759,11.78641073,18.66043532,13.99820641,13.92920405,15.95943749,9.713511256,12.15105934,18.809746,17.25596141,16.6626597,10.95149504,0,16.58588129,17.40099729,15.24903936,19.31635749
TP13L19,97.04204252,19.45035292,18.44936184,19.91602219,21.62473676,20.43400341,18.9815136,15.6275103,16.29307547,19.36165688,14.83703127,0,15.15546903,19.74997414,16.86575224,0,25.39355594,0,19.44051052,14.42453149,13.50694009,17.11677421,19.21778689,19.72317059,20.07856462,22.94225032,18.9835854,18.00542796,24.25583107,19.08749021,16.62158672,22.66283944,0,20.04727195,16.26284185,24.90717737,18.93933082,17.06159269,0,21.63201383,25.54816339,20.61798056,21.13874934,22.46191665,17.2785402,18.00703582,20.4818644,17.43720676,21.41244507,21.59833166,24.76505794,0,20.36429003,18.09854695,21.56369827,0,21.16918311,22.1518199,17.2696512,19.83009426,20.26497335,19.14219453,24.65046953,21.4922346,22.10385499,16.98021627,24.28434981,19.37242755,0,18.41269509,19.39335543,16.57521128,19.7868131,18.02006282,21.93369785,22.46476373,19.79814776,18.15806084,21.12577365,20.69883256,21.48034029,20.25996062,21.43579169,19.6255227,20.29936701,16.7028833,20.01821421,17.77906908,19.76319291,21.93727633,0,16.50676718,0,20.28625486,15.41340591,25.32074246,14.85596857,15.80574961,17.86735181,18.76773037,22.52442558,18.49008256,0,19.98144564,21.34739497,19.37396702,22.02529961,16.31198856,26.70562875,17.02499131,21.4739856,16.98031653,18.78530991,16.84188111,16.95014864,17.01039251,18.42148183,16.79874168,17.05441498,20.96724726,16.27759671,17.57704534,16.11918626,18.23946023,17.64428583,17.0623648,15.71409549,16.31198856,19.72734768,17.67813932,16.82164502,16.56305375,17.04145988,0,16.18930374,17.43071587,13.87934389,16.87490875,18.91657431,14.57606266,15.54961172,0,16.15720683,14.83409767,20.13677345,20.2493829,14.98083854,20.49819364,17.9776312,11.09616914,18.33365073,21.30367661,17.84532512,19.65520733,17.84547863,14.38252337,18.04524025,20.58526991,17.93678825,12.805658,17.52511945,17.69599104,16.39835481,15.84242323,18.14508934,0,16.37069593,18.00703582,18.63227172,14.37130199,18.82508504,16.87606453,19.61300179,19.15107752,18.73694552,19.94468081,21.21205519,20.60851989,16.11414928,16.82394444,16.80535059,19.70569182,20.45536564,19.30246587,0,19.03566687,18.14906529,23.13031845,20.68313855,22.96108948,21.76254622,18.14642717,18.2081254,17.51095641,16.71433944,18.67290524,23.29260559,18.75945571,20.69090063,17.5429792,21.05553037,0,18.83856119,17.42849091,18.23627115,21.53133681,20.77506219,0,19.27559484,20.54565724,18.33921962,19.07533996,20.8348933,20.49835743,18.8039945,19.09248623,14.82142959,19.86631487,15.31992935,17.44432238,19.43458397,18.57325651,17.92433984,19.78930276,19.82385575,22.42460557,18.76338498,18.71347739,20.23232254,18.36425506,17.99977434,18.17599052,17.40421795,21.48075396,17.53710558,19.68359361,19.81007847,18.84020178,18.76008805,23.55661677,23.4750837,18.7903959,17.41602145,18.53686293,19.51245705,19.70717184,19.50698356,22.31960761,20.68902596,0,0,22.36119321,19.31232636,19.69684072,18.07775726,19.97099984,0,19.23006331,20.24923296,18.82954365,19.82201127,18.52824452,17.37606825,18.91650666,21.31735546,20.66459516,21.14622869,0,19.81137532,20.17299226,19.0903914,25.16166251,18.67613731,15.20405392,0,20.70046971,11.86305746,18.60434939,17.38548097,17.46737547,23.41864175,20.30895693,19.67975051,18.62172742,17.00117071,0,26.02890279,21.79775224,19.81410497,19.52291159,0,15.65610761,17.7197994,20.92567918,20.02135466
TP15L20,97.1650109,18.77504711,18.35231003,19.0082828,19.47627491,19.70547317,17.63903682,15.47026077,21.16300269,20.19837282,16.3401112,0,16.92004149,19.36584225,0,16.94742808,25.28699427,19.83942419,17.53006814,17.95162422,12.85239222,17.27539381,18.05526359,20.00457619,17.70128071,21.84088244,18.43485096,18.47991347,23.87709103,16.46363295,16.51831966,20.29827751,0,20.2657491,17.52643674,27.24931742,17.19740206,17.3524573,0,20.99636877,26.13781385,19.70256335,21.8444671,23.14801143,18.3813785,18.26116561,22.49277025,18.53931254,24.24546577,22.06298124,24.37132631,17.33301938,19.99742538,21.1450975,21.7360431,0,21.12000094,22.21155587,16.95871496,16.46987188,20.17831223,20.59574005,24.02609953,20.31193393,21.34602785,16.12988932,23.25488287,19.31221109,16.04123918,17.8779051,19.49815628,15.67589453,18.79281053,19.75225227,21.17831502,21.64319531,19.09374085,16.78476849,19.91345151,20.49752896,21.79050105,19.1905279,19.40901037,19.57558374,19.5819171,15.14556746,19.88024144,16.28844445,19.22933826,22.2884302,0,17.86366981,0,19.08178248,8.985887293,25.90404688,14.93030739,17.07906528,17.97749969,18.12259239,22.06074529,17.4652471,0,21.61517116,22.25030621,18.4697837,21.92561729,16.85074549,26.65693182,16.14047007,21.09332977,16.7383004,20.05582458,16.24365519,15.5723023,16.81275472,18.84831319,0,17.05711711,19.90560172,15.65473388,14.40488266,16.34124836,17.5620984,16.9899209,16.64762234,16.17892661,16.36967177,19.43303622,17.54423361,16.7906926,16.88841374,16.71231479,0,15.99634259,15.10706259,13.58493093,17.39171323,19.29082242,14.60953077,16.25182064,0,15.88331214,16.2379882,20.41154553,20.40143364,15.65989586,19.17457172,17.68325484,0,20.30114152,20.67715905,19.58071333,19.21784535,17.55858116,13.79702124,17.35072034,20.41658329,17.21579625,13.64313421,18.12044933,18.03796068,17.84058933,14.87145243,17.22381481,0,17.1691451,20.39456025,18.62730428,16.11483896,17.95131074,17.72080579,19.46343697,19.00801284,19.48498806,19.91718613,21.16953787,20.28539033,14.26225405,16.64004718,16.42306665,19.5118837,18.53809295,19.01124456,0,15.78114814,15.58532631,25.59794118,26.19973603,25.56244343,19.53041396,17.81149476,17.324936,17.48697439,16.27977643,19.09618226,22.47633206,19.22263387,20.44372051,19.69716239,18.80302476,13.20442171,18.75552354,16.48558632,16.15223343,21.67436412,20.8467489,0,20.48471769,21.14804925,19.36018393,19.27175141,20.31972966,19.99198125,18.09102425,18.11278721,13.63783489,17.0355371,14.6779749,17.35665675,19.36945318,18.18180975,18.34180294,19.79175465,19.36581809,21.89444101,18.40804528,18.50323912,19.53554453,18.22598409,16.58933168,14.39580641,19.9307633,20.84789895,17.27373892,19.17434326,19.09010071,18.11513061,16.94494892,23.00245632,23.00141567,0,17.51267173,17.36670426,19.10673803,18.7229301,19.17118618,20.87012511,18.98858448,0,0,21.9502536,19.20293264,18.94914132,18.91744451,18.9768706,0,21.61057304,0,15.85441842,17.82243477,18.44361292,16.9456322,18.38748316,20.93780147,17.54762129,21.20286557,14.17776622,18.77163783,19.56399306,19.39500517,24.76830238,17.83845796,14.79110536,0,19.80005823,11.85497023,17.73902524,16.6628399,17.26953124,23.8258905,18.58981941,20.62489488,15.7215354,16.0120171,14.77788278,22.69473325,22.07083043,18.07105339,17.57417746,17.02338471,16.46444794,17.79753424,18.33474666,19.7049736
TP15L11,97.22995697,19.25881012,18.74885256,19.38247332,19.12241241,20.818455,18.8069048,17.7345803,15.30205613,20.62330854,18.11545558,0,17.86001259,19.95004509,0,0,25.66003999,20.29718831,18.26789546,18.63004948,14.20057269,17.71725434,18.78029763,20.28444084,20.0894844,22.52373343,17.43358727,18.74396422,24.65266278,18.54328699,16.47113019,18.82508978,0,20.24686415,19.75080316,27.67273105,18.03788324,16.90225733,0,22.07817078,25.61676621,20.98292676,22.46874419,24.42185453,19.54703586,18.62696024,22.74126054,18.66863647,25.04078354,22.40819045,24.89331047,18.1080162,20.81695886,22.31006265,21.85738739,0,20.47654002,22.54305413,17.17853675,17.03428537,20.134231,20.25444034,23.32343034,21.19723749,22.2018121,16.55949673,23.88331427,19.55571143,16.3005119,17.01926755,18.70028596,16.90022505,19.92657295,17.5991452,21.78080029,22.60821752,19.6889837,17.98175742,21.06753594,19.58958642,21.72059389,21.95233663,20.34641318,20.20439158,19.62610975,15.5884644,20.32638074,16.53973737,20.76817403,23.15920971,7.455868537,18.54910853,0,20.30635836,0,25.88247532,14.98656862,16.98550893,18.49639811,16.86149452,22.92191327,18.87980159,0,21.98897615,22.63829427,19.74556418,22.37688738,16.80365098,26.89416237,16.77304067,22.93856505,18.10945263,21.15229301,16.07941421,15.99512742,0,19.2956681,17.43820821,17.62794846,20.49333168,15.92992729,17.27977632,16.68840278,18.18184296,17.36357014,17.34197755,16.40733924,16.05086651,19.63657917,18.11309526,16.90817041,0,18.11819136,0,16.10322607,15.05370449,14.34743149,15.22797657,19.13899536,13.80107778,16.48498206,0,17.04467078,16.42732459,21.22252061,21.17158124,15.46394429,20.08467518,18.09767009,17.10250953,18.57616385,21.46267664,19.74048709,19.93473628,18.22205707,13.68985275,18.11009391,21.02547753,18.19553061,15.20383062,18.48296793,17.8259696,18.33691702,14.21181849,18.59108569,0,17.20093119,20.69471026,18.66313695,16.22090928,18.54605661,17.91134318,19.96009754,19.9898532,19.34048038,20.65104149,22.00150166,21.15592467,16.54338472,17.24768197,16.62139212,20.06287237,19.69711327,19.94960549,0,17.53475765,16.89283769,26.33457729,26.94816722,26.12523756,22.87689422,18.14324824,16.95157191,18.20263185,16.39461877,19.28002984,23.87453186,19.02938523,21.15238721,19.48884549,22.13180546,13.48692213,18.6227445,17.49658849,17.36376698,21.95875066,21.18817253,0,20.51453878,21.36730221,19.3766923,19.16341737,20.95415488,20.87487033,18.38983021,19.50497273,14.47239871,19.59094018,15.54440395,17.13349674,19.49426648,19.36380531,18.80286088,20.1445077,19.95604842,22.84477493,19.88756594,19.55288485,20.24978851,18.74674617,18.49307494,18.70709592,18.23044727,21.75337345,17.97044792,20.04906433,20.4033715,20.54676911,17.21024277,23.66905613,23.6568109,0,16.91542838,18.10639998,19.88184184,20.01889502,19.78264086,22.13254236,20.53118962,0,0,22.53987759,20.09309873,20.58046935,18.08878395,18.99728895,0,23.39024754,0,17.98510721,19.38528043,19.48794157,17.73891638,18.9945991,21.48381421,21.31860945,21.48065256,0,20.79363282,20.93966278,18.87023817,25.28271666,19.17925074,15.8045933,0,20.6137245,0,18.82634928,17.77742324,18.08333673,24.3300045,18.94312647,19.51337415,19.78995386,15.50774126,16.98144008,25.28089939,23.41173829,20.85916292,19.56347124,20.65150567,16.90639781,17.88887847,19.23448072,20.02810856
TP13L14,97.35356693,19.81141521,17.71121321,19.97612089,21.26407284,19.90492987,19.31859361,16.39462656,16.63582172,19.28010052,16.92117349,0,15.83814288,21.52837512,0,0,25.25807682,0,19.4994056,18.46992068,15.6753277,17.11958956,21.48458308,21.20743727,19.41659791,23.61158819,20.22846507,19.29654351,23.36889294,18.69307454,16.57286788,22.84727096,0,20.46102035,15.75533929,26.36852689,18.72429135,17.13667076,0,21.01343748,25.44923047,19.61148829,19.90682723,22.61278363,17.7163329,18.66064707,20.18617641,18.58264535,21.74380737,22.16324041,24.74740533,0,19.86504098,17.85822049,21.15493127,0,20.57847089,22.20559786,17.21078411,16.94114596,20.24080343,19.28645017,23.74279715,23.42653101,23.11050966,17.0829702,24.64149795,19.98826812,16.33811124,17.11780386,17.71242894,18.05731779,20.00105873,17.2086798,22.76098693,23.01327474,20.57923542,17.68530562,21.53396903,20.24151278,21.20439252,20.02018294,19.08717587,19.61057767,20.59467907,16.42633627,20.78076762,16.12632688,19.50609091,22.36344649,23.76363013,17.30893019,0,20.13986201,16.02714282,24.60111991,0,16.65304346,16.499188,18.98075488,22.77163911,16.84457317,0,19.84256782,21.59170541,20.16355509,22.0870069,16.88011995,26.76248675,17.24347974,21.45938005,17.52315469,17.38001227,17.43663965,13.52809189,0,18.98345826,17.78959831,17.22714218,21.11997996,14.15694857,17.35227858,16.37732917,19.24536972,16.63022052,16.87598482,16.00010442,17.01249328,19.62636197,17.58125803,16.80807896,0,17.51456576,0,16.02996347,16.27026445,16.06317052,17.44248493,18.6965837,15.09472587,16.49383589,0,17.52423622,13.97722006,20.71950524,20.84187639,14.80381818,23.15133312,17.38504604,0,18.18672845,20.89225618,19.39813765,19.35550817,17.65018232,16.37304665,16.75883799,20.03427937,17.78484832,14.54091197,18.4391051,19.22000992,17.90180568,14.92305027,17.59808665,0,16.15873703,18.66064707,18.52499844,13.96141489,18.41190995,18.13970156,19.46645897,19.0155938,19.91408516,19.4186622,20.61084823,20.28505566,15.78774245,17.55219949,17.16337423,19.1612541,20.15821398,19.44104431,17.7287453,19.46561946,19.77589561,23.45849414,20.87867437,25.14021848,18.55455513,16.7074076,16.91690618,17.94612902,17.11120515,18.73571474,22.93786617,18.37714207,20.35383322,18.13961353,18.36232613,14.9750366,19.15406202,18.18200478,17.7696559,21.11507836,20.30167545,17.83921257,19.26777196,20.32672002,18.9911175,18.74867371,20.36685344,20.58762985,18.2221647,18.43070172,12.0099325,16.40476295,15.16311152,17.89762359,19.55084019,17.74348401,17.26850525,19.35400103,19.11846084,21.9419306,18.43202844,18.42737319,19.86928239,18.07606825,16.49301235,16.92853988,17.43670822,20.88701387,17.10795172,19.2107951,19.19481107,19.24725311,19.24016422,22.85693174,22.85693174,18.2296614,17.52885788,18.41756995,18.20652713,19.0515215,19.29186963,22.28747961,20.63902247,0,17.95426005,23.4560754,18.1470295,20.07537281,18.16795543,20.68587328,0,18.75460864,0,19.72194777,18.99975138,18.31078893,16.92368849,18.35045567,20.60697369,20.20557089,21.09364586,11.77487368,0,20.03989182,18.27486868,25.14683543,18.93362973,15.3430469,0,19.45386339,15.15209488,18.53810927,16.8559558,17.65374093,23.09667268,20.85975634,19.93623316,16.45735297,17.36884848,14.94191164,25.03905611,20.91024045,18.25341782,19.54098698,17.34472664,16.68044194,17.57817761,17.76325419,19.04314586
TP17L16,97.44375523,18.4430834,18.89492379,18.29045284,21.60541155,20.44811115,19.36825258,15.99365114,20.6812763,18.26395653,16.56805427,0,17.43332542,16.49829825,17.9992665,17.4348515,25.25358637,0,18.51301224,18.61981877,11.35439893,17.92096409,17.71085864,21.26137368,19.65620669,21.78476459,18.65373817,19.11055635,22.84043043,15.7239632,16.45389373,23.1976277,0,19.78951871,17.08092686,27.31572136,17.08443362,18.21259502,0,21.37885685,25.21699724,20.55034587,22.92647625,23.27205223,20.4945739,18.32807882,19.41148696,19.05939343,23.8531548,22.41218782,25.98086597,0,20.72162006,17.38329142,21.35449758,0,20.62558924,21.48152145,17.78994196,16.58824694,20.39172953,19.64189938,21.90192249,19.83922247,20.51221096,16.76635155,22.27335167,19.22265512,0,15.64999488,16.47181394,16.79193257,19.70023873,19.30642088,22.16346147,21.46109841,18.63826935,17.21218808,20.38503211,18.65056607,21.35022,20.21677254,20.92757877,19.99946858,19.45013236,16.02153423,20.79247228,17.11359833,19.10012204,22.88002,23.41611125,17.58087869,0,19.19231704,0,23.63625665,14.31245404,16.82156342,17.61197673,18.13378704,22.10762825,0,0,19.80971671,21.98392386,17.68323504,21.53190924,17.50352411,26.9413178,16.67836163,22.77374901,16.74665476,21.31551288,17.3366418,19.61917765,0,19.50792066,16.87981043,17.70923802,19.68299365,15.99803126,16.15531237,17.39356499,19.71413322,17.02329139,17.68748418,16.135893,17.60946584,19.38238926,17.17540623,17.20340114,0,16.62254437,16.99758742,16.99064212,16.65301078,15.10079658,17.92226986,19.91614583,16.13780708,17.71451385,0,16.65784779,14.35511383,20.40623717,20.49957021,15.86467603,19.17009224,17.09464883,0,20.56982735,20.98811368,19.97495128,20.4948079,17.38752631,13.78733414,16.43609691,20.43485159,18.39797552,16.71263908,17.88651231,17.71717263,18.50186223,15.33185825,18.10849703,17.47184129,15.85548804,19.32426653,18.90861254,14.4727854,18.44198042,20.57197741,19.55559681,20.01613069,19.33666781,19.47392227,21.02775754,20.48488841,15.26537411,17.77009647,16.48105225,19.0013917,18.59920288,19.58238767,0,20.28103694,14.76315589,25.16809792,25.78197363,26.28569741,21.17144521,17.17249862,16.81483277,17.95401759,17.30906135,19.152598,22.87075151,20.87031702,21.11298963,18.49979539,19.44115345,14.45246739,18.53834183,18.37469758,18.03390882,22.22131656,21.38323905,0,19.57372299,19.74394063,21.081666,20.32243507,21.37514866,20.38636516,17.9797737,17.9376933,15.34194156,17.81700788,16.59919884,18.02167078,19.82622283,19.15529059,18.78437296,20.32792006,20.10624563,22.17568442,18.84508156,19.56687619,20.22604785,18.5562235,18.06110088,19.94919392,18.49797989,22.02767401,18.21812341,0,20.70236057,20.74998405,17.95889645,24.69218975,24.90805817,0,17.82328976,18.24660624,19.6728461,19.0328922,20.14323841,22.06337907,19.65426866,0,0,22.68794061,19.08942386,20.55075434,19.10839704,17.87715189,0,19.60732088,0,0,19.40803143,19.83680619,17.59947542,19.33761069,22.30239689,21.22278445,21.66470271,0,20.1629751,21.07474399,20.72526887,26.45004098,17.77104348,15.63462902,19.5087157,19.4967621,0,19.0470158,17.80354561,17.92434189,22.8788443,20.29900666,20.00014869,17.84009466,17.80638276,15.84966649,24.16360121,21.93236203,21.42946677,0,19.37914473,16.92173379,18.20299581,18.53524668,20.7867625
TP17L18,97.50446325,18.43907056,18.98091662,19.52813061,21.11155069,19.29485144,18.97755563,15.63075401,16.35362302,18.24564161,16.6714456,0,17.40608569,20.98306441,0,0,24.85363241,0,18.7094454,18.18828647,14.41415302,17.64259971,20.71325771,20.9868101,19.85529779,23.06119284,18.62799452,18.88808772,23.17061373,16.08737032,16.39156666,22.60158864,0,20.4018379,19.59117321,26.00692439,17.98549231,17.17727269,0,21.24419609,25.58516679,21.16530403,22.61519219,22.37809711,19.13240786,17.81848605,19.57689621,18.6733041,22.72324054,22.06913633,24.30693445,0,19.92250781,17.51305298,21.18631766,0,22.04093943,21.88371006,17.0854665,16.98728067,22.06606561,19.82636991,22.68067575,22.88860441,21.70553594,17.39908872,23.91234538,19.32962185,0,16.68225602,17.23025418,15.62924237,19.93874444,18.91727619,22.16098407,22.07341915,20.02039968,17.88650713,20.66537605,19.48780134,20.89872169,20.45305523,21.97261594,19.97407106,20.39029576,16.15007645,20.47424813,15.91267225,19.74996259,22.3205867,23.51389175,17.88867817,0,19.85445747,0,25.12255533,15.04241751,16.37934104,17.4203798,19.15048924,21.45388109,18.68481295,0,19.57159067,21.82686614,17.82413823,21.77485565,17.46742484,26.58333083,16.27821737,22.61639083,16.31274709,20.84261393,17.3510858,14.87287566,0,19.67672962,17.6941838,17.75253955,20.85277368,14.20229239,15.49344895,17.02989067,19.43580925,17.10498771,17.31996984,16.49104628,17.62060144,19.67331462,17.85193418,16.8033202,0,16.29758301,17.00170759,16.36317324,16.24487701,15.22072121,17.50516093,20.77387416,15.54945392,16.55514331,0,16.9510553,13.32167741,20.35230007,20.44130057,15.36065609,22.56102004,16.59069019,11.71429007,20.26028081,20.56721971,19.39562616,19.39433741,17.59877861,16.50731198,18.09409566,20.4479579,17.26148162,13.84417604,18.33564079,20.4166356,18.51601163,15.07418455,17.37861627,0,16.64760273,19.00786846,18.63772849,13.892305,18.43367215,18.36318592,19.15796988,19.03091495,20.00134359,20.04488123,21.26335861,20.50286171,15.53069231,16.93439307,15.98080587,19.09723847,18.9170674,19.14340092,0,19.50315245,17.14699106,24.25503538,20.91395948,24.07063862,22.9572455,17.86969277,17.41584082,17.46904953,17.69052732,18.8516235,22.9453117,18.40135455,20.35438413,18.21241281,21.08097059,0,19.44786331,18.04948582,17.39607696,21.58095758,20.86758202,0,18.97517625,19.09154292,20.20090877,19.72708628,20.72214936,20.20679022,18.82561675,17.69978921,13.50077184,17.87056708,14.96957977,18.57592825,19.75435425,18.35026443,19.1859166,19.880741,19.46812696,21.62367525,18.46348575,18.76413446,19.96031425,18.51927061,17.36700483,19.49910476,17.62117858,21.29127106,18.10051317,0,20.20541828,20.25834173,19.33798894,23.67090752,23.67090752,0,17.50708848,18.06661702,20.10688453,19.1539129,19.41575873,22.79039194,20.34957979,0,17.06215541,23.92489141,19.40264703,19.93689778,19.09506492,18.23757541,0,19.67031876,20.68041634,19.16835665,18.40793039,19.09768628,17.92168625,18.80728377,21.52446553,20.09296676,21.16640248,14.38550047,19.16803729,20.21095152,19.95730598,24.70163039,17.55856827,14.21192161,0,20.35167198,12.33011912,18.10119363,16.97854946,18.78693575,23.28288727,20.22504155,21.030503,18.98369309,17.76067868,15.01360531,22.82045545,21.58020551,21.84668381,19.27379354,18.09563364,17.19244025,18.01709139,17.70884426,20.35949487
TP13L13,97.6570935,19.9828608,18.56407829,20.34947279,21.75162845,19.43955521,19.28008896,16.35889529,16.81002856,18.94540564,15.2125914,0,15.92854351,23.09763842,18.56139214,19.00481155,25.62767855,0,20.05262946,18.49111056,15.82833725,17.56580154,21.06839101,21.54628802,20.01889529,23.68556454,21.62723151,19.55201542,22.72327936,18.20866834,16.46393716,23.61692443,0,20.15670769,16.15976461,25.76259376,18.76496251,17.78897847,0,20.42165094,25.04393216,20.29775178,21.16804781,21.86335485,18.07127256,18.51328388,20.48787925,18.84348243,21.58895791,22.1262994,24.62964725,0,20.02214931,17.28865542,21.3697188,0,22.31355252,22.58569218,17.30644174,16.85291124,20.36754851,19.1354404,23.81009157,23.87380052,23.26279904,17.647408,24.62741303,20.64814643,0,16.03168389,17.32489118,17.49485302,19.41020219,18.95611696,22.73360204,22.90633275,20.37891339,12.61439561,20.8292467,19.05201423,20.95571828,20.49424204,21.0818769,19.75989191,21.37287938,15.19050297,20.81392901,16.10007132,19.05702166,23.12734822,23.66925133,17.35157003,0,19.99518133,0,25.23456878,14.90439131,16.57669964,17.9380353,19.3670572,22.42429395,17.24117272,0,20.23366981,21.08446131,18.70547752,22.44633671,16.88184,26.38239077,17.12247024,23.72520836,17.65824205,18.63728652,15.96374654,15.35311527,0,18.95445562,17.67616902,17.28639415,20.99158475,16.57135749,16.81141238,16.50516448,19.16160174,16.57194517,16.72496086,15.99878625,16.73404423,18.86435826,17.62675661,16.83768291,0,17.68141208,0,16.76785281,16.84708421,16.00892533,17.68731537,20.68199375,15.21265992,16.89873332,0,17.04643762,14.60543434,21.09101016,21.21437601,15.9660878,23.12431075,17.0632181,17.6500017,20.19203269,20.63404056,19.38010965,19.457673,18.12794731,17.04874305,18.43736644,20.56641948,19.92747561,15.16652359,19.30868424,19.21452477,17.68503767,16.47075541,17.11142005,0,17.93298297,19.53183706,18.77619476,14.66537091,18.34479699,17.38774526,19.77181103,18.75783737,19.3038929,19.44406977,20.66202333,20.0749882,15.97586446,17.33185907,17.46244419,17.91675899,18.90770519,18.8632474,0,20.01326357,18.22549392,23.28973245,20.22032046,23.81566551,21.8659127,17.9071862,17.76064363,18.2051689,17.51585949,19.00957937,22.70760192,19.34136983,20.67535925,20.30756208,17.02774166,0,19.23866197,17.60443296,18.75033305,21.77508289,20.99393026,18.00882327,19.47975461,20.81606489,20.32594332,19.93050507,21.06383848,20.67783358,19.37990139,20.43768468,14.27239206,17.42431889,14.98267163,17.89600347,19.98334177,18.36715836,17.79714841,19.66303909,19.67285522,21.36136694,17.85409127,18.68616493,19.91902157,18.5674907,17.85151407,18.15356484,17.69676539,20.88267907,17.37419713,0,20.00345867,18.89416869,18.34924188,23.20518768,23.21541068,0,16.04192873,18.03609421,19.56524342,18.88062595,18.97215651,22.52033087,19.91716333,0,0,23.68888138,18.6482147,19.07424887,18.6146992,20.66202626,0,18.697817,0,19.0647519,19.58100916,18.93939466,18.02292527,18.54772818,21.25115011,17.88452979,21.63443913,14.77526627,0,20.22193552,19.62920411,25.02936427,17.5058646,15.1522181,0,20.2961225,15.74906323,17.5635871,17.0068417,18.11784478,23.51862888,21.89372743,20.90610574,16.94598723,18.40715171,15.70550846,23.8028252,20.32014493,20.31182861,19.08258559,17.93376047,16.72482024,17.95875044,21.84233067,19.80497233
TP17L11,97.82235376,17.604821,19.10332581,19.16116889,21.26518549,20.41268063,19.3629335,16.74252107,16.43035376,19.33153172,16.86683933,0,17.42442519,17.399675,0,0,24.74492638,0,18.7856873,18.83636405,13.02690495,17.96978547,18.75660226,21.29746496,19.14295882,22.59487819,18.58625135,19.00133275,23.64661978,14.80020536,16.62881528,22.60897497,0,19.42638984,17.07018608,25.99406243,18.50688025,17.15652753,0,21.9790125,25.18376946,21.36862307,23.0222682,22.9710753,19.02902429,16.36138384,19.41401136,19.21676623,22.6206433,22.36974066,25.23689636,0,20.65136465,18.04342275,21.20907626,0,20.97258238,20.83919016,17.54676272,16.66212682,20.73200071,21.02977143,22.48940244,20.63762129,20.3781937,16.63041828,23.05084824,18.93603497,0,16.16147566,17.10211924,17.10494851,19.90842359,17.23897436,22.45255341,21.89176884,19.22720189,18.40222797,21.14875009,19.11349469,21.25050984,20.09381728,20.06526317,20.38667265,19.65543437,16.14921896,20.6317395,16.9233462,20.14601114,22.38873532,23.14777269,17.85881308,0,19.92008034,0,24.30536099,14.82294233,16.78383644,17.48734947,19.07547494,22.20406104,19.13571279,0,20.02577466,21.99973719,18.90573581,20.90226426,17.67575437,27.11297377,16.83676405,22.37873405,17.0274166,21.07191282,17.40645965,14.69794132,0,19.53116482,16.77652927,17.66212959,20.81860897,15.90893858,17.90241246,17.25653403,19.71437671,16.73067336,16.98486359,16.52074726,17.78660668,19.50119739,18.22693275,16.85926496,0,16.99362495,16.9078555,16.56850802,16.32656123,15.07316364,17.54667666,18.35192333,15.76221429,17.66216766,0,17.16807892,16.12139647,20.04996112,20.16789595,15.69889149,20.34082868,17.32131234,0,20.77934047,21.16835879,20.02484689,19.71556759,17.07221777,14.27490719,16.21920576,20.90857621,18.13995826,14.08715427,17.78712917,17.62941537,18.86533525,15.15110587,18.86274597,0,16.25484362,16.36138384,18.82417097,14.34972664,18.56586082,18.06240567,19.20468287,19.64873323,19.48191765,20.75445507,22.04798822,21.11964676,16.32782139,17.21786425,16.68978708,18.74462491,20.21881969,19.95686479,0,19.49825859,15.41786601,24.16806274,21.18775015,24.05604957,23.24717473,16.84279769,16.70292729,18.00481342,17.26180898,18.96257495,23.61443374,18.99594681,20.95541519,17.87290396,20.69016214,14.31921832,18.07561659,18.0372137,17.72879375,21.87082041,21.22028543,0,19.84825921,20.99269517,18.73212596,19.58813465,21.06590149,20.3768588,18.65205183,19.15708905,15.83410464,19.61166712,16.8529637,18.36561636,19.69494471,19.17766155,18.88021002,20.40763375,20.11106374,22.85978648,20.28547413,19.83053645,20.50076251,18.95910582,18.54526617,19.20691896,18.43159901,22.1700056,18.24543969,0,20.66136998,20.76493323,18.71045646,23.79176565,23.9986729,18.0307867,17.73603985,18.0485519,20.44797286,20.25160309,20.20401156,22.33944637,20.83460336,0,0,22.49651673,19.82366418,20.88460404,18.14710857,16.47448837,0,20.7563127,21.81161929,18.26679073,19.65744584,19.82783871,17.54864551,19.30400957,21.7707918,21.81625079,22.08589,0,21.50978701,21.59188722,19.18975025,25.65409008,19.42159485,15.99570657,0,21.01426422,0,19.04438225,17.96832491,18.06850406,23.28359354,19.86843997,20.05882439,19.42559702,17.09201127,17.65956241,25.72714274,22.01166579,20.08918641,19.60304401,18.3969754,17.16594874,18.4271846,20.81714233,20.68308352
TP13L11,97.92907567,18.45859367,18.22000834,19.73904034,20.87170933,19.7248498,18.07681294,15.67747401,15.98435955,18.58467837,16.8144993,0,14.24533891,17.81906554,0,0,25.53073104,0,19.20754607,15.19366388,11.95839165,16.91203046,16.8764597,19.00401428,19.46097811,22.52044838,18.69369613,16.99039073,23.65512607,7.610260854,15.42730569,22.30062055,0,19.11882292,16.93318948,25.01857828,18.21338388,16.69296959,0,21.00729125,24.98915404,20.57284862,20.99731017,22.19837371,17.92200381,15.52160483,19.2720786,16.80917725,21.37933745,20.71031436,24.54999488,0,19.83263541,17.62434621,21.05876508,0,20.07657608,20.84173395,15.63308304,18.81889419,20.04339794,19.52807748,22.2930904,20.20294227,21.04876206,15.99989469,23.28253387,18.74891166,0,15.44681901,15.50815338,14.58220998,19.2166564,19.36691855,21.18982256,20.97935439,18.69991151,17.73519155,20.6582206,18.17560293,21.49175854,20.11816524,20.96335518,19.61292395,19.4796755,16.34561469,18.84155158,17.35102422,19.37969267,21.57317559,21.45547248,16.31747476,0,18.86374138,15.72761526,23.66257238,13.62867124,15.4929983,17.81328955,19.15760651,22.08812299,18.79100704,0,19.31801754,21.11108362,19.16545058,21.00294422,15.41915323,26.62394471,15.91211505,21.46590399,15.82499585,18.96017506,15.83793211,18.16044819,0,17.47362862,15.60644731,16.70436671,19.76752885,14.10857888,13.85807653,16.08041822,18.95920075,16.00691773,17.72351714,15.87740472,15.35861094,18.88932532,16.77838519,15.01096051,0,15.87886093,0,15.74227103,15.99829645,15.92659886,16.32451629,16.03348985,14.75200104,15.46072867,0,16.46878288,14.83585519,18.69556011,18.70126394,14.46920803,18.20304666,17.81000484,0,20.33350023,20.71249454,16.73073642,19.03803473,17.67521542,13.27408321,18.12707858,20.06774137,17.65398752,13.06301132,16.4294577,18.73566804,15.25478429,14.26965678,17.37039032,0,16.12594693,14.78868257,18.04971822,13.72563546,18.70246071,15.48561519,19.50567508,18.61418733,18.68403973,19.51940008,20.83750475,20.18216287,15.72372461,16.19270884,16.07190801,19.34949789,20.0795682,19.10053367,0,17.99311052,16.9257164,23.0002172,20.46856041,23.07168134,20.46321042,17.69113048,17.69420571,16.47109664,16.11351836,18.10121678,22.88474607,18.04082022,20.2293523,16.59673002,20.6803321,0,18.04944582,16.97538412,17.23552564,21.21926601,20.42572516,17.49624055,18.92890867,20.21910018,18.94710698,18.99854687,20.4234388,19.91731963,18.61495296,18.37409672,14.29715283,19.46422266,15.55630874,17.60100365,19.41106973,18.36528568,17.78997429,19.51758725,19.36920364,22.28918412,18.82058726,18.6450564,19.96109549,18.19098672,17.76486511,18.03478111,17.67003593,21.27139433,17.33899795,19.45529116,19.99872587,20.07265548,17.79999667,23.13496633,23.13466511,17.30748455,17.5133469,17.80138253,18.77800187,19.49845043,19.14168295,21.91011759,20.48339119,0,16.25347694,22.47533206,19.20745046,19.90803729,17.73247905,18.84739059,0,19.67965635,20.6903256,18.87571972,20.31489605,18.61966206,17.19899024,18.83441879,21.26987734,20.87271252,21.20604853,0,19.9657544,20.26138519,19.20889922,24.94297353,18.64857054,15.47079871,0,20.55021914,13.22120472,19.14239132,17.49933166,18.24604231,23.21400413,20.6816884,20.24828041,19.02494214,17.55457536,16.47268158,26.0702212,25.75330052,20.14493324,19.57742135,18.94968896,14.5922052,17.26118903,20.54465542,19.63177621
TP17L17,98.03271282,19.79086748,19.00711863,20.30699126,21.48272314,20.6356488,19.52974615,16.69526173,16.70475404,20.27696141,16.54752038,0,16.04881666,19.30076596,0,0,26.03522095,0,19.41531022,14.42368734,12.30325002,17.8829973,19.54566737,21.17575735,19.23910498,23.50988947,19.2297798,19.27717774,24.10950398,17.78773639,16.24610103,23.15316691,0,20.20808752,19.2703562,26.79100854,18.94824658,17.468744,0,22.30482909,25.84116343,21.43835984,22.42161626,23.5867119,19.36754068,18.77487636,20.43932623,19.1508766,23.51967209,22.54088555,25.20091744,0,20.58475174,18.61957052,21.78614318,0,21.3397803,21.75377117,17.38429185,20.6374934,22.064875,21.21655989,22.37215614,22.04184045,21.72014169,17.34999852,24.37826865,19.57430806,0,16.62607672,17.61946423,16.96377498,20.47521018,19.69414842,22.52286455,22.51916763,20.19637281,18.88966154,21.68327706,19.29165343,21.75886225,23.05247058,22.04595159,20.49920632,20.49611356,16.94866797,20.87149149,16.34909159,20.39408001,22.54015138,23.29611837,17.71430533,0,20.4657957,0,24.6489256,14.55559355,16.64134539,17.1663847,19.56487218,22.85497161,18.15375987,0,20.63274621,22.17967345,19.8612369,21.72776757,17.25944972,27.25828815,17.00156518,22.54513703,17.42503641,20.39736687,17.35497986,19.4133562,0,19.49135875,17.1517598,17.3472792,21.37696733,15.67994297,18.3318469,16.8222728,20.09111492,16.66640161,17.52510275,16.44582451,16.95680341,19.8700665,18.03645936,17.35035849,0,17.40778721,18.04289477,16.49003024,16.40288557,15.09138213,17.43898797,19.26170158,14.98365418,17.57738457,0,16.43804598,15.16525603,20.14222346,20.23336917,15.81669864,21.32015461,17.67316843,11.40275172,20.99402673,21.38136657,19.83544634,19.80190983,17.95747565,13.74925259,18.26701749,20.94293827,18.58201178,13.4153723,17.88317071,16.70289733,18.60119652,14.94622031,18.82837566,0,17.1883081,18.77487636,19.29554025,14.89235493,18.81127375,18.38708606,20.1698923,19.91393989,19.76947791,20.83910512,22.07535314,21.27501195,16.61134696,17.64960248,17.2814161,19.0839485,20.66904291,20.28876252,13.82864833,19.79466423,18.52933716,24.97258301,25.40547825,25.64318445,20.96401639,18.12370333,17.52552216,18.58928435,17.22831838,19.27085817,23.92996943,19.05857861,20.95155514,18.29449201,20.82352218,0,19.30015445,18.88195812,18.02326052,21.96293521,21.21646298,0,19.9843058,21.10112641,18.91965678,20.03408372,21.42629974,21.89853216,19.55437959,19.67345165,14.16043271,19.38350553,16.47802406,18.60429867,20.08548093,18.9668007,19.07768315,20.02745325,19.93920184,22.8176842,19.8255694,19.50841403,20.58354859,18.76347828,17.78857827,17.71854983,20.99202012,21.94819112,18.12158857,0,20.77917549,20.86089412,19.29845696,23.88681382,23.88681382,18.8477504,17.67513588,18.56033827,20.11215834,20.02312796,20.51712536,23.54555753,21.31491908,0,17.92889106,23.83655598,19.93342973,20.82057114,18.62869375,21.01105007,0,19.79081312,20.97644808,19.96205817,19.69404548,19.65312026,17.97104287,19.34586081,21.70051433,21.44274306,22.18370968,0,20.84766202,21.04468229,19.36065236,25.59028198,19.10987225,15.73139992,0,20.69533499,0,18.98326126,18.03150508,18.46061203,23.53299733,20.90236875,20.94901042,19.41039259,17.84504104,0,25.23976682,22.3415583,22.96681639,19.98633135,19.06182246,17.32845001,18.07511469,18.22911324,20.35742734
TP17L5,98.04283198,18.95106454,18.91461052,19.20981607,21.5537354,20.01571716,19.36584642,16.05688195,18.85282143,18.52462749,16.93841695,0,17.37813742,19.60382434,0,0,24.99627327,0,18.85543159,18.31919992,13.65694822,17.36706642,19.75524028,21.19913027,17.43242359,23.30629582,18.81874392,19.18834009,23.37467543,16.60875354,16.96148707,22.99576362,0,19.93934901,18.35531869,26.82296807,17.96982201,17.39273294,0,21.43351347,25.58875555,20.93590514,21.96840684,22.66625333,18.66555925,18.04915825,20.54455556,18.88465463,22.83602972,22.20462993,24.48874607,0,20.20628648,17.11176055,21.21208527,0,21.54655045,21.45084828,17.19550117,17.84015965,21.80154539,20.40279458,24.1871814,21.7963864,20.88731717,16.91939252,23.28116315,19.39863653,0,19.31052768,19.16142673,16.29480168,19.34899433,19.12100712,22.13871188,21.69693766,19.78055388,17.24462955,20.33814687,21.06151823,21.37145057,20.72808383,20.94911456,20.37465791,19.92417514,15.69840811,20.66579673,17.07015036,19.5028164,22.34479354,5.923871585,17.37935936,0,19.81027822,0,24.49837638,17.03395614,16.83659073,17.67765195,19.43489385,21.38302486,17.38834714,0,20.02499782,22.61928862,18.17912779,21.48809837,17.52808274,26.77444788,16.72048519,21.2605952,16.39209909,20.18426883,16.89645241,16.09929728,17.00314029,19.58504204,16.05348079,17.45883361,20.6878289,15.19831061,19.36641388,17.37427517,19.57802866,17.88944455,19.32888628,15.48267033,17.82458702,18.6534445,18.48573419,16.87767135,0,16.33379389,17.36622931,16.53288368,16.45781676,15.286009,17.76884001,20.16414784,15.81533211,17.65299198,0,15.78903285,14.54200246,20.85179918,21.02314079,15.64842758,21.38456629,16.9353472,0,18.31494359,20.92170707,19.84705848,19.54112678,17.4470164,15.5948137,17.45667425,20.62061373,17.16758333,15.47215749,18.43260937,17.58588475,18.59963878,15.26713458,17.85285756,0,17.49351255,18.73298284,19.07238259,14.34005524,18.55544845,18.33011474,19.28798605,19.20899398,19.67144086,19.58791306,20.85639969,20.80273751,15.83507545,17.28602924,17.29578451,18.6190313,18.79203525,19.37006511,0,19.94477835,16.45186135,24.34170385,20.94727522,25.65020268,21.46151368,17.78931569,17.47887179,17.70937988,17.44908094,19.06738551,23.01498615,19.87944186,20.71025674,17.8313091,18.6873036,0,18.91609843,17.62559439,17.52806624,21.85268545,21.10775487,0,19.61640526,19.6204856,20.44058196,20.13694591,20.98224729,20.77555289,18.77664358,20.58834736,15.22133022,16.74195115,15.20602986,18.54379089,19.78578252,18.39504184,18.61816932,19.92505676,19.82830731,21.76296405,18.42167575,18.9459956,20.06939042,18.521318,17.76755852,19.52927292,17.76984107,21.29494148,17.66805617,0,20.14073949,20.15396771,18.34740499,23.5189886,23.5189886,0,17.65931898,17.66403908,20.12634484,19.13545224,19.40596001,22.66081964,20.47099962,0,0,23.8016313,19.31505434,19.97010056,19.00163764,20.39868453,0,19.27590107,20.50481328,19.25701704,18.72721101,19.47528288,17.79332371,18.69028376,21.52769945,21.28557312,21.85166405,14.73865489,19.49360898,20.2712903,19.80412196,24.88568007,17.38062507,14.61727181,0,20.37412671,0,18.25059276,17.16812082,18.19117669,23.27177069,19.84891666,20.76432377,17.76296207,17.29921656,0,23.16826049,21.67131793,21.66291357,19.10463614,18.09254844,17.20639947,17.93839023,18.27704284,20.37855489
TP17L14,98.07654588,19.41957227,18.79391594,20.05181292,21.6195309,20.23994955,19.4996967,16.62467739,20.74931345,19.33285861,16.4847014,0,15.97404635,19.51384338,16.83323955,0,25.27288084,0,19.31146135,18.63337458,13.01698695,17.40631867,19.4413263,21.28901015,19.82784425,23.46334537,19.09656278,19.13942027,23.98741721,19.69971439,17.14634388,23.25167085,0,19.83077836,18.41061411,26.01560764,18.84707775,16.95586205,0,22.06871753,25.55005266,21.19437696,22.4803705,22.78315714,18.963147,15.83684322,20.63913474,19.14147595,22.68736233,22.21323139,24.72607415,0,20.52181863,18.05987377,21.3967224,0,21.43886158,21.81482492,17.35167964,20.37087703,21.2873895,20.53746892,24.75488816,21.58305357,22.07566083,17.31096782,24.35711052,19.57434782,0,19.04078135,20.31127867,16.76147671,20.2028443,19.47524218,22.53715838,22.47613705,20.14871087,18.68302175,21.56733755,21.86907027,21.30927765,20.12267497,22.12035888,20.21756015,20.32627452,16.39428656,20.54469397,16.61634949,20.25743252,22.33872726,0,17.62326192,0,20.53284755,0,24.82137731,16.78123374,16.82221059,18.81948876,19.74267519,22.42137615,18.29888819,0,20.33345277,21.83818585,19.59381835,21.6771732,17.26420499,27.10774782,17.15003996,22.82463598,17.40499238,20.44349863,16.83031446,17.50086106,0,19.63928803,17.04316981,17.23069845,21.37115796,16.01389455,14.20170317,17.26666336,19.57910032,17.70027145,20.13437528,15.47228784,17.52019576,19.48680072,18.52992124,16.88230111,0,17.33478366,0,16.57257334,16.59977301,14.75426074,17.26439965,20.1363906,15.15668406,15.21346827,0,16.5033071,14.60563184,20.77675643,20.95000708,15.64195152,21.0019996,17.30587196,0,20.79014014,21.12190248,19.82878617,19.59495663,17.87214859,14.58881411,18.19743367,20.83785571,17.66447333,14.43467004,18.41864873,17.70993946,18.36370645,15.675394,18.1676647,0,17.66905868,15.130931,18.61589774,14.58676476,18.6419401,18.22078894,19.55364099,19.35212535,19.76160642,20.31219674,21.65974727,20.83090561,16.28134397,17.48293613,17.42837646,18.92722631,20.17188314,19.79739801,0,20.06134738,17.69306858,24.22059488,21.05470632,24.07870209,21.04901116,17.60311888,17.36694652,18.21820929,16.79696779,18.94353083,23.6418313,19.12659512,20.82866748,18.16844008,21.59527661,0,19.02999934,17.84309728,18.00680278,21.89679175,21.14059725,18.2292256,19.72494345,20.87646952,19.63808167,19.31912694,21.03341048,20.90728459,19.11036186,19.06005302,15.99488202,19.30523818,16.39617956,17.63347426,19.66873707,19.15017905,18.32577513,19.97527101,19.81620887,22.42850689,19.48068718,19.32815695,20.38131004,18.82563095,17.06749606,19.73445308,17.9634621,21.72800749,17.93877441,0,20.13553325,20.12418908,17.84136088,23.61210772,23.61210772,18.60914933,16.91368086,17.61792588,20.12068325,19.82730589,19.9782096,22.9430919,20.9748842,0,17.88246301,23.15769746,20.07447829,20.49129948,18.22069124,21.19668248,0,19.73225872,20.9469319,19.7175105,19.19737067,19.5195433,18.0020874,18.90065028,21.29739904,21.1708067,21.90500425,0,20.76066508,20.87513369,18.49818307,25.12923716,19.14067167,15.86039095,0,20.67221691,0,18.55281788,17.57525058,18.0668842,23.39827854,20.6111035,20.22296222,19.18897512,17.45136412,14.96048721,25.30031626,22.25382566,23.33910357,19.8731428,19.00268519,16.83025277,18.18935308,21.47010274,20.23792868
TP17L12,98.47721592,17.30181956,19.16127862,18.93144198,21.34136651,19.73833199,19.30261498,16.64182554,16.84062034,18.57445383,16.53063565,0,17.32133002,19.31492014,18.03141045,0,25.2984801,0,18.96699815,18.55043027,14.54427682,17.77277828,20.69350081,21.33216527,19.74633005,21.73945258,19.25085942,19.265866,23.57448634,14.46915448,16.75282358,22.83881744,0,20.28678789,19.45592876,26.62735419,18.25785635,17.63226945,0,21.44086656,25.88499059,21.35948332,22.94681431,23.03525574,20.77400089,18.90272005,19.81992153,19.05793144,23.04665003,22.66114007,25.52623973,0,20.3526774,17.29661213,21.48968438,0,22.07816411,21.31398914,17.79875085,17.36004206,20.73745119,19.87013633,22.75502664,22.00360113,21.59517127,16.90027163,23.52662855,19.69715958,0,16.31382904,16.47288149,15.26204689,19.77976621,19.42377599,22.30921572,22.28713791,19.91223673,17.24024144,20.63632068,19.4953547,21.46979352,19.54053751,20.75910441,19.63685196,20.35302236,15.60207368,21.05776094,17.13915954,20.023774,22.55687832,23.110043,17.90471966,0,19.70750512,0,25.23148175,14.20988838,17.03565419,17.84063771,18.94618823,21.93304912,19.06768454,0,19.98826717,22.16940422,18.45476195,21.43208806,17.72851589,26.94796945,16.82696732,22.75508461,16.76110905,21.73977581,17.85582372,14.37667245,18.36622873,19.83985931,17.49063994,17.41783173,20.58735782,15.92527961,19.02081718,17.35073679,19.66228982,18.23329077,17.29666541,16.01405943,17.80553024,18.04478478,17.64927173,17.65285294,0,16.74851878,16.78794428,17.45988367,16.55802571,15.26033231,17.82776997,19.39327269,15.88466752,16.45893527,0,17.93575767,12.66734391,21.34595086,21.4408014,16.09172291,22.35914738,17.4004306,0,20.49286321,20.8821118,20.12673101,19.8122947,17.72780882,15.74552839,17.42489054,20.90757247,17.82765612,15.00926003,18.76861009,18.14647048,19.09470863,15.83256352,17.8767737,0,17.02837851,19.30888596,19.23094796,14.24502716,18.64067401,19.06694066,19.56798379,19.59146568,20.15910512,21.21238893,22.31077086,21.05267076,16.04631737,17.60384622,16.5456768,18.67984438,19.29191054,19.54672141,0,19.60531986,16.44486004,24.55631393,21.40671002,24.7363274,20.70182353,18.34851758,17.89717095,17.85697526,17.86487037,18.88980623,23.27654887,18.97789318,20.79515246,18.41595394,18.75518415,0,19.12286474,17.44545501,22.21640586,21.88590527,21.27249045,0,19.59585843,20.46789648,20.46880334,19.71715962,20.92718465,20.39462702,18.67092705,18.06254124,16.15501046,17.84288246,15.23681306,17.51040277,19.78197191,20.80231204,20.3452488,20.41338018,19.77898297,22.33638923,18.90237327,19.09880422,20.03706904,18.6840118,17.7794772,19.7545154,21.06564768,22.10223944,17.8310325,0,20.64378202,20.63288314,19.10186705,23.80929581,23.80929581,0,18.09066627,18.13465833,19.99805809,19.57818256,18.71637046,20.86357361,19.55696561,0,0,22.17402912,19.00920709,20.08298483,18.98219361,18.71912999,19.15006875,21.4864023,22.681891,15.32343979,18.32507808,18.89346067,18.03039333,18.78839323,21.61233541,20.70363596,21.82087026,14.56513691,19.91100674,20.48766746,19.74017067,25.92226599,16.03701836,14.21902726,0,19.92878388,0,19.09651185,17.44265206,16.91922488,22.9541208,19.54462204,20.39669074,20.72555885,17.03698449,14.7432157,23.51690973,21.8708883,20.47000763,16.81453114,19.02084517,17.28961668,18.35713285,21.24933624,20.63511914
TP13L20,98.55584209,19.01970579,18.17589014,19.18422579,21.41843037,19.52335729,18.4568425,15.49470993,16.63301388,18.72491063,16.48776228,0,15.09846301,19.71586369,18.20890877,16.93586154,25.03143032,0,18.55359592,18.43424408,14.52212828,17.08721138,19.60993756,21.26015869,19.74593438,22.10778482,20.10593596,19.25102525,22.77502818,17.06077282,16.28444586,22.35600136,0,20.15280441,17.18969435,24.84334532,17.89976236,16.99126394,0,20.62690894,25.71269393,19.84974259,21.46436445,21.75436394,19.01324478,18.16642166,20.41071423,18.81708408,20.88122999,22.25905392,24.62450685,0,19.58082784,17.27486903,21.75235677,0,21.77447785,21.67677975,17.1639311,16.60264477,19.22939645,19.11711086,23.11848896,21.37914208,21.5303467,16.59340583,23.9229701,19.58257595,15.91938874,15.4619757,16.86058766,16.41896263,19.17270688,17.26291129,22.04382503,21.87294557,19.52141493,16.71011933,20.30660328,18.57479723,21.56206965,19.3561862,21.39803982,19.02754163,20.39128049,15.38569554,20.61333821,16.6202365,18.93952788,22.30563761,22.69389706,17.45267612,0,19.51830435,0,25.46145177,14.68444292,16.66194565,17.97641861,19.03936408,21.79571416,15.4654453,0,19.94901066,20.73678177,18.01311982,21.61487316,16.50560259,26.24272993,16.58048322,21.15853578,16.42672388,19.68692378,16.33214147,13.62583084,0,18.96283158,16.82915856,17.32112231,20.54712155,16.46984385,14.51112934,16.43525888,18.90343638,17.16175157,16.58375235,16.06233735,16.5974439,19.84307663,17.61062846,16.90930621,0,16.42879832,0,16.00743796,16.49521651,14.72168378,15.01799446,19.28597237,14.91079372,16.09264916,0,17.01094381,13.26445766,20.80617828,20.93123443,15.53714346,21.30432564,17.55116305,0,20.14214615,20.41723471,19.77079325,19.14275062,17.40814031,14.50445538,17.39998347,20.1609544,16.72214072,13.98801272,18.44089225,17.84693808,18.03529949,16.34762341,16.85508554,0,16.40508143,18.16642166,18.57952564,14.31096396,17.9329712,20.63381361,19.24451376,18.41741087,19.72846696,19.71557315,20.95395911,20.28049993,14.1984645,16.62768809,15.42562232,18.00844216,18.78374004,18.6935638,0,19.0527557,13.44178664,22.63483096,20.16441349,22.89399395,21.41756023,17.41312648,17.50073599,17.50628603,17.54161847,18.21726514,22.26341211,18.17398382,20.10611632,18.0548207,19.5144216,14.38184948,18.59517974,16.78409232,17.60481923,21.43246478,20.64758381,17.85443894,19.42276288,20.41451322,19.8795309,19.21553162,20.32190015,20.29140216,18.33867125,19.96340175,15.58664953,16.86168044,14.55832117,17.22176701,19.26237415,17.88934266,17.50798064,19.47291046,19.33212726,21.55413057,18.36231621,18.18019465,19.42303826,18.13371087,16.74405779,15.70843928,17.15029143,20.51435946,16.98060648,0,19.01810246,18.95918404,17.99996936,22.60339199,22.61086354,0,17.72956588,17.31016447,18.87929766,18.50514016,18.59944562,20.19246206,18.7428747,0,0,21.63276345,18.52810372,18.22474115,18.76452168,18.21316452,0,18.45280415,19.75283764,17.20506971,18.70991351,17.94884148,16.69333725,18.06498969,20.5997621,17.13482793,20.08623319,13.91383031,0,19.37695835,18.82716497,25.02551738,16.15713879,14.43418497,0,19.22574281,0,17.50897039,16.57328674,16.96612713,22.81988156,19.62909174,20.28162808,15.88138129,17.02576414,12.98560112,22.58356869,20.33981655,18.95810484,16.87197144,17.19400686,16.7570504,17.73639087,20.62347925,19.57028343
TP17L20,98.77844868,17.45100811,18.96050514,19.14487995,21.26932578,19.6076069,18.87878237,15.63156169,20.76787796,19.2184515,16.53761178,0,17.1860744,19.27638595,0,0,25.69138159,0,19.04551908,18.258547,12.8165728,17.44211615,18.61005563,20.81383345,19.8835716,21.89031046,19.1637327,18.80761233,23.37260994,16.08364288,16.23582382,22.64993051,0,19.8480447,18.19409798,26.68528834,18.01310749,17.76722105,0,21.189114,25.95669315,21.07429734,22.80700845,22.51047511,19.34348224,17.60184041,20.28556867,18.78828879,22.66986458,22.02631002,25.24889159,0,20.17809117,17.05551785,21.23154146,0,21.49534787,20.91168259,16.96779182,16.82927769,20.1799071,19.56641155,24.04311261,21.05007686,21.08714218,16.43042856,23.30226459,19.22170251,0,18.10483097,18.64999558,15.65370011,19.4490035,19.62832779,21.82068966,21.44568578,19.32174003,16.62902668,20.3092927,20.65712183,21.67218426,19.56013412,20.4132633,19.7074913,20.29879804,15.39966608,20.05754582,16.21576308,19.34260178,22.21314838,14.88763691,17.51439939,0,19.57237815,0,24.53991426,16.09987909,16.39287894,18.13557542,18.30966076,21.80907538,18.17981243,0,20.0208859,21.8429641,18.20395223,21.14331217,17.08510204,26.8418299,16.42962546,22.26440951,16.14807095,21.15758567,16.41618043,15.50847297,17.53402503,19.34800565,15.41242245,17.69313826,20.37962911,16.08756185,18.92371074,17.09150886,19.54753673,16.90971284,17.18492318,16.28844463,16.64513128,18.1550591,18.20831092,16.83887544,0,16.12060145,16.76378631,16.18911702,16.72753443,14.40533285,17.03897913,19.74186134,15.80082961,17.27647885,0,16.90670714,15.77934095,20.27338876,20.43611322,15.36966306,19.95632354,17.50656542,0,20.4172498,20.88258056,19.54440577,19.73828146,17.53246022,13.52289504,17.5448675,20.73008058,17.56787978,14.12540644,18.11172383,17.26822006,18.07255059,15.41376125,17.98264036,0,16.02625345,14.47763767,19.07917768,14.39211215,17.97789468,17.75601626,19.77592119,19.11087782,19.57446049,20.8377915,21.94216725,20.93644376,15.97728398,16.90009872,15.82148103,18.38875141,18.77999129,19.10114795,0,19.10646798,16.60368763,24.22008146,20.78313573,24.00412032,21.19179601,18.32252757,18.23546314,17.45117078,17.14764409,18.6227541,22.84736557,19.62938724,20.82401788,18.49061384,18.39865957,0,18.59927452,16.76868136,17.47053288,21.87971721,21.2175349,0,19.5516144,19.56220312,20.32192762,19.74750607,20.76333958,20.4200269,18.73050123,20.21553168,14.69234572,16.53361408,14.83436275,17.86850604,19.8202205,18.50656364,18.71635215,20.00607067,19.74309603,21.98106945,18.63299923,18.92437719,19.95510945,18.37106973,17.09690691,19.37850117,17.41741262,21.46414586,17.70073479,0,20.18983033,20.19458822,15.77153404,23.34536795,23.55636699,17.51315623,17.75058923,17.35003526,19.65166461,19.30427442,19.36622317,20.96897599,19.2163537,0,0,22.24230999,19.08206169,19.59806604,18.90174934,17.63200567,0,19.91111304,21.16904825,17.3987698,18.55158761,18.84146739,17.71465567,18.80766674,21.55493347,20.51531804,21.8586591,14.60089413,19.34924053,20.18664545,19.67432952,25.64184631,16.77555152,15.02070493,0,20.486762,0,17.80123489,16.56951589,17.66837707,23.06215082,19.82926702,20.99058772,17.92111889,17.67801266,15.64483262,23.23678713,21.97919303,20.43814797,18.12919235,18.20805441,16.79340503,17.80656603,17.61212239,20.35563034
TP13L1,99.13083847,18.84798371,18.15786534,19.27034134,21.55366948,19.65827475,17.70933018,15.72440873,16.58316587,18.02186117,13.6861197,0,15.11134477,21.45941306,18.28479488,0,25.2949381,0,19.19803668,17.87405924,15.39358557,17.06788407,20.13832209,20.30886483,20.30671093,22.39924202,20.03837904,18.41627057,22.70284125,17.77674001,16.43117429,22.67555338,0,20.64951823,18.23883837,25.84081374,18.36439097,17.00479544,0,20.61766162,25.71169916,20.83043902,21.77441688,22.31871453,19.32211944,17.12215056,20.18784185,17.72827578,21.11107802,21.57970814,25.11617768,0,19.97207941,17.09882097,20.91236035,0,22.27641832,22.14061731,16.37102379,19.93348595,19.83775448,19.07411566,22.99208468,22.29469344,22.49331147,16.70773002,23.51937714,19.85163994,15.76976945,17.04367049,18.20627108,16.47915451,19.43717814,19.14485459,21.62241303,22.26864058,19.52537028,17.1415143,20.65396505,19.89771802,21.20175133,19.15104702,20.17293601,19.59555884,20.74054787,15.38310082,20.07766272,16.92841742,19.35764982,22.34184508,0,17.38728294,0,20.30866076,10.77681409,25.5257892,15.11772387,15.82056277,18.53043355,19.09023334,21.62068903,18.94760928,0,19.76640396,20.76002549,18.26556106,21.95045516,16.44062035,26.3054113,16.58111942,21.87871508,16.25463097,20.23443125,16.88191865,17.31142225,0,18.80287772,17.19784716,17.11399758,20.11404772,15.6728312,16.84442813,16.38397007,17.67373114,16.48748348,16.77581269,15.95498205,16.80027914,19.90508769,17.25253609,16.50885679,16.87655542,16.30243228,0,15.98160245,16.59504969,14.9935784,16.53430497,19.18637884,14.57523049,16.0846008,0,17.21860253,0,20.58380808,20.70580894,14.96612989,21.52752868,17.16816656,9.626752853,20.16163629,20.52758374,18.05824668,19.39577667,17.09275095,15.72095811,17.50738653,20.17892095,17.31500534,14.31658794,18.35275481,19.95900398,16.46925801,15.15488778,17.03244026,0,16.21100413,18.58401927,18.76145234,14.45985343,18.12119257,17.37376424,19.4250206,18.77050835,20.19133036,19.83971396,21.13257817,20.32356968,15.63785428,16.24175665,15.83846415,17.72103867,19.21143206,18.74663771,0,19.11213056,17.14359688,22.8416489,20.67578307,24.6077646,21.50988023,18.44255235,18.32595978,16.96457832,16.75581341,18.5990899,22.64750734,17.98865773,20.84957003,17.86600637,17.50529223,0,19.20424138,17.26053058,17.79117277,21.63866468,20.87054384,17.74782474,19.38241505,20.45777122,19.09399168,19.55442597,20.58236374,20.13480168,18.72144375,20.13480168,13.95436309,17.06862762,14.40815567,17.43692211,19.65385264,18.25976001,18.16728539,19.63636473,19.6574344,21.69535116,17.7936862,18.26972027,19.80436712,18.08902726,15.1022657,14.74871001,20.85368648,20.84738837,17.18928565,0,19.54527642,19.57013701,17.00421232,22.71627576,22.71740857,0,17.30143246,17.59589973,19.47209782,18.9162158,18.24278802,21.07815565,19.29386996,0,16.65366109,22.08686605,18.73937566,19.04163107,18.87610737,20.28351333,0,20.10207957,21.36792713,18.22063942,20.25377545,18.03718014,17.5850552,18.57969221,21.34769359,18.14811163,20.29812074,14.28504826,18.88481646,20.03657812,19.91987161,25.51306957,17.6908803,14.88453683,0,20.13895531,11.66968663,17.35305775,16.77770597,18.09574995,23.35350686,20.58313732,21.55778725,18.94760928,18.27911152,12.45754469,24.22322385,22.25512994,19.8186246,18.68567745,19.76005617,15.40837951,17.67508284,20.90605337,19.75729539
TP11L1,99.78086194,21.15220861,19.76762035,20.2331734,23.33524557,21.81573505,20.81408971,18.13992517,19.1050122,20.20534131,20.55779851,0,19.71457507,17.8909225,19.326482,19.72801685,25.72256997,0,21.10003048,20.25402018,16.69653127,19.2116545,21.60907935,23.87308303,21.87731693,24.27248975,22.46364482,21.6862432,24.82425845,20.70835676,18.44763528,24.29037292,0,22.41151094,20.92770932,28.0339793,19.94349598,18.46241422,0,22.55494413,26.8556358,21.42491223,23.07829762,24.48369846,20.40130669,19.54005802,21.85482177,21.52133847,24.64319485,24.94064476,24.10788602,20.59359881,21.67533497,19.43212619,23.02060915,0,23.85942103,23.8188787,19.82606023,19.26528799,20.8695722,21.72548416,25.49012722,20.33815271,23.82176547,18.38886177,25.25674423,20.4587017,0,19.18661986,19.16412258,17.5700669,20.77687612,21.02648137,24.53240765,24.08828466,21.38616531,18.23946678,21.92347437,21.39732203,22.83954737,26.056244,22.06302626,21.43620288,21.40680753,17.44166514,23.36591144,19.34664405,21.0614094,24.23506455,0,19.79434152,0,21.66278101,0,24.62825653,16.74535252,18.81955679,19.24338001,20.43706372,24.67420805,16.88140752,21.27850714,21.79980529,24.60319143,20.77994533,23.73332777,19.33836094,27.87884425,18.53445387,25.42502959,19.03423308,20.72664658,19.78099103,16.83138003,0,21.60364534,19.27059235,19.32657061,22.73794101,18.28011849,18.54280576,17.86553039,18.95035738,19.2813324,20.37552108,19.7740138,19.09105332,20.55654121,19.81660339,20.12773512,0,18.86151995,0,18.1507576,18.72081093,20.20586289,19.21009807,21.55276203,17.54145129,19.14388141,0,18.71132653,16.99497089,23.00603786,23.06869276,17.80566008,22.19823547,18.95423811,15.59863285,22.30717154,22.12430587,22.91192282,21.36944357,20.61518805,17.33037651,18.76819466,21.77739213,18.85767851,15.98964786,20.70929802,20.0997665,21.54277001,16.7036557,18.90744261,0,17.27003078,20.80365971,20.84559025,16.42142207,19.0582851,21.00143681,23.37110173,21.0375384,20.60255497,21.39593154,22.60341989,22.22651727,16.88075526,19.8716508,18.31676911,21.16912719,19.47120406,20.74813172,16.60852906,22.30910366,17.40170736,26.16419481,26.73616968,27.90092194,24.43308466,18.81992403,19.04292641,20.81668043,19.12525352,21.01543432,24.45274485,21.06541255,22.33178177,18.95890718,20.89314586,18.46169489,21.06065763,17.87100673,19.65509213,23.45879058,22.7243202,0,21.32378376,22.21026357,21.71211889,21.08767381,22.21970891,22.36126557,20.09797447,18.86792421,18.31212083,18.64724726,16.61250334,18.86157216,20.36685754,19.82665948,19.2181653,21.12520222,20.99967057,23.18814123,19.75467628,20.21155727,20.95322172,19.83652994,19.47993722,16.3014738,19.33345172,22.33388911,18.83526977,0,20.99928437,19.97837641,19.74765683,24.40061449,24.40061449,20.46354732,19.63870335,19.9842778,22.48390218,20.57756087,20.81944393,22.50019661,20.76153373,0,19.16760771,24.28194381,20.30105373,20.14056119,20.5672032,22.09504368,0,20.2502252,21.38429155,19.23198189,20.99521445,20.23744261,18.77420846,19.56365735,22.07275582,20.26824156,21.59685268,0,0,20.78591654,20.1989093,25.92174669,17.89848055,15.38226025,0,20.46024304,17.8938405,19.79708484,17.92603981,18.62982131,24.1998985,21.79328212,21.85666928,17.46653104,18.9747133,0,24.92130171,22.68061069,23.3063798,0,22.12178187,19.11665245,19.81839521,19.01052871,21.21918621
TP11L2,99.78523624,21.22442733,19.62368796,21.12186694,22.90419313,21.84796693,21.33941077,18.24795024,18.27871309,20.94097058,20.12114126,0,17.75543265,18.04347073,0,18.02082009,26.4495746,0,20.97099245,18.5500715,16.69268467,19.26474215,21.82480234,23.87176312,21.0719988,24.81173659,20.79610304,21.59340914,24.52421991,20.08976994,17.84421997,24.29866903,0,21.1697658,19.35093587,27.26617941,19.36690109,19.08547788,0,22.76209807,26.61247183,21.17195063,21.93199266,24.49437872,19.02638059,18.67209703,21.52862354,21.42486355,23.86771568,24.29164518,26.02586018,0,21.45286716,19.83723121,22.87974355,0,22.37698201,22.76476296,19.53011974,19.67261831,20.71952915,21.84993786,25.19548392,22.4505929,23.89128398,18.11486529,25.86621445,20.85292026,17.22986113,18.32359531,18.85900304,18.17405323,21.41216965,20.75972553,24.64007921,24.31585295,21.68651703,18.35809372,22.8024444,20.99625001,22.50506325,21.38178929,21.88901931,21.05548139,21.21433768,18.13775119,22.85918461,19.22499319,21.15251166,24.14678407,25.32457093,19.4046681,0,21.82745768,17.79434581,25.68798819,0,18.25463344,19.78274695,20.54010872,24.83031365,0,0,21.38925502,23.4644959,21.76990152,22.96720277,18.79811581,27.97718155,18.29415535,22.96221823,19.01644816,19.3266687,19.72977297,21.7033645,0,21.03273003,19.25611903,18.77436453,22.79926965,15.72855177,18.59497039,18.08965093,20.96783352,18.0474704,19.94358394,17.00509033,18.75336919,20.58853938,19.07618562,19.41245994,0,18.98929221,0,17.68435099,18.12375608,16.27116992,18.99725329,20.00992516,16.62161463,18.68515941,0,18.3316492,16.95687723,22.28200389,22.3802784,17.56819052,23.60639589,18.61552789,17.86085597,22.61506556,22.62408627,22.50934147,21.30932954,19.55296711,17.01374921,19.98934929,21.61628449,19.24052688,15.21604527,19.1639865,18.83532605,21.12364321,17.31747904,19.1681454,0,17.33772825,18.22048865,20.17267455,15.65834139,19.60917299,20.64674866,25.73865889,20.87684304,19.88483728,20.95875448,22.25077606,22.84998407,18.36535765,19.2450604,18.83087187,19.90418998,21.91869071,20.87933546,17.00762244,21.82153754,19.03253206,25.59766904,25.42926341,26.52495025,24.06362338,17.97224422,18.6144538,20.40665949,19.31392161,20.19651275,24.45892942,20.41043372,22.0984691,18.40442707,19.82498155,16.82566567,19.28786874,18.36011465,19.28289638,23.0082146,22.34540578,0,20.62345555,20.55630372,21.32956812,20.81076223,22.13459384,22.4105504,19.86120943,20.23308958,18.54926667,20.7242156,17.31646396,18.67532186,20.55880922,19.72036984,19.11661289,20.97029826,20.96247628,23.70936031,19.67074632,20.06580659,21.26557406,19.99202947,18.41563172,16.39214149,19.46366894,22.77052288,18.89000191,20.62774493,20.70811294,20.72270643,20.25423544,24.64015456,24.64015456,20.44424872,19.41982943,19.842243,22.43276399,20.847459,20.59535019,22.82234668,21.9457181,0,19.01110482,23.87059654,19.80447031,20.94876488,19.08173658,21.60508213,0,20.34264301,0,20.6825797,20.66143764,19.82504809,18.06576824,19.88689575,21.82379629,21.81542129,22.1342418,0,21.14459157,21.3022998,19.1931475,26.60614719,17.7712224,16.37528989,0,20.64787808,16.55029583,19.41075787,18.05537114,18.63708881,23.97766958,21.56587454,20.71659566,17.276359,18.40687805,0,25.84594331,21.80802663,20.10114809,0,0,19.26652843,19.45870065,22.56363619,21.06870472
