ID,Fungi_percent,Root_38883,Root_148878,Root_162046,Root_10928,Root_91469,Root_130880,Root_15779,Root_202391,Root_99120,Root_11166,Root_175907,Root_64005,Root_49523,Root_184128,Root_194486,Root_54463,Root_188631,Root_41244,Root_216433,Root_69299,Root_118182,Root_224457,Root_179492,Root_2390,Root_155818,Leaf_125780,Root_47884,Root_174173,Root_191327,Root_113973,Root_1103,Root_151013,Root_111680,Root_166101,Root_113377,Root_200255,Root_221823,Root_143689,Root_57032,Root_59300,Root_127326,Root_121286,Root_84125,Root_183583,Root_172356,Root_156673,Root_156786,Root_73621,Root_24035,Root_215020,Root_153669,Root_59456,Root_95261,Root_140440,Root_211270,Root_136679,Root_104723,Root_101674,Root_111554,Root_211543,Root_93356,Root_212236,Root_108316,Root_55165,Root_189281,Root_51035,Root_27332,Root_50482,Root_172596,Root_76523,Root_117583,Root_160364,Root_180741,Root_39854,Root_44042,Root_73949,Root_101435,Root_82707,Root_77078,Root_113154,Root_184318,Root_123373,Root_183416,Root_63116,Leaf_84470,Root_28610,Root_109253,Root_122808,Leaf_25777,Root_125915,Root_1579,Root_213440,Root_90692,Root_308,Root_139592,Root_2732,Root_3057,Root_193653,Root_16212,Leaf_62421,Root_178885,Root_134106,Root_63866,Root_140846,Leaf_12464,Root_105110,Root_115580,Root_164103,Root_36484,Root_57287,Root_44705,Root_158656,Root_66362,Root_132968,Root_12619,Leaf_31994,Root_9452,Root_10281,Root_115553,Leaf_18396,Root_119408,Root_152329,Root_181534,Root_169057,Root_130615,Root_50973,Root_127272,Root_125735,Root_56487,Root_90467,Root_220489,Root_1764,Root_84044,Root_189918,Leaf_44248,Root_218541,Leaf_115366,Root_105058,Leaf_117011,Root_22335,Leaf_78774,Root_62706,Root_12180,Root_163894,Root_181746,Root_113058,Leaf_41068,Root_92542,Root_131744,Leaf_117481,Leaf_127661,Leaf_5364,Root_198904,Leaf_69136,Leaf_117924,Leaf_120155,Root_2440,Root_120701,Leaf_40387,Root_149925,Root_182393,Leaf_35726,Root_190962,Leaf_139145,Leaf_32384,Leaf_87626,Leaf_69736,Leaf_111692,Root_195059,Root_132657,Root_1869,Leaf_96475,Leaf_84553,Leaf_74244,Root_163400,Leaf_61254,Leaf_85038,Leaf_21976,Leaf_58621,Root_148514,Leaf_39198,Leaf_111249,Root_111122,Leaf_122283,Leaf_62519,Leaf_112981,Root_26365,Leaf_40428,Leaf_61835,Root_144279,Leaf_54591,Leaf_119029,Leaf_88041,Leaf_134686,Leaf_92733,Leaf_19209,Leaf_16106,Root_63610,Leaf_54557,Leaf_25253,Leaf_66826,Leaf_43702,Leaf_122521,Leaf_85306,Leaf_76876,Leaf_84033,Leaf_36524,Leaf_137425,Leaf_119368,Leaf_14714,Leaf_61762,Leaf_50181,Leaf_130366,Leaf_48835,Leaf_95091,Leaf_134403,Leaf_16240,Leaf_124255,Root_157262,Root_79035,Leaf_112849,Leaf_67610,Leaf_52669,Leaf_68683,Leaf_129663,Leaf_90201,Leaf_88315,Leaf_60840,Leaf_101660,Leaf_55085,Leaf_59661,Leaf_37896,Leaf_128122,Leaf_69027,Root_1209,Leaf_33033,Leaf_126710,Leaf_41660,Leaf_56963,Leaf_40328,Leaf_32027,Leaf_75722,Root_28326,Leaf_4359,Leaf_63554,Leaf_89868,Leaf_79438,Leaf_73832,Leaf_27502,Leaf_10939,Leaf_23670,Leaf_94910,Leaf_1071,Leaf_39591,Leaf_46665,Leaf_118293,Leaf_53285,Leaf_19156,Leaf_21016,Leaf_16320,Leaf_39972,Leaf_62582,Leaf_32831,Leaf_59737,Leaf_123457,Leaf_78553,Leaf_135707,Leaf_142189,Root_224647,Leaf_90582,Leaf_31431,Leaf_75114,Leaf_24044,Leaf_67476,Leaf_64509,Leaf_106238,Root_156193,Root_37412,Leaf_125510,Leaf_96208,Leaf_97015,Leaf_25466,Leaf_78555,Leaf_24120,Leaf_9467,Leaf_88112,Leaf_40509,Leaf_130976,Leaf_136085,Leaf_144639,Leaf_117433,Leaf_130337,Leaf_130857,Leaf_117432,Leaf_73332,Leaf_92888,Leaf_14089,Leaf_126414,Leaf_13330,Root_30051,Root_160679,Leaf_122522,Leaf_105007,Leaf_94227,Leaf_57035,Leaf_142779,Leaf_120695,Leaf_28226,Leaf_86199,Leaf_73847,Leaf_77126,Leaf_32307,Leaf_124163,Leaf_86949,Leaf_105938,Leaf_144630,Leaf_88516,Leaf_10452,Leaf_123494,Root_20763,Leaf_20989,Leaf_50128,Leaf_126920,Leaf_55640,Leaf_54278,Leaf_82033,Leaf_38218,Leaf_95597,Leaf_59422,Leaf_139929,Leaf_76733,Leaf_132894,Leaf_76044,Leaf_100486,Leaf_24584,Leaf_4602,Leaf_141485,Leaf_114386,Leaf_99584,Leaf_102023,Leaf_25695,Leaf_128881,Leaf_84080,Leaf_35579,Leaf_87013,Leaf_44380,Leaf_61326,Leaf_79721,Leaf_32950,Leaf_69940,Leaf_139347,Leaf_103308,Leaf_125606,Leaf_63203,Leaf_84536,Leaf_128516,Leaf_131565,Leaf_69321,Leaf_91869,Leaf_3650,Leaf_12746,Leaf_23030,Leaf_139228,Leaf_15705,Leaf_81969,Leaf_125229,Leaf_99844,Leaf_74468,Leaf_100805,Leaf_20591,Leaf_92876,Leaf_71240,Leaf_13132,Leaf_80154,Leaf_33656,Leaf_50459,Leaf_107262,Leaf_109595,Leaf_142635,Leaf_28092,Leaf_135492,Root_20865,Leaf_49764,Leaf_130895,Leaf_44487,Leaf_86334,Leaf_22253,Leaf_136269,Leaf_89599,Leaf_103949,Leaf_83610,Leaf_58083,Leaf_102679,Leaf_116275,Leaf_137406,Leaf_81925,Leaf_17232,Leaf_122002,Leaf_126582,Root_3333,Leaf_111246,Leaf_101952,Leaf_106684,Leaf_140173,Leaf_39288,Leaf_108821,Leaf_62178,Leaf_94698,Leaf_141817,Leaf_93816,Leaf_88122,Leaf_141774,Root_9389,Leaf_72403,Root_53698,Leaf_32062,Leaf_75970,Leaf_82559,Leaf_119687,Leaf_94379,Leaf_74734,Leaf_103867,Leaf_14912,Leaf_80350,Root_118647,Leaf_28457,Leaf_24196,Leaf_133402,Root_128654,Root_122599,Leaf_61106,Leaf_77564,Leaf_59629,Leaf_68907,Leaf_131932,Leaf_24415,Leaf_20801,Leaf_109756,Leaf_45064,Leaf_12139,Leaf_64152,Leaf_75606,Leaf_11499,Leaf_126108,Leaf_34699,Leaf_27006,Leaf_142823,Leaf_130264,Leaf_19772,Leaf_38302,Leaf_111536,Leaf_80686,Leaf_88012,Leaf_57465,Leaf_55747,Leaf_113782,Leaf_66152,Leaf_4509,Leaf_108471,Leaf_13072,Leaf_45687,Leaf_9320,Leaf_78049,Leaf_78770,Leaf_46193,Root_155373,Leaf_2621,Leaf_116244,Leaf_7125,Leaf_58616,Leaf_143594,Leaf_123072,Leaf_31947,Leaf_114561,Leaf_133712,Leaf_131933,Leaf_77428,Leaf_144747,Root_124257,Leaf_15443,Root_144449,Leaf_69442,Leaf_44327,Leaf_87616,Leaf_99825,Leaf_137411,Leaf_41796,Root_198148,Leaf_19444,Leaf_127610,Leaf_12032,Leaf_52410,Leaf_35300,Leaf_54463,Leaf_106270,Leaf_95754,Leaf_78641,Leaf_80298,Leaf_97895,Leaf_78422,Leaf_97574,Leaf_47338,Leaf_141453,Leaf_11001,Leaf_41089,Leaf_92602,Leaf_107805,Leaf_63178,Leaf_124175,Leaf_14551,Leaf_114073,Leaf_35039,Leaf_3566,Leaf_77040,Leaf_45643,Leaf_62558,Root_64472,Leaf_798,Leaf_117796,Leaf_136577,Leaf_7968,Leaf_143337,Leaf_133321,Leaf_52600,Leaf_30064,Root_159233,Leaf_100311,Leaf_87022,Leaf_124522,Leaf_127928,Leaf_26706,Leaf_143444,Leaf_25104,Leaf_10866,Leaf_10740,Leaf_135577,Leaf_39821,Leaf_12540,Leaf_81851,Leaf_94767,Leaf_25736,Root_8153,Leaf_81946,Leaf_35655,Leaf_132807,Leaf_121994,Leaf_86064,Leaf_146107,Leaf_143672,Root_67383,Leaf_68718,Leaf_70476,Leaf_118122,Root_191370,Root_115676,Leaf_140202,Leaf_103354,Leaf_36769,Leaf_9720,Root_188957,Leaf_91745,Root_52212,Leaf_57134,Root_155329,Leaf_68879,Root_54727,Root_165038,Leaf_81936,Leaf_106147,Leaf_191,Leaf_39045,Root_141690
TP3L5,3.17767339,0,0,0,0,0,0,0,0,0,0,0,0,0,0,0,0,0,0,0,0,0,0,0,0,0,0,0,0,0,0,0,0,0,0,0,0,0,0,0,0,0,0,0,0,0,0,0,0,0,0,0,0,0,0,0,0,0,0,0,0,0,0,0,0,0,0,0,0,0,0,0,0,0,0,0,0,0,0,0,0,0,0,0,0,0,0,0,0,0,0,0,0,0,0,0,0,0,0,0,0,0,0,0,0,0,0,0,0,0,0,0,0,0,0,0,0,0,0,0,0,0,0,0,0,0,0,0,0,0,0,0,0,0,0,0,0,0,0,0,0,0,0,0,0,0,0,0,0,0,0,0,0,0,0,0,0,0,0,0,0,0,0,0,0,0,0,0,0,0,0,0,0,0,0,0,0,0,0,0,0,0,0,0,0,0,0,0,0,0,0,0,0,0,0,0,0,0,0,0,0,0,0,0,0,0,0,0,0,0,0,0,0,0,0,0,0,0,0,0,0,0,0,0,0,0,0,0,0,0,0,0,0,0,0,0,0,0,0,0,0,0,0,0,0,0,0,0,0,0,0,0,0,0,0,0,0,0,0,0,0,0,0,0,0,0,0,0,0,0,0,0,0,0,0,0,0,0,0,0,0,0,0,0,0,0,0,0,0,0,0,0,0,0,0,0,0,0,0,0,0,0,0,0,0,0,0,0,0,0,0,0,0,0,0,0,0,0,0,0,0,0,0,0,0,0,0,0,0,0,0,0,0,0,0,0,0,0,0,0,0,0,0,0,0,0,0,0,0,0,0,0,0,0,0,0,0,0,0,0,0,0,0,0,0,0,0,0,0,0,0,0,0,0,0,0,0,0,0,0,0,0,0,0,0,0,0,0,0,0,0,0,0,0,0,0,0,0,0,0,0,0,0,0,0,0,0,0,0,0,0,0,0,0,0,0,0,0,0,0,0,0,0,0,0,10.1299,0,0,0,0,0,0,0,0,0,0,0,0,0,0,0,0,0,0,0,0,0,0,0,0,0,0,0,0,0,0,0,0,0,0,0,0,0,0,0,0,0,0,0,0,0,0,0,0,0,0,0,0,0,0,0,0,0,0,0,0,0,0,0,0,0,0,0,0,0,0,0,0,0,0,0,0,0,0,0,0,0,0,0,0,0,0,0,0,0,0,0,13.8903,0,0,0,0,0,0,0,0,0,0,0,0,0,0,0,0,0,0,0,0,0,0,0,0,0,0,0,0,0,0,0,0,0,0,0,0.004578,0,0,0,0,36.3196,0,3.13672,7.07749,5.31823,0,19.8547,48.4462,6.60064,23.5618,159.547,48.0701,49.5521,19.3792,160.791
TP3L13,57.78991748,0,0,0,0,0,0,0,0,0,0,0,0,0,0,0,0,0,0,0,0,0,0,0,0,0,0,0,0,0,0,0,0,0,0,0,0,0,0,0,0,0,0,0,0,0,0,0,0,0,0,0,0,0,0,0,0,0,0,0,0,0,0,0,0,0,0,0,0,0,0,0,0,0,0,0,0,0,0,0,0,0,0,0,0,0,0,0,0,0,0,0,0,0,0,0,0,0,0,0,0,0,0,0,0,0,0,0,0,0,0,0,0,0,0,0,0,0,0,0,0,0,0,0,0,0,0,0,0,0,0,0,0,0,0,0,0,0,0,0,0,0,0,0,0,0,0,0,0,0,0,0,0,0,0,0,0,0,0,0,0,0,0,0,0,0,0,0,0,0,0,0,0,0,0,0,0,0,0,0,0,0,0,0,0,0,0,0,0,0,0,0,0,0,0,0,0,0,0,0,0,11.3257,0,0,0,0,0,0,0,0,0,0,0,0,0,0,0,0,0,0,0,0,0,0,0,0,0,0,0,0,0,0,0,0,0,0,0,0,0,0,0,0,0,0,0,0,0,0,0,0,0,0,0,0,0,0,0,0,0,0,0,0,0,0,0,0,0,0,0,0,0,0,0,0,0,0,0,0,0,0,0,0,0,0,0,0,0,0,0,0,0,0,0,0,0,0,0,0,0,0,0,0,0,0,0,0,0,0,0,0,0,0,0,0,0,0,0,0,0,0,0,0,0,0,0,0,0,0,0,0,0,0,0,0,0,0,0,0,0,0,0,0,0,0,0,0,0,0,0,0,0,0,0,0,0,0,0,7.03811,0,0,0,0,0,0,0,0,0,0,0,0,0,0,0,0,0,0,0,0,0,0,0,0,0,0,0,0,0,0,0,0,0,0,0,0,0,0,0,0,0,0,0,0,0,0,0,0,0,0,0,0,0,0,0,0,0,0,0,0,0,0,0,0,0,0,0,0,0,0,0,0,0,0,0,0,0,0,0,0,0,0,0,0,0,0,0,17.5431,0,0,0,0,0,0,0,0,0,0,0,0,0,0,0,0,11.7769,0,0,0,0,0,0,0,0,0,0,0,0,0,0,0,0,0,0,0,0,0,0,0,0,0,0,0,0,0,0,0,0,0,0,0,0,0,0,0,0,0,0,0,0,0,0,0,0,0,0,0,0,0,0,77.7002,0,0,0,0,0,0,0,0,0,0,0,0,0,0,0,0,0,0,0,0,0,0,0,6.75401,3.93089,0,0,0,0,0,0,0,0,0,0,5.31656,0,0,0,0,0.766167,0,7.12783,11.2396,0,0,7.88268,50.5364,5.24114,14.6998,214.662,21.2052,55.0172,37.7766,113.488
TP3L18,6.734275737,0,0,0,0,0,0,0,0,0,0,0,0,0,0,0,0,0,0,0,0,0,0,0,0,0,0,0,0,0,0,0,0,0,0,0,0,0,0,0,0,0,0,0,0,0,0,0,0,0,0,0,0,0,0,0,0,0,0,0,0,0,0,0,0,0,0,0,0,0,0,0,0,0,0,0,0,0,0,0,0,0,0,0,0,0,0,0,0,0,0,0,0,0,0,0,0,0,0,0,0,0,0,0,0,0,0,0,0,0,0,0,0,0,0,0,0,0,0,0,0,0,0,0,0,0,0,0,0,0,0,0,0,0,0,0,0,0,0,0,0,0,0,0,0,0,0,0,0,0,0,0,0,0,0,0,0,0,0,0,0,0,0,0,0,0,0,0,0,0,0,0,0,0,0,0,0,0,0,0,0,0,0,0,0,0,0,0,0,0,0,0,0,0,0,0,0,0,0,0,0,0,0,0,0,0,0,0,0,0,0,0,0,0,0,0,0,0,0,0,0,0,0,0,0,0,0,0,0,0,0,0,0,0,0,0,0,0,0,0,0,0,0,0,0,0,0,0,0,0,0,0,0,0,0,0,0,0,0,0,0,0,0,0,0,0,0,0,0,2.90223,0,0,0,0,0,0,0,0,0,0,0,0,0,0,0,0,0,0,0,0,0,0,0,0,0,0,0,0,0,0,0,0,0,0,0,0,0,0,0,0,0,0,0,0,0,0,0,0,0,0,0,0,0,0,0,0,0,0,0,0,0,0,0,0,0,0,0,0,0,0,0,0,0,0,0,0,0,0,0,0,0,0,0,0,0,0,0,0,0,0,0,0,0,0,0,0,0,0,0,0,0,0,0,0,0,0,0,0,0,0,0,0,0,0,0,0,0,0,0,0,0,0,0,0,0,0,0,0,0,0,0,0,0,0,0,0,0,0,0,0,0,0,0,0,0,0,0,0,0,0,0,0,0,0,0,0,0,0,0,0,0,0,0,0,0,0,0,0,0,0,0,0,0,0,0,0,0,0,0,0,0,0,0,0,0,0,0,0,0,0,0,0,0,0,0,0,0,0,0,0,0,0,0,0,0,0,0,0,0,0,0,0,0,0,0,0,0,0,0,0,0,0,0,0,0,0,0,0,0,0,0,0,0,0,0,0,0,0,0,0,0,0,0,0,0,0,0,16.0715,0,0,0,0,0,0,0,0,0,0,0,0,0,0,0,0,0,0,0,0,0,0,0,11.6973,5.28918,0,0,0,0,0,0,0,0,0,0,0,0,0,0,0,0,6.19299,8.8477,7.29972,10.9704,0,0,34.4734,13.6158,74.6406,269.69,22.0353,75.232,19.7672,161.233
TP4L5,17.17123936,0,0,0,0,0,0,0,0,0,0,0,0,0,0,0,0,0,0,0,0,0,0,0,0,0,0,0,0,0,0,0,0,0,0,0,0,0,0,0,0,0,0,0,0,0,0,0,0,0,0,0,0,0,0,0,0,0,0,0,0,0,0,0,0,0,0,0,0,0,0,0,0,0,0,0,0,0,0,0,0,0,0,0,0,0,0,0,0,0,0,0,0,0,0,0,0,0,0,0,0,0,0,0,0,0,0,0,0,0,0,0,0,0,0,0,0,0,0,0,0,0,0,0,0,0,0,0,0,0,0,0,0,0,0,0,0,0,0,0,0,0,0,0,0,0,0,0,0,0,0,0,0,0,0,0,0,0,0,0,0,0,0,0,0,0,0,0,0,0,0,0,0,0,0,0,0,0,0,0,0,0,0,0,0,0,0,0,0,0,0,0,0,0,0,0,0,0,0,0,0,0,0,0,0,0,0,0,0,0,0,0,0,0,0,0,0,0,0,0,0,0,0,0,0,0,0,0,0,0,0,0,0,0,0,0,0,0,0,0,0,0,0,0,0,0,0,0,0,0,0,0,0,0,0,0,0,0,0,0,0,0,0,0,0,0,0,0,0,3.348,0,0,0,0,0,0,0,0,0,0,0,0,0,0,0,0,0,0,0,0,0,0,0,0,0,0,0,0,0,0,0,0,0,0,0,0,0,0,0,0,0,0,0,0,0,0,0,0,0,0,0,0,0,0,0,0,0,0,0,0,0,0,0,0,0,0,0,0,0,0,0,0,0,0,0,0,0,0,0,0,0,0,0,0,0,0,0,5.2731,0,0,0,0,0,0,0,0,0,0,0,0,0,0,0,0,0,0,0,0,0,0,0,0,0,0,0,0,0,0,0,0,0,0,0,0,0,0,0,0,0,0,0,0,0,0,0,0,0,0,0,0,0,0,0,0,0,0,0,0,0,0,0,0,0,0,0,0,0,0,0,0,0,0,0,0,0,0,0,0,0,0,0,0,0,0,0,0,0,0,0,0,0,0,0,0,0,0,0,0,0,0,0,0,0,0,0,0,0,0,0,0,0,0,0,0,0,0,0,0,0,0,0,0,0,0,0,0,0,0,0,0,0,0,0,0,0,0,0,0,0,0,0,0,0,0,0,0,0,0,0,0,0,0,0,0,0,0,0,41.3296,0,0,0,0,0,0,0,0,0,0,0,0,0,0,0,0,0,0,0,0,0,4.04882,0,0,4.89723,0,0,0,0,0,0,0,0,0,0,0,0,0,0,3.29569,0,0,0,0,0,0,0,30.5165,7.85356,50.0611,94.9159,25.4198,22.854,9.13594,119.57
TP4L13,3.046402808,0,0,0,0,0,0,0,0,0,0,0,0,0,0,0,0,0,0,0,0,0,0,0,0,0,0,0,0,0,0,0,0,0,0,0,0,0,0,0,0,0,0,0,0,0,0,0,0,0,0,0,0,0,0,0,0,0,0,0,0,0,0,0,0,0,0,0,0,0,0,0,0,0,0,0,0,0,0,0,0,0,0,0,0,0,0,0,0,0,0,0,0,0,0,0,0,0,0,0,0,0,0,0,0,0,0,0,0,0,0,0,0,0,0,0,0,0,0,0,0,0,0,0,0,0,0,0,0,0,0,0,0,0,0,0,0,0,0,0,0,0,0,0,0,0,0,0,0,0,0,0,0,0,97.7107,0,0,0,0,0,0,0,0,0,0,0,0,0,0,0,0,0,0,0,0,0,0,0,0,0,0,0,0,0,0,0,0,0,0,0,0,0,0,0,0,0,0,0,0,0,0,151.597,79.6378,0,0,0,0,0,0,0,0,0,0,0,0,0,0,0,0,0,2.76903,0,0,0,0,0,0,0,0,0,0,0,0,0,0,0,0,0,0,0,0,0,0,0,0,0,0,0,0,0,0,0,0,0,0,0,0,0,0,0,0,0,0,0,0,0,0,0,0,0,0,0,0,0,0,0,0,0,0,0,0,0,0,0,0,0,0,0,0,0,0,0,0,0,0,0,0,0,0,0,0,0,0,0,0,0,0,0,0,0,0,0,0,0,0,0,0,0,0,0,0,0,0,0,0,0,0,0,0,0,0,0,0,0,0,0,0,0,0,0,0,0,0,0,0,0,0,0,0,0,0,0,0,0,0,0,0,167.002,0,0,0,0,0,0,0,0,0,0,0,0,0,0,0,0,0,0,0,0,0,0,0,0,0,0,0,0,0,0,0,0,0,0,0,0,0,0,0,0,0,0,0,0,0,0,0,0,0,0,0,0,0,0,0,0,0,0,0,0,0,0,0,0,0,0,0,0,0,0,0,0,0,0,0,0,0,0,0,0,0,0,0,0,0,0,0,0,0,0,0,0,0,0,0,0,0,0,0,0,0,0,0,0,0,0,0,0,0,0,0,0,0,0,0,0,0,0,0,0,0,0,0,0,0,0,0,0,0,0,0,0,0,0,0,0,0,0,0,0,0,0,0,0,0,0,0,0,0,0,0,0,0,0,0,0,0,0,0,167.239,0,0,0,0,0,0,0,0,0,0,0,0,0,0,0,0,0,0,0,0,0,0,3.93973,0,0,0,0,0,0,0,0,0,0,0,0,0,0,0,0,0,0,0,14.6912,0,0,0,0,33.7825,15.944,1.62612,55.6674,30.9639,38.0567,16.0745,144.569
TP4L18,13.60513133,0,0,0,0,0,0,0,0,0,0,0,0,0,0,0,0,0,0,0,0,0,0,0,0,0,0,0,0,0,0,0,0,0,0,0,0,0,0,0,0,0,0,0,0,0,0,0,0,0,0,0,0,0,0,0,0,0,0,0,0,0,0,0,0,0,0,0,0,0,0,0,0,0,0,0,0,0,0,0,0,0,0,0,0,0,0,0,0,0,0,0,0,0,0,0,0,0,0,0,0,0,0,0,0,0,0,0,0,0,0,0,0,0,0,0,0,0,0,0,0,0,0,0,0,0,0,0,0,0,0,0,0,0,0,0,0,0,0,0,0,0,0,0,0,0,0,0,0,0,0,0,0,0,0,0,0,0,0,0,0,0,0,0,0,0,0,0,0,0,0,0,0,0,0,0,0,0,0,0,0,0,0,0,0,0,0,0,0,0,0,0,0,0,0,0,0,0,0,0,0,0,12.0443,0,0,0,0,0,0,0,0,0,0,0,0,0,0,0,0,0,0,0,0,0,0,0,0,0,0,0,0,0,0,0,0,0,0,0,0,0,0,0,0,0,0,0,0,0,0,0,0,0,0,0,0,0,0,0,0,0,0,0,0,0,0,0,0,0,0,0,0,0,0,0,0,0,0,0,0,0,0,0,0,0,0,0,0,0,0,0,0,0,0,0,0,0,0,0,0,0,0,0,0,0,0,0,0,0,0,0,0,0,0,0,0,0,0,0,0,0,0,0,0,0,0,0,0,0,0,0,0,0,0,0,0,0,0,0,0,0,0,0,0,0,0,0,0,0,0,0,0,0,0,0,0,0,0,3.88573,0,0,0,0,0,0,0,0,0,0,0,0,0,0,0,0,0,0,0,0,0,0,0,0,0,0,0,0,0,0,0,0,0,0,0,0,0,0,0,0,0,0,0,0,0,0,0,0,0,0,0,0,0,0,0,0,0,0,0,0,0,0,0,0,0,0,0,5.92036,0,0,0,0,0,0,0,0,0,0,0,0,0,0,0,0,0,0,0,0,0,0,0,0,0,0,0,0,0,0,0,0,0,0,0,0,0,0,0,0,8.28431,0,0,0,0,0,0,0,0,0,0,0,0,0,0,0,0,0,0,0,0,0,0,0,0,0,0,0,0,0,0,0,0,0,0,0,0,0,0,0,0,0,0,0,0,0,0,0,0,0,0,61.7854,0,0,0,0,0,0,0,0,0,0,0,0,0,0,0,0,0,0,0,0,0,0,0,2.48592,4.01205,0,0,0,0,0,0,0,0,0,0,0.003418,0,4.05468,0,0,0,0,2.35612,0,0,0,0,18.3809,14.4682,14.756,159.315,60.8784,34.3942,26.3018,160.558
TP5L13,9.236646589,0,0,0,0,0,0,0,0,0,0,0,0,0,0,0,0,0,0,0,0,0,0,0,0,0,1594.34,0,0,0,0,0,0,0,0,0,0,0,0,0,0,0,0,0,0,0,0,0,0,0,0,0,0,0,0,0,0,0,0,0,0,0,0,0,0,0,0,0,0,0,0,0,0,0,0,0,0,0,0,0,0,0,0,0,0,0,0,0,0,0,0,0,0,0,0,0,0,0,0,0,0,0,0,0,0,0,0,0,0,0,0,0,0,0,0,0,0,0,0,0,0,0,0,0,0,0,0,0,0,0,0,0,0,0,0,0,0,0,0,0,0,0,0,0,0,0,0,0,0,0,0,0,0,0,0,0,0,0,0,0,0,0,0,0,0,0,0,0,0,0,0,0,0,0,0,0,0,0,0,0,0,0,0,0,0,0,0,0,0,0,0,0,0,0,0,0,0,0,0,0,0,18.4846,0,0,0,0,0,0,0,0,0,0,0,0,0,0,0,0,0,0,0,0,0,0,0,0,0,0,0,0,0,0,0,0,0,0,0,0,0,0,0,0,0,0,0,0,0,0,0,0,0,0,0,0,0,0,0,0,0,0,0,0,0,0,0,0,0,0,0,0,0,0,0,0,0,0,0,0,0,0,0,0,0,0,0,0,0,0,0,0,0,0,0,0,0,0,0,0,0,0,0,0,0,0,0,0,0,0,0,0,0,0,0,0,0,0,0,0,0,0,0,0,0,0,0,0,0,0,0,0,0,0,0,0,0,0,0,0,0,0,0,0,0,0,0,0,0,0,0,0,0,0,0,0,0,0,0,2.87172,0,0,0,0,0,0,0,0,0,0,0,0,0,0,0,0,0,0,0,0,0,0,0,0,0,0,0,0,0,0,0,0,0,0,0,0,0,0,0,0,0,0,0,0,0,0,0,0,0,0,0,0,0,0,0,0,0,0,0,0,0,0,0,0,0,0,0,0,0,0,0,0,0,0,0,0,0,0,0,0,0,0,0,0,0,0,0,0,0,0,0,0,0,0,0,0,0,0,0,0,0,0,0,0,0,0,0,0,0,0,0,0,0,0,0,0,0,0,0,0,0,0,0,0,0,0,0,0,0,0,0,0,0,0,0,0,0,0,0,0,0,0,0,0,0,0,0,0,0,0,0,0,0,0,0,0,0,0,0,115.404,0,0,0,0,0,0,0,0,0,0,0,0,0,0,0,0,0,0,0,0,0,0,0,0,2.17311,0,0,0,0,5.07841,0,0,0,3.07684,0,0,0,0,0,0,0,0,1.86116,13.758,6.89212,0,0,33.8539,9.76262,3.27158,74.6647,17.3045,22.7652,19.4611,82.4822
TP5L5,4.108228144,0,0,0,0,0,0,0,0,0,0,0,0,0,0,0,0,0,0,0,0,0,0,0,0,0,0,0,0,0,0,0,0,0,0,0,0,0,0,0,0,0,0,0,0,0,0,0,0,0,0,0,0,0,0,0,0,0,0,0,0,0,0,0,0,0,0,0,0,0,0,0,0,0,0,0,0,0,0,0,0,0,0,0,0,0,0,0,0,0,0,0,0,0,0,0,0,0,0,0,0,0,0,0,0,0,0,0,0,0,0,0,0,0,0,0,0,0,0,0,13.6975,0,0,0,0,0,0,0,0,0,0,0,0.87959,0,0,0,0,0,0,0,0,0,0,0,0,0,0,0,0,0,0,0,0,0,0,0,0,0,0,0,0,0,0,0,0,0,0,0,0,0,0,0,0,0,0,0,0,0,0,0,0,0,0,0,0,0,0,0,0,0,0,0,0,0,0,0,0,0,0,0,0,0,12.914,0,0,0,0,0,0,0,0,0,0,0,0,0,0,0,0,0,0,0,0,0,0,0,0,0,0,0,0,0,0,0,0,0,0,0,0,0,0,0,0,0,0,0,0,0,0,0,0,0,0,0,0,0,0,0,0,0,0,0,0,0,0,0,0,0,0,0,0,0,0,0,0,0,0,0,0,0,0,0,0,0,0,0,0,0,0,0,0,0,0,0,0,0,0,0,0,0,0,0,0,0,0,0,0,0,0,0,0,0,0,0,0,0,0,0,0,0,0,0,0,0,0,0,0,0,0,0,0,0,0,0,0,0,0,0,0,0,0,0,0,0,0,0,0,0,0,0,0,0,0,0,0,0,0,0,0,0,0,0,0,0,0,0,0,0,0,0,0,0,0,0,0,0,0,0,0,0,0,5.45976,0,0,0,0,0,0,0,0,0,0,0,0,0,0,0,0,0,0,0,0,0,0,0,0,0,0,0,0,0,0,0,0,0,0,1.6508,0,0,0,0,0,0,0,0,0,0,0,0,0,0,0,0,0,0,0,0,0,0,0,0,0,0,0,0,0,0,0,0,0,0,0,0,0,0,0,0,0,0,0,0,0,0,0,0,0,0,0,0,0,0,0,0,0,0,0,0,0,0,0,0,0,0,0,0,0,0,0,0,0,0,0,0,0,0,0,0,0,0,0,0,0,0,0,0,0,0,0,0,0,0,0,0,0,0,0,0,24.2199,0,0,0,0,0,0,0,0,0,0,0,0,0,0,0,0,0,0,0,0,0,0,0,0,0,0,0,0,0,7.3678,0,0,0,0,0,3.14722,0,2.17373,0,0,0,0,0,6.65343,0,0,0,20.5392,3.10258,1.58214,45.8295,10.0422,19.111,6.01531,79.7773
TP6L5,8.039666088,0,0,0,0,0,0,0,0,0,0,0,0,0,0,0,0,0,0,0,0,0,0,0,0,0,0,0,0,0,0,0,0,0,0,0,0,0,0,0,0,0,0,0,0,0,0,0,0,0,0,0,0,0,0,0,0,0,0,0,0,0,0,0,0,0,0,0,0,0,0,0,0,0,0,0,0,0,0,0,0,0,0,0,0,0,0,0,0,0,0,0,0,0,0,0,0,0,0,0,0,0,0,0,0,0,0,0,0,0,0,0,0,0,0,0,0,0,0,0,0,0,0,0,0,0,0,0,0,0,0,0,0,0,0,0,0,0,0,0,0,0,0,0,0,0,0,0,0,0,0,0,0,0,0,0,0,0,0,0,0,0,0,0,0,0,0,0,0,0,0,0,0,0,0,0,0,0,0,0,0,0,0,0,0,0,0,0,0,0,0,0,0,0,0,0,0,0,0,0,0,0,0,0,0,0,0,0,0,0,0,0,0,0,0,0,0,0,0,0,0,0,0,0,0,0,0,0,0,0,0,0,0,0,0,0,0,0,0,0,22.7502,0,0,0,0,0,0,0,0,0,0,0,0,0,0,0,0,0,0,0,0,0,0,0,0,0,0,0,0,0,0,0,0,0,0,0,0,0,0,0,0,0,0,0,0,0,0,0,0,0,0,0,0,0,0,0,0,0,0,0,0,0,0,0,0,0,0,0,0,0,0,0,0,0,0,0,0,0,0,0,0,0,0,0,0,0,0,0,0,0,0,0,0,0,0,0,0,0,0,0,0,0,0,0,0,0,0,0,0,0,0,0,0,0,0,0,0,0,0,0,0,0,0,0,0,0,0,0,0,0,0,0,0,0,0,0,0,0,0,0,0,0,0,0,0,0,0,0,0,0,0,0,0,0,0,0,0,0,0,0,0,0,0,0,0,0,0,0,0,0,0,0,0,0,0,0,0,0,0,0,0,0,0,0,0,0,0,0,0,0,0,0,0,0,0,0,0,0,0,0,0,0,0,0,0,0,0,0,0,0,0,0,0,0,0,0,0,0,0,0,0,0,0,0,0,0,0,0,0,0,0,0,0,0,0,0,0,0,0,0,0,0,0,0,0,0,0,0,0,0,0,0,0,0,0,0,0,0,0,0,0,0,0,0,0,0,0,0,0,0,0,0,0,0,0,0,0,101.352,0,0,0,0,0,0,0,0,0,0,0,0,0,0,0,0,0,0,0,0,0,0,0,0,0,0,0,0,0,0,0,0,0,0,0,6.77186,0,0,0,2.80145,0.075447,6.07283,3.17213,14.3162,0,5.49657,10.0404,49.9587,13.3516,0,94.1288,32.4117,34.696,18.1204,99.3802
TP6L13,14.88869967,0,0,0,0,0,0,0,0,0,0,0,0,0,0,0,0,0,0,0,0,0,0,0,0,0,0,0,0,0,0,0,0,0,0,0,0,0,0,0,0,0,0,0,0,0,0,0,0,0,0,0,0,0,0,0,0,0,0,0,0,0,0,0,0,0,0,0,0,0,0,0,0,0,0,0,0,0,0,0,0,0,0,0,0,0,0,0,0,0,0,0,0,0,0,0,0,0,0,0,0,0,0,0,0,0,0,0,0,0,0,0,0,0,0,0,0,0,0,0,0,0,0,0,0,0,0,0,0,0,0,0,0,0,0,0,0,0,0,0,0,0,0,0,0,0,0,0,0,0,0,0,0,0,0,0,0,0,0,0,0,0,0,0,0,0,0,0,0,0,0,0,0,0,0,0,0,0,0,0,14.4833,0,0,0,0,0,0,0,0,0,0,0,0,0,0,0,0,0,0,0,0,0,0,0,0,0,0,0,0,0,0,0,0,0,0,0,0,0,0,0,0,0,0,0,0,0,0,0,0,0,0,0,0,0,0,0,0,0,0,0,0,0,0,0,0,0,0,0,0,0,0,0,0,0,0,0,0,0,0,0,0,0,0,0,0,0,0,0,0,0,0,0,0,0,0,0,0,0,0,0,0,0,0,0,0,0,0,0,0,0,0,0,0,0,0,0,0,0,0,0,0,0,0,0,0,0,0,0,0,0,0,0,0,0,0,0,0,0,0,0,0,0,0,0,0,0,0,0,0,0,0,0,0,0,0,0,0,0,0,0,0,0,0,0,0,0,0,0,0,0,0,0,0,0,0,0,0,0,0,0,0,0,0,0,0,0,0,0,0,0,0,0,0,0,0,0,0,0,0,0,0,5.02736,0,0,0,0,0,0,0,0,0,0,0,0,0,0,0,0,0,0,0,0,0,0,0,0,0,0,0,0,0,0,0,0,0,0,0,0,0,0,0,0,0,0,0,0,0,0,0,0,0,0,0,0,0,0,0,0,0,0,0,0,0,0,0,0,0,0,0,0,0,0,0,0,0,0,0,0,0,0,0,0,0,0,0,0,0,0,0,0,0,0,0,0,0,0,0,0,0,0,0,0,0,0,0,0,0,0,0,0,0,0,0,0,0,0,0,0,0,0,0,0,0,0,0,0,0,0,0,0,0,0,0,0,0,0,0,41.0204,0,0,0,0,0,0,0,0,0,0,4.39038,0,0,0,0,0,0,0,0,0,0,0,0,2.45433,7.08724,0,0,0,0,0,0,0,0,4.11038,0,2.89797,0,0,0,0,15.7197,0,5.11982,6.1265,0,0,0,39.4697,5.71372,16.0253,92.0726,41.611,50.8859,23.3011,96.6569
TP6L18,6.127630999,0,0,0,0,0,0,0,0,0,0,0,0,0,0,0,0,0,0,0,0,0,0,0,0,0,0,0,0,0,0,0,0,0,0,0,0,0,0,0,0,0,0,0,0,0,0,0,0,0,0,0,0,0,0,0,0,0,0,0,0,0,0,0,0,0,0,0,0,0,0,0,0,0,0,0,0,0,0,0,0,0,0,0,0,0,0,0,0,0,0,0,0,0,0,0,0,0,0,0,0,0,0,0,0,0,0,0,0,0,0,0,0,0,0,0,0,0,0,0,0,0,0,0,0,0,0,0,0,0,0,0,0,0,0,0,0,0,0,0,0,0,0,0,0,0,0,0,0,0,0,0,0,0,0,0,0,0,0,0,0,0,0,0,0,0,0,0,0,0,0,0,0,0,0,0,0,0,0,0,0,0,0,0,0,0,0,0,0,0,0,0,0,0,0,0,0,0,0,0,0,0,12.5565,0,0,0,0,0,0,0,0,0,0,0,0,0,0,0,0,0,0,0,0,0,0,0,0,0,0,0,0,0,0,0,0,0,0,0,0,0,0,0,0,0,0,0,0,0,0,0,0,0,0,0,0,0,0,0,0,0,0,0,0,0,0,0,0,0,0,0,0,0,0,0,0,0,0,0,0,0,0,0,0,0,0,0,0,0,0,0,0,0,0,0,0,0,0,0,0,0,0,0,0,0,0,0,0,0,0,0,0,0,0,0,0,0,0,0,0,0,0,0,0,0,0,0,0,0,0,0,0,0,0,0,0,0,0,0,0,0,0,0,0,0,0,0,0,0,0,0,0,0,0,0,0,0,0,0,0,0,0,0,0,0,0,0,0,0,0,0,0,0,0,0,0,0,0,0,0,0,0,10.6172,0,0,0,0,0,0,0,0,0,0,0,0,0,0,0,0,0,0,0,0,0,0,0,0,0,0,0,0,0,0,0,0,0,0,0,0,0,0,0,0,0,0,0,6.17378,0,0,0,0,15.9009,0,0,0,0,0,0,0,0,0,0,0,0,0,0,0,0,0,0,0,0,0,0,0,0,0,0,0,0,0,0,0,0,0,0,0,0,0,0,0,0,0,0,0,0,0,0,0,0,0,0,0,0,0,0,0,0,0,0,0,0,0,0,0,0,0,0,0,0,0,0,0,0,0,0,0,0,0,0,0,0,0,0,0,0,0,0,89.5512,0,0,0,0,0,0,0,0,0,0,0,0,0,0,0,0,0,0,0,0,0,0,0,0,0,0,0,0,0,0,0,0,0,4.34031,0,0.001894,0,2.11354,0,0,49.7971,0,21.7757,12.9384,4.86115,0,9.07414,16.3333,15.0833,24.6134,149.885,34.1745,63.8751,40.6138,95.1969
TP7L5,9.656940545,0,0,0,0,0,0,0,0,0,0,0,0,0,0,0,0,0,0,0,0,0,0,0,0,0,0,0,0,0,0,0,0,0,0,0,0,0,0,0,0,0,0,0,0,0,0,0,0,0,0,0,0,0,0,0,0,0,0,0,0,0,0,0,0,0,0,0,0,0,0,0,0,0,0,0,0,0,0,0,0,0,0,0,0,0,0,0,0,0,0,0,0,0,0,0,0,0,0,0,0,0,0,0,0,0,0,0,0,0,0,0,0,0,0,0,0,0,0,0,0,0,0,0,0,0,0,0,0,0,0,0,0,0,0,0,0,0,0,0,0,0,0,0,0,0,0,0,0,0,0,0,0,0,0,0,0,0,0,0,0,0,0,0,0,0,0,0,0,0,0,0,0,0,0,0,0,0,0,0,0,0,0,0,0,0,0,0,0,0,0,0,0,0,0,0,0,0,0,0,0,0,15.5134,0,0,0,0,0,0,0,0,0,0,0,0,0,0,0,0,0,0,0,0,0,0,0,0,0,0,0,0,0,0,0,0,0,0,0,0,0,0,0,0,0,0,0,0,0,0,0,0,0,0,0,0,0,0,0,0,0,0,0,0,0,0,0,0,0,0,6.35544,0,0,0,0,0,0,0,0,0,0,0,0,0,0,0,0,0,0,0,0,0,0,0,0,0,0,0,0,0,0,0,0,0,0,0,0,0,0,0,0,0,0,0,0,0,0,0,0,0,0,0,0,0,0,0,0,0,0,0,0,0,0,0,0,0,0,0,0,0,0,0,0,0,0,0,0,0,0,0,0,0,0,0,0,0,0,0,0,0,0,0,0,0,0,0,0,0,0,0,0,0,0,0,0,0,0,0,0,0,0,0,0,0,0,0,0,0,0,0,0,0,0,0,0,0,0,0,0,0,0,7.78542,0,0,0,0,0,0,0,0,0,0,0,0,0,0,0,0,0,0,0,0,0,0,0,0,0,0,0,0,0,0,0,0,0,0,0,0,0,0,0,0,0,0,0,0,0,0,0,0,0,0,0,0,0,0,0,0,0,0,0,0,0,0,0,0,0,10.6704,0,0,0,0,0,0,0,0,0,0,0,0,0,0,0,0,0,0,0,0,0,0,0,0,0,0,0,0,0,0,0,0,0,0,0,0,0,0,0,0,0,0,0,0,0,0,0,0,0,0,203.426,0,0,0,0,0,0,0,0,0,0,0,0,0,0,0,0,0,0,0,0,0,0,0,3.20192,0,0,0,0,0,0,0,0,0,0,0,0,0,2.61126,0,0,20.5079,0,0,23.9779,0,6.13741,0,28.9644,18.6353,11.4036,110.108,30.1587,17.2183,24.5686,100.879
TP8L13,7.662200813,0,0,0,0,0,0,0,0,0,0,0,0,0,0,0,0,0,0,0,0,0,0,0,0,0,0,0,0,0,0,0,0,0,0,0,0,0,0,0,0,0,0,0,0,0,0,0,0,0,0,0,0,0,0,0,0,0,0,0,0,0,0,0,0,0,0,0,0,0,0,0,0,0,0,0,0,0,0,0,0,0,0,0,0,0,0,0,0,0,0,0,0,0,0,0,0,0,0,0,0,0,0,0,0,0,0,0,0,0,0,0,0,0,0,0,0,0,0,0,0,0,0,0,0,0,0,0,0,0,0,0,0,0,0,0,0,0,0,0,0,0,0,0,0,0,0,0,0,0,0,0,0,0,0,0,0,0,0,0,0,0,0,0,0,0,0,0,0,0,0,0,0,0,0,0,8.23763,0,0,0,0,0,0,0,0,0,0,0,0,0,0,0,0,0,0,0,0,0,0,0,0,0,0,0,0,0,0,0,0,0,0,0,0,0,0,0,0,0,0,0,0,0,0,0,0,0,0,0,0,0,0,0,0,0,0,0,0,0,0,0,0,0,0,0,0,0,0,0,0,0,0,0,0,0,0,0,0,0,0,0,0,0,0,0,0,0,0,0,0,0,0,0,0,0,0,0,0,0,0,0,0,0,0,0,0,0,0,0,0,0,0,0,0,0,0,0,0,0,0,0,0,0,0,0,0,0,0,0,0,0,0,0,0,0,0,0,0,0,0,0,0,0,0,0,0,0,0,0,0,0,0,0,0,0,0,0,0,0,0,0,0,0,0,0,0,0,0,0,0,0,0,0,0,0,0,0,0,0,0,0,0,0,0,0,0,0,0,0,0,0,0,0,0,0,0,0,0,0,0,0,0,0,0,0,0,0,0,0,0,0,0,0,0,0,0,0,0,0,0,0,10.4343,0,0,0,0,0,0,0,0,0,0,0,0,0,0,0,0,0,0,0,0,0,0,0,0,5.11088,0,0,0,0,6.5824,0,0,0,0,0,0,0,0,0,0,0,0,0,0,0,0,0,0,0,0,0,0,0,0,0,0,0,0,0,0,0,16.8363,0,0,0,14.3009,0,0,0,0,0,0,2.69595,0,0,0,0,0,0,0,0,0,0,0,0,0,0,0,0,0,0,0,0,0,0,0,0,0,0,0,2.8777,0,5.94361,0,0,0,0,0,0,0,0,0,0,0,0,0,22.0702,0,0,0,10.7121,2.16547,0,0,0,0,0,3.83824,0,0,0,0,0,0,0,0,0,0,0,0,4.29135,1.28479,0,0,5.13164,3.72162,5.93109,0,0,9.42231,3.59346,0,0.002112,55.3957,22.7481,8.18181,4.19236,13.7428,0,8.892,0,4.02467,4.1128,22.5382,25.8795,2.49758,14.0099,147.571,48.5039,12.3182,16.8282,140.272
TP8L5,28.70958289,0,0,0,0,0,0,0,0,0,0,0,0,0,0,0,0,0,0,0,0,0,0,0,0,0,0,0,0,0,0,0,0,0,0,0,0,0,0,0,0,0,0,0,0,0,0,0,0,0,0,0,0,0,0,0,0,0,0,0,0,0,0,0,0,0,0,0,0,0,0,0,0,0,0,0,0,0,0,0,0,0,0,0,0,0,0,0,0,0,0,0,0,0,0,0,0,0,0,0,0,0,0,0,0,0,0,0,0,0,0,0,0,0,0,0,0,0,0,0,0,0,0,0,0,0,0,0,0,0,0,0,0,0,0,0,0,0,0,12.2102,0,0,0,0,0,0,0,0,0,0,0,0,0,0,0,0,0,0,0,0,0,3.56616,0,0,0,0,0,0,0,0,0,0,0,0,0,0,0,0,0,0,0,0,0,0,0,0,0,0,0,0,0,0,0,0,0,0,0,0,0,0,0,0,0,0,0,0,0,0,0,0,0,0,0,0,0,0,0,0,0,0,0,0,0,0,0,0,0,0,0,0,0,0,0,0,0,0,0,0,0,0,0,0,0,0,0,0,0,0,0,0,0,0,0,0,0,0,0,0,0,0,0,0,0,0,0,0,0,0,0,0,0,0,0,0,0,0,0,0,0,0,0,0,0,0,0,0,0,0,0,0,0,0,0,0,0,0,0,0,0,0,0,0,0,0,0,0,0,0,0,0,0,0,0,0,0,0,0,0,0,0,0,0,0,0,0,0,0,0,0,0,0,0,0,0,0,0,0,0,0,11.5808,0,0,0,0,0,0,0,0,0,0,0,0,0,0,0,0,0,0,0,0,0,0,0,0,0,0,0,0,0,0,0,0,0,0,0,0,0,0,0,0,0,0,0,0,0,0,0,0,0,0,0,0,0,0,0,0,0,0,0,0,24.9631,0,0,0,0,0,0,0,0,0,0,0,0,0,0,0,0,0,0,0,0,0,0,0,0,0,0,0,0,0,7.87388,0,0,0,0,0,0,0,0,0,0,0,0,0,0,0,0,0,0,0,0,0,0,0,0,0,0,0,0,0,0,0,13.4264,0,0,0,17.1067,0,0,0,0,0,0,0,0,0,0,0,0,0,0,0,0,0,0,0,0,0,0,0,0,0,0,0,0,0,0,0,0,0,0,0,0,7.10975,0,0,0,0,0,0,0,0,0,0,0,0,0,19.9279,0,0,0,12.8138,0,0,0,0,0,0,0,0,0,10.0298,0,0,0,0,0,0,0,0,0,5.13332,0,0,0,0,0,0,0,0,0,4.2985,0,0,0,27.2114,0,0,0,5.43552,6.29467,6.40689,0,14.7592,71.8938,18.9182,8.96283,7.61759,148.441,82.1957,18.4029,12.7433,107.145
TP8L18,31.34535952,0,0,0,0,0,0,0,0,0,0,0,0,0,0,0,0,0,0,0,0,0,0,0,0,0,0,0,0,0,0,0,0,0,0,0,0,0,0,0,0,0,0,0,0,0,0,0,0,0,0,0,0,0,0,0,0,0,17.8982,0,0,0,0,0,0,0,0,0,0,0,0,0,0,0,0,0,0,0,0,0,0,0,0,0,0,0,0,0,0,0,0,0,0,0,0,0,0,0,0,0,0,0,0,0,0,0,0,0,0,0,0,0,0,0,0,0,0,0,0,0,0,0,0,0,0,0,0,0,0,0,0,0,0,0,0,0,0,0,0,0,0,0,0,0,0,0,0,0,0,0,0,0,0,0,0,0,0,0,0,0,0,0,0,0,0,0,0,0,0,0,0,0,0,0,0,0,9.44627,0,0,0,0,0,0,0,0,0,0,0,0,0,0,0,0,0,0,0,0,0,0,0,0,0,0,0,0,0,0,0,0,0,0,0,0,0,0,0,0,0,0,0,0,0,0,0,0,0,0,0,0,0,0,0,0,0,0,0,0,0,0,0,0,0,0,0,0,0,0,0,0,0,0,0,0,0,0,0,0,0,0,0,0,0,0,0,0,0,0,0,0,2.44189,0,0,0,0,0,0,0,0,0,0,0,0,0,0,0,0,0,0,0,0,0,0,0,0,0,0,0,0,0,0,0,0,0,0,0,0,0,0,0,0,0,0,0,0,0,0,0,0,0,0,0,0,0,0,0,0,0,0,0,0,0,0,0,0,0,0,0,0,0,0,0,0,0,0,0,0,0,0,0,0,0,0,0,0,0,0,0,7.69197,0,0,0,0,0,0,0,0,0,0,0,0,0,0,0,0,0,0,0,0,0,0,0,10.08,0,0,0,0,0,0,0,0,0,0,0,0,0,0,0,0,0,0,0,0,0,0,0,0,0,0,0,0,0,0,0,0,0,0,0,0,0,0,0,0,0,0,0,8.79481,0,0,0,0,0,0,0,0,0,0,0,0,0,0,0,0,0,0,0,0,0,0,0,0,0,0,0,0,0,0,0,0,0,0,0,0,12.871,0,0,0,32.7982,0,0,0,0,0,0,0,0,0,0,0,0,0,0,0,0,0,5.39337,0,0,0,0,0,0,0,0,0,0,0,0,0,0,0,0,0,0,0,0,0,0,0,0,0,0,0,0,0,0,0,21.977,0,0,0,0,24.5675,0,0,0,0,0,0,0,0,0,0,0,0,0,0,0,0,0,2.95304,0,2.46049,7.14367,0,0,0,0,0,0,0,0,0,0,0,0,22.0726,3.12742,4.80748,0,5.21069,9.85972,12.2837,4.61518,4.71624,8.615,22.2574,14.3201,14.605,153.839,50.9855,33.3375,20.3196,102.713
TP9L13,33.71847572,0,0,0,0,0,0,0,0,0,0,0,0,0,0,0,0,0,0,0,0,0,0,0,0,0,0,0,0,0,0,0,0,0,0,0,0,0,0,0,0,0,0,0,0,0,0,0,0,0,0,0,0,0,0,0,0,0,0,0,0,0,0,0,0,0,0,0,0,0,0,0,0,0,0,0,0,0,0,0,0,0,0,0,0,0,0,0,0,0,0,0,0,0,0,0,0,0,0,0,0,0,0,0,0,0,0,0,0,0,0,0,0,0,0,0,0,0,0,0,0,0,0,0,0,0,0,0,0,0,0,0,0,0,0,0,0,0,0,0,0,0,0,0,0,0,0,0,0,0,0,0,0,0,0,0,0,0,0,0,0,0,0,0,0,0,9.69954,0,0,0,0,0,0,0,0,0,0,0,0,0,6.75698,0,0,0,0,0,0,0,0,0,0,0,0,0,0,0,0,0,0,0,0,0,0,0,0,0,0,0,0,0,0,0,0,0,0,0,0,0,0,0,0,0,0,0,0,0,0,0,0,0,0,0,0,0,0,0,0,0,0,0,0,0,0,0,0,0,8.14867,0,0,0,0,0,0,0,0,0,0,0,0,0,0,0,0,0,0,0,0,0,0,0,0,0,0,0,0,0,0,0,0,0,0,0,0,0,0,0,0,0,0,0,0,0,0,0,0,0,0,0,0,0,0,0,0,0,0,0,0,0,0,0,0,0,0,0,0,0,0,0,0,0,0,0,0,0,0,0,0,0,0,0,0,0,0,0,0,0,0,0,0,0,0,0,0,0,0,0,0,0,0,0,0,0,0,0,0,0,0,0,0,0,0,0,0,0,0,0,0,0,0,0,0,0,0,0,0,0,0,0,0,0,0,0,0,0,0,0,0,0,0,0,0,0,0,0,0,0,0,0,0,0,0,0,0,0,0,0,0,0,0,0,0,0,0,0,0,0,0,0,0,0,0,0,0,0,0,21.8284,0,0,0,0,0,0,0,0,0,0,0,0,0,0,0,0,0,0,0,0,0,0,0,0,0,0,0,0,0,0,0,0,0,0,0,0,11.9795,0,0,0,7.63162,0,0,0,0,0,0,0,0,0,0,0,0,0,0,0,0,0,0,0,0,0,0,0,0,0,0,0,0,0,0,0,0,0,0,0,0,0,0,0,0,0,0,0,0,0,0,0,0,0,0,8.16388,0,0,0,34.2988,0,0,0,0,0,0,0,0,0,0,4.9865,3.06509,0,3.67138,0,0,4.73521,0,0,4.58013,0,17.5327,18.9707,0,0,0,0,0,0,3.83528,0,0,8.44623,20.5438,2.9108,2.23725,17.0948,0,4.62532,0,0,136.077,24.0549,23.7848,0,33.9835,100.229,86.28,12.3148,17.5719,95.599
TP9L5,25.66297882,0,0,0,0,0,0,0,0,0,0,0,0,0,0,0,0,0,0,0,0,0,0,0,0,0,0,0,0,0,0,0,0,0,0,0,0,0,0,0,0,0,0,0,0,0,0,0,0,0,0,0,0,0,0,0,0,0,0,0,0,0,0,0,0,0,0,0,0,0,0,0,0,0,0,0,0,0,0,0,0,0,0,0,0,0,0,0,0,0,0,0,0,0,0,0,0,0,0,0,0,0,0,0,0,0,0,0,0,0,0,0,0,0,0,0,0,0,0,0,0,0,0,0,0,0,0,0,0,0,0,0,0,0,0,0,0,0,0,0,0,0,0,0,0,0,0,0,0,0,0,0,0,0,0,0,0,0,0,0,0,0,0,0,0,0,0,0,0,0,0,0,0,0,0,0,0,0,0,0,0,0,0,0,0,0,0,0,0,0,0,0,0,0,0,0,0,0,0,0,0,0,0,0,0,0,0,0,0,0,0,0,0,0,0,0,0,0,0,0,0,0,0,0,0,0,0,0,0,0,0,0,0,0,0,0,0,0,0,0,0,0,0,0,0,0,0,0,0,0,0,0,0,0,0,0,0,0,0,0,0,0,0,0,0,0,0,0,0,0,0,0,0,0,0,0,0,0,0,0,0,0,0,0,0,0,0,0,0,0,0,0,0,0,0,0,0,0,0,0,0,0,0,0,0,0,0,0,0,0,0,0,0,0,0,0,0,0,0,0,0,0,0,0,0,0,0,0,0,0,0,0,0,0,0,0,0,0,0,0,0,0,0,0,0,0,0,0,0,0,0,0,0,0,0,0,0,0,0,0,0,0,0,0,0,0,0,0,0,0,0,0,0,0,0,0,0,0,0,0,0,0,0,0,0,25.4132,0,0,0,0,0,0,0,0,0,0,0,0,0,0,0,0,0,0,0,0,0,0,0,0,0,0,0,0,0,0,0,0,0,0,0,0,0,0,0,0,0,0,0,0,0,0,0,0,0,0,0,0,0,0,0,0,0,0,0,0,0,0,0,0,0,0,0,0,0,0,0,0,0,0,0,0,0,0,0,0,12.2495,0,0,0,0,0,0,0,0,0,0,0,0,0,0,0,0,0,0,0,0,0,0,0,0,0,0,0,0,0,0,0,0,0,0,0,0,0,0,0,0,0,0,0,10.8946,0,0,0,0,0,0,0,0,0,0,55.0528,0,7.08707,0,0,0,0,0,0,0,0,0,0,0,0,0,0,0,0,0,0,0,0,0,8.79107,0,0,0,21.8384,0,6.15599,0,8.68039,27.114,5.9954,9.34423,0,0,0,0,0,0,84.5482,0,8.62058,0,58.9105,189.604,117.715,16.472,13.2727,124.494
TP9L18,31.48867707,0,0,0,0,0,0,0,0,0,0,0,0,0,0,0,0,0,0,0,0,0,0,0,0,0,0,0,0,0,0,0,0,0,0,0,0,0,0,0,0,0,0,0,0,0,0,0,0,0,0,0,0,0,0,0,0,0,0,0,0,0,0,0,0,0,0,0,0,0,0,0,0,0,0,0,0,0,0,0,0,0,0,0,0,0,0,0,0,0,0,0,0,0,0,0,0,0,0,0,0,0,0,0,0,0,0,0,0,0,0,0,0,0,0,0,0,0,0,0,0,0,0,0,0,0,0,0,0,0,0,0,0,0,0,0,0,0,0,0,0,0,0,0,0,0,0,0,0,0,0,0,0,0,0,0,0,0,0,0,0,0,0,0,0,0,0,0,0,0,0,0,0,0,0,0,0,0,0,0,0,0,0,0,0,0,0,0,0,0,0,0,0,0,0,0,0,0,0,0,0,0,0,0,0,0,0,0,0,0,0,0,0,0,0,0,0,0,0,0,0,0,0,0,0,0,0,0,0,0,0,0,0,0,0,0,0,0,0,0,0,0,0,0,0,0,0,0,0,0,0,0,0,5.33307,0,0,0,0,0,0,0,0,0,0,0,0,0,0,0,0,0,0,0,0,0,0,0,0,0,0,0,0,0,0,0,0,0,0,0,0,0,0,0,0,0,0,0,0,0,0,0,0,0,0,0,0,0,0,0,0,0,0,0,0,0,0,0,0,0,0,0,0,0,0,0,0,0,0,0,0,0,0,0,0,0,0,0,0,0,10.8861,0,0,0,0,0,0,0,0,0,0,0,0,0,0,0,0,0,0,0,0,0,0,0,0,0,0,0,0,0,0,0,0,0,0,0,0,0,0,0,0,0,0,0,0,0,0,0,0,0,0,0,0,0,0,0,0,0,0,0,0,5.86638,0,0,0,0,0,0,0,0,0,0,0,0,0,0,0,0,0,0,0,0,0,0,0,0,22.5512,0,0,0,0,0,0,0,0,0,0,0,0,0,0,0,0,0,0,0,0,0,0,0,0,0,0,0,0,0,0,0,0,0,0,0,0,0,0,0,0,8.04021,0,0,0,0,0,0,0,0,0,0,0,0,0,0,0,0,0,0,0,0,0,0,0,0,0,0,0,0,0,0,0,0,0,0,0,0,0,0,0,0,0,0,0,0,0,0,0,0,0,0,0,0,0,7.88021,12.045,0,0,0,2.18623,0,0,4.31586,0,0,0,0,0,11.9092,5.68792,0,0,0,0,0,0,4.59543,0,0,11.5404,6.40043,0,0,14.3341,0,12.1218,0,14.6857,17.7969,5.90281,3.06664,0,0.021821,0,1.98848,0,0,110.99,48.6283,12.9333,11.2335,27.2102,71.6536,90.8994,18.6158,17.5094,28.5049
TP10L13,38.66610013,0,0,0,0,0,0,0,0,0,0,0,0,0,0,0,0,0,0,0,0,0,0,0,0,0,0,0,0,0,0,0,0,0,0,0,0,0,0,0,0,0,0,0,0,0,0,0,0,0,0,0,0,0,0,0,0,0,0,0,0,0,0,0,0,0,0,0,0,0,0,0,0,0,0,0,0,0,0,0,0,0,0,0,0,0,0,0,0,0,0,0,0,0,0,0,0,0,0,0,0,0,0,0,0,0,0,0,0,0,0,0,0,0,0,0,0,0,0,0,0,0,0,0,0,0,0,0,0,0,0,0,0,0,0,0,0,0,0,0,0,0,0,0,0,0,0,0,0,0,0,0,0,0,0,0,0,0,0,0,0,0,0,0,0,0,0,0,0,0,0,0,0,0,0,0,0,0,0,0,0,0,0,0,0,0,0,0,0,0,0,0,0,0,0,0,0,0,0,0,0,0,0,0,0,0,0,0,0,0,0,0,0,0,0,0,0,0,0,0,0,0,0,0,0,0,0,0,0,0,0,0,0,0,0,0,0,0,0,0,0,0,0,0,0,0,8.0187,0,9.10431,0,0,0,0,0,0,0,0,0,0,0,0,0,0,0,0,0,0,0,0,0,0,0,0,0,0,0,0,0,0,0,0,0,0,0,0,0,0,0,0,0,0,0,0,0,0,0,0,0,0,0,0,0,0,0,0,0,0,0,0,0,0,0,0,0,0,0,0,0,0,0,0,0,0,0,0,0,0,0,0,0,0,0,0,0,0,0,0,0,0,0,0,0,0,0,0,0,0,0,0,0,0,0,0,0,0,0,0,0,0,0,0,0,0,0,0,0,0,0,0,0,0,0,0,0,0,0,0,0,0,0,0,0,0,0,0,0,0,0,0,0,0,0,0,0,0,0,0,0,0,0,54.7944,0,0,0,0,0,0,0,0,0,0,0,0,0,0,0,0,0,0,0,0,0,0,0,0,2.68503,0,0,0,0,6.91332,0,0,0,0,0,0,0,0,0,0,0,0,0,0,0,0,0,0,0,0,0,0,4.63051,0,0,0,0,0,0,0,0,29.4711,0,0,0,82.6089,0,0,0,0,0,0,0,0,0,0,0,0,0,0,0,0,0,0,0,0,0,0,0,0,0,0,0,0,0,0,0,0,0,0,0,0,0,0,0,0,0,0,2.79141,0,0,0,0,0,0,0,36.6429,0,0,0,101.255,2.27433,0,0,0,0,0,0,2.87831,0,0,0,0,0,3.61282,0,0,0,2.70466,0,0,0,17.2531,0,0,0,0,0,13.3887,18.7493,0,6.2424,5.32176,0,33.0809,0,2.20156,67.0898,28.6345,14.9162,5.62528,0,211.658,15.7808,15.8553,14.7396,9.3636,45.7925,25.4712,24.2367,19.4536,102.949
TP10L5,61.63943812,0,0,0,0,0,0,0,0,0,0,0,0,0,0,0,0,0,0,0,0,0,0,0,0,0,0,0,0,0,0,0,0,0,0,0,0,0,0,0,0,0,0,0,0,0,0,0,0,0,0,0,0,0,0,0,0,8.10777,0,0,0,0,0,0,0,0,0,0,0,0,0,0,0,0,0,0,0,0,0,0,0,0,0,0,0,0,0,0,0,0,0,0,0,0,0,0,0,0,0,0,0,0,0,0,0,0,0,0,0,0,0,0,0,0,0,0,0,0,0,0,0,0,0,0,0,0,0,0,0,0,0,0,0,0,0,0,0,0,0,0,0,0,0,0,0,0,0,0,0,0,0,0,0,0,0,0,0,0,0,0,0,0,0,0,0,0,0,0,0,0,0,0,0,0,0,0,0,0,0,0,0,0,0,0,0,0,0,0,0,0,0,0,0,0,0,0,0,0,0,0,0,0,0,0,0,0,0,0,0,0,0,10.6267,0,0,0,0,0,0,0,0,0,0,0,0,0,0,0,0,0,0,0,0,0,0,0,0,0,0,0,0,0,0,0,0,0,0,0,0,0,0,0,0,0,0,0,0,0,0,0,0,0,0,0,0,0,0,0,0,0,0,0,0,0,0,0,0,8.59593,0,0,0,0,0,0,0,0,0,0,0,0,0,0,0,0,0,0,0,0,0,0,0,0,0,0,0,0,0,0,0,0,0,0,0,0,0,0,0,0,0,0,0,0,0,0,0,0,0,0,0,0,0,0,0,0,0,0,0,0,0,0,31.0048,0,0,0,0,0,0,0,0,0,0,0,0,0,0,0,0,0,0,0,0,0,0,0,0,0,0,0,0,0,0,0,0,0,0,0,0,0,0,0,0,0,0,0,0,0,0,0,0,0,0,6.13765,0,0,0,0,0,0,0,0,0,18.2425,0,0,0,0,0,0,0,0,0,0,0,0,0,0,0,0,0,0,0,0,0,0,0,0,0,0,0,0,0,7.67207,0,0,0,0,0,0,0,0,0,0,0,0,0,0,0,0,0,0,0,11.7693,0,0,0,0,0,0,0,0,5.23707,5.51873,0,19.6234,0,0,0,33.3365,0,6.79141,0,0,0,0,0,0,0,0,0,0,0,0,7.47983,0,0,0,0,0,0,0,0,0,0,0,0,0,0,0,0,0,0,0,0,0,0,0,0,0,0,0,0,7.41229,0,4.69763,0,4.05889,0,0,16.7057,0,3.64445,0,49.9414,2.52394,3.35751,0,4.53229,0,6.33908,0,0,0,9.77275,5.44551,0,6.40665,5.93788,0,8.55917,0,0,0,7.50262,1.5287,0,17.2867,5.98114,0,0,9.03341,22.2872,0,0,0,8.85875,9.22372,50.9883,0,0,46.4358,15.8886,8.20115,6.24267,0,124.635,29.0466,15.0818,5.82207,17.8136,54.7274,51.8222,19.9331,10.9619,98.4896
TP10L18,38.71848193,0,0,0,0,0,0,0,0,0,0,0,0,0,0,0,0,0,0,0,0,0,0,0,0,0,0,0,0,0,0,0,0,0,0,0,0,0,0,0,0,0,0,0,0,0,0,0,0,0,0,0,0,0,0,0,0,0,0,0,0,0,0,0,0,0,0,0,0,0,0,0,0,0,0,0,0,0,0,0,0,0,0,0,0,0,0,0,0,0,0,0,0,0,0,0,0,0,0,0,0,0,0,0,0,0,0,0,0,0,0,0,0,0,0,0,0,0,0,0,0,0,0,0,0,0,0,0,0,0,0,0,0,0,0,36.7761,0,0,0,0,0,0,0,0,0,0,0,0,0,0,0,0,0,0,0,6.91216,0,0,0,0,0,0,0,0,0,0,0,0,0,0,0,0,0,0,0,0,0,0,0,0,0,0,0,0,0,0,0,0,0,0,0,0,0,0,0,0,0,0,0,0,0,0,0,0,0,0,0,0,0,0,0,0,0,0,0,0,0,0,0,0,6.92812,0,0,0,0,0,0,0,0,0,0,0,0,0,0,0,0,0,0,0,0,0,0,0,0,0,0,0,0,0,0,0,0,0,0,0,0,0,0,0,0,0,0,0,0,0,0,0,0,0,0,0,0,0,0,0,0,0,2.61769,0,0,0,0,0,0,0,0,0,0,0,0,0,0,0,0,0,0,0,0,0,0,0,0,0,0,0,0,0,0,0,0,0,0,0,0,0,0,0,0,0,0,0,0,0,0,0,0,0,0,0,0,0,0,0,0,0,0,0,0,0,0,0,0,0,0,0,0,0,0,0,0,0,0,0,0,0,0,0,0,0,0,0,0,0,0,0,0,0,0,0,0,0,0,0,0,0,0,0,0,0,0,0,0,0,0,0,9.25888,0,0,0,0,0,0,0,0,0,0,0,0,0,0,0,0,0,0,0,0,0,0,0,0,0,0,0,0,0,0,0,0,0,0,0,0,19.4167,0,0,0,0,0,0,42.0544,0,0,0,0,0,0,0,0,0,0,0,0,0,0,0,0,0,0,0,0,0,0,0,0,0,0,0,0,0,0,0,5.97585,0,0,0,15.2278,0,0,0,0,0,0,0,8.54666,0,0,0,0,0,0,0,0,0,0,11.2355,0,0,0,0,0,0,0,0,0,0,0,0,0,0,0,3.06423,0,0,0,0,0,0,0,0,0,0,0,0,0,2.79839,0,6.03393,0,0,0,102.657,0,0,0,4.14062,0,0,0,0,0,0,0,0,0,0,0,12.1269,0,2.74212,0,0,0,17.492,0,0,0,0,0,0,20.0661,11.4791,3.16443,8.0932,0,9.31639,2.90404,2.23205,9.79656,19.3541,5.51356,17.1096,0,275.901,51.4177,5.35829,5.31893,24.4113,60.7118,55.9518,18.4293,13.4061,55.7866
TP11L13,64.88646994,0,0,0,0,0,0,0,0,0,0,0,0,0,0,0,0,0,0,0,0,0,0,0,0,0,0,0,0,0,0,0,0,0,0,0,0,0,0,0,0,0,0,0,0,0,0,0,0,0,0,0,0,0,0,0,0,0,0,0,0,0,0,0,0,0,0,0,0,0,0,0,0,0,0,0,0,0,0,0,0,0,0,0,0,0,0,0,0,0,0,0,0,0,0,0,0,0,0,0,0,0,0,0,0,0,0,0,0,0,0,0,0,0,0,0,0,0,0,0,0,0,0,0,0,0,0,0,0,0,0,0,0,0,0,0,0,0,0,0,0,0,0,0,0,0,0,0,0,0,0,0,0,0,0,0,0,0,0,0,0,0,0,0,0,0,0,0,0,0,0,0,0,0,0,0,0,0,0,0,0,0,0,0,0,0,0,0,0,0,0,0,0,0,0,0,0,0,0,0,0,0,0,0,0,0,0,0,0,0,0,0,0,0,0,0,0,0,0,0,0,0,0,0,0,0,0,0,0,0,0,0,0,0,0,0,0,0,0,0,0,0,0,0,0,0,0,0,0,0,0,0,0,0,0,0,0,0,0,0,0,0,0,0,0,0,0,0,0,0,0,0,0,0,0,0,0,0,0,0,0,0,0,0,0,0,0,0,0,0,0,0,0,0,0,0,0,0,0,0,0,0,0,0,0,0,0,0,0,0,0,0,0,0,0,0,0,0,0,0,0,0,0,0,0,0,0,0,0,0,0,0,0,0,0,0,0,0,0,0,0,0,0,0,0,0,0,0,0,0,0,0,0,0,0,0,0,0,0,0,0,0,0,10.3955,0,0,0,0,0,0,0,0,0,0,0,0,0,0,0,0,0,0,0,0,0,0,0,0,0,0,0,0,0,0,0,0,0,0,0,0,0,0,0,0,0,0,0,0,0,0,0,9.88324,0,0,0,0,0,0,0,0,5.7694,0,0,0,0,0,0,0,0,0,0,0,0,0,0,0,0,0,0,0,0,0,0,0,0,0,0,0,0,0,0,0,0,0,0,0,0,0,0,0,0,0,0,0,3.19262,6.67263,0,8.83346,0,0,0,0,0,0,0,8.61039,0,0,0,4.04474,0,0,0,0,0,0,0,0,6.42131,0,0,0,0,0,1.81079,0,0,0,0,22.4323,3.67031,0,0,0,0,0,12.354,0,0,0,0,2.77213,0,4.36025,4.21473,0,11.5977,0,8.2261,0,0,25.9294,0,3.48642,4.94879,0,0,6.58246,0,0,26.5348,20.2959,5.65459,10.4273,0,4.16327,0,37.3282,0,3.11674,0,2.59689,3.21131,39.7635,0,12.4216,4.50425,7.17835,4.69012,69.4286,57.0871,8.69826,3.59675,9.19887,9.57785,0,0,10.148,33.2655,60.495,2.55615,12.9647,0,114.487,202.131,26.9715,9.06839,78.6146,133.953,73.3798,32.0545,30.4545,126.816
TP11L5,60.90381662,0,0,0,0,0,0,0,0,0,0,0,0,0,0,0,0,0,0,0,0,0,0,0,0,0,0,0,0,0,0,0,0,0,0,0,0,0,0,0,0,0,0,0,0,0,0,0,0,0,0,0,0,0,0,0,0,0,0,0,0,0,0,0,0,0,0,0,0,0,0,0,0,0,0,0,0,0,0,0,0,0,0,0,0,0,0,0,0,0,0,0,0,0,0,0,0,0,0,0,0,0,0,0,0,0,0,0,0,0,0,0,0,0,0,0,0,0,0,0,0,0,0,0,0,0,0,0,0,4.69396,0,0,0,0,0,0,0,0,0,0,0,0,0,0,0,0,0,0,0,0,0,0,0,0,0,0,0,0,0,0,0,0,0,0,0,0,0,0,0,0,0,0,0,0,0,0,0,0,0,0,0,0,0,0,0,0,0,0,0,0,0,0,0,0,0,0,0,0,0,0,0,0,0,0,0,0,0,0,0,0,0,0,0,0,0,0,0,0,0,0,0,0,13.3075,0,0,0,0,0,0,0,0,0,0,0,0,0,0,0,0,0,0,0,0,0,0,0,0,0,0,0,0,0,0,0,0,0,0,0,0,0,0,0,0,0,0,0,0,0,0,0,0,0,0,0,7.4572,0,0,0,0,0,0,0,0,8.19983,0,0,0,0,0,0,0,0,0,0,0,0,0,0,0,0,0,0,0,0,0,0,0,0,0,0,0,0,0,0,0,0,0,0,0,0,0,0,0,0,0,0,0,0,0,0,0,0,0,0,0,0,0,0,0,0,0,0,0,0,0,0,0,0,0,0,0,0,0,0,0,0,0,4.70514,0,0,0,0,0,0,0,0,0,0,0,0,0,0,0,0,0,0,0,0,0,0,0,0,0,0,0,0,0,0,0,0,0,0,0,0,0,0,0,0,0,0,0,0,0,0,0,8.70554,0,0,0,0,0,22.912,0,0,0,0,0,0,0,0,0,0,0,0,0,21.519,0,0,0,11.0709,9.23438,26.0592,0,0,0,0,0,0,7.64471,0,31.9379,0,0,0,0,0,0,0,12.9584,0,0,0,0,0,0,0,0,0,5.63811,6.30354,0,0,15.7463,15.046,0,0,0,0,0,0,0,0,0,4.43629,11.2602,9.9806,0,0,0,0,0,18.006,0,0,0,0,0,0,0,0,5.14625,0,0,0,2.09895,6.23394,0,0,0,13.001,0,0,14.6382,0,2.58153,0,0,13.6287,0,3.7286,8.92171,0,5.65424,0,0,0,0,0,0,4.38659,29.4327,60.1113,3.03791,0,11.4726,5.45523,12.6272,0,10.7693,3.84467,0,0,0,8.05773,29.7167,7.77046,0,0,6.22412,18.0636,0,3.01014,0,92.1823,24.9357,14.3982,17.6983,0,25.1672,62.5932,100.258,0,29.1838,0,77.7141,0,11.4782,11.7628,0,57.3723,8.80429,0,0,63.4679,277.887,13.1105,3.50383,28.5882,65.8719,102.068,8.09348,15.7242,97.2075
TP11L18,38.94679931,0,0,0,0,0,0,0,0,0,0,0,0,0,0,0,0,0,0,0,0,0,0,0,0,0,0,0,0,0,0,0,0,0,0,0,0,0,0,0,0,0,0,0,0,0,0,0,0,0,0,0,0,0,0,0,0,0,0,0,0,0,0,0,0,0,0,0,0,0,0,0,0,0,0,0,0,0,0,0,0,0,0,0,0,0,0,0,0,0,0,0,0,0,0,0,0,0,0,0,0,0,0,0,0,0,0,0,0,0,0,0,0,0,0,0,0,0,0,0,0,0,0,0,0,0,0,0,0,0,0,0,0,0,0,0,0,0,0,0,0,0,0,0,0,0,0,0,0,0,0,0,0,0,0,0,0,0,0,0,0,0,0,0,0,0,0,0,0,0,0,0,0,0,0,0,0,0,0,0,0,0,0,0,0,0,0,0,0,0,0,0,0,0,0,0,0,0,0,0,0,0,0,0,0,0,0,0,0,0,0,0,0,0,0,0,0,0,0,0,0,0,0,0,0,0,0,0,0,0,0,0,0,0,0,0,4.66528,0,0,0,0,0,0,0,0,0,0,0,0,0,0,0,0,0,0,0,0,0,0,0,0,0,0,0,0,0,0,0,0,0,0,0,0,0,0,0,0,0,0,0,0,0,0,0,0,0,0,0,0,0,0,0,0,0,0,0,0,0,0,0,0,0,0,0,0,0,0,0,0,0,0,0,0,0,0,0,0,0,0,0,0,0,0,0,0,0,0,0,0,0,0,0,0,0,0,0,0,0,0,0,0,0,0,0,5.37137,0,0,0,0,0,0,0,0,0,0,0,0,0,0,0,0,0,0,0,0,0,0,0,0,0,0,0,0,0,0,0,0,0,0,0,0,6.20096,0,0,0,13.3832,0,0,0,0,0,0,0,0,0,0,0,0,0,0,0,0,0,0,0,0,0,0,0,0,0,0,0,0,0,0,0,0,0,0,0,0,0,0,0,21.674,0,0,0,0,0,0,0,0,0,0,0,0,0,0,0,0,0,0,0,0,0,4.78317,0,0,28.4933,0,0,0,0,0,0,0,0,0,0,0,0,10.0628,3.72174,0,0,0,0,0,0,0,0,0,0,0,0,0,0,0,4.7263,0,0,0,0,0,0,0,0,0,0,0,0,0,0,0,0,0,0,0,0,0,0,0,0,0,0,0,0,0,8.9725,0,0,0,0,3.70785,0,0,0,0,0,15.1134,3.0552,0,0,0,0,0,0,0,0,0,0,4.0518,0,0,0,0,0,0,4.35358,0,1.81268,46.3536,0,0,6.09208,0,31.9285,17.9856,39.8811,10.1398,4.19285,10.6912,22.3304,2.46883,7.69568,2.95745,8.30877,32.055,7.83861,7.55669,0,34.8159,105.995,22.3133,7.04755,149.146,293.379,51.3248,17.3795,38.1389,131.143
TP12L18,84.18990766,0,0,0,0,0,0,0,0,0,0,0,0,0,0,0,0,0,0,0,0,0,0,0,0,0,0,0,0,0,0,0,0,0,0,0,0,0,0,0,0,0,0,0,0,0,0,0,0,0,0,0,0,0,0,0,0,0,0,0,0,0,0,0,0,0,0,0,0,0,0,0,0,0,0,0,0,0,0,0,0,0,0,0,0,0,0,0,0,0,0,0,0,0,0,0,0,0,0,0,0,0,0,0,0,0,0,0,0,0,0,0,0,0,0,0,0,0,0,0,0,0,0,0,0,0,0,0,0,0,0,0,0,0,0,0,0,0,0,0,4.4437,0,0,0,0,0,0,0,0,0,0,0,0,0,0,0,0,0,0,0,0,0,0,0,0,0,0,0,0,0,0,0,0,0,0,1.78451,0,0,0,0,0,0,0,0,0,0,0,0,0,0,0,0,0,0,0,0,0,0,0,0,0,0,0,0,0,0,0,0,0,0,0,0,0,0,0,0,0,0,0,0,0,0,0,0,4.87969,0,0,0,0,0,0,0,0,0,0,0,0,3.42094,0,0,0,4.48999,0,0,0,0,3.50438,0,0,0,0,0,0,0,0,0,0,0,0,0,0,0,0,0,0,0,0,0,0,0,0,0,0,0,2.43984,0,0,0,0,0,0,0,0,0,0,0,0,0,0,0,0,2.75718,0,0,3.41192,0,0,0,0,0,4.3248,0,0,0,0,3.14627,0,0,0,0,0,0,0,0,0,0,0,0,0,0,0,0,0,0,0,0,1.35122,0,2.99333,4.0664,0,0,7.2647,0,0,0,0,0,2.3426,8.8874,0,0,0,0,0,0,0,0,0,0,0,3.50438,0,0,0,0,0,1.53942,0,5.67987,0,0,0,0,0,0,0,0,0,0,0,0,0,0,0,0,0,0,0,1.80603,0,0,0,0,2.43067,0,0,0,0,0,2.41704,0,0,0,0,0,0,1.62248,0,0,4.78932,0,0,0,7.74321,2.84827,5.72175,0,0,0,0,0,0,6.27726,0,0,1.21992,0,0,0,2.18801,0,0,12.5545,0,4.69251,3.07153,0,0,3.62217,0,0,2.63364,1.62045,2.60184,0,0,2.55809,5.00239,0,5.22471,1.65784,0,0,1.96522,19.1857,0,1.5561,8.47945,0,0,0,4.30322,2.02366,0,1.53577,1.72646,0,5.53402,2.06239,1.08665,0,7.72779,4.27961,0,5.06112,3.28202,0,1.33725,5.6468,8.58263,0,0,2.73324,0,6.53089,0,1.65997,0,0,0,0,1.68375,3.54278,0,0,2.95569,3.71585,0,2.73386,1.68375,2.71663,0,2.04931,2.0602,2.03962,12.5761,4.19843,0,4.25367,4.17583,0,17.1297,2.72809,0.844622,1.91431,14.0556,11.1476,7.49198,4.87969,2.919,1.05131,20.3495,1.6536,1.59841,3.6188,0,30.2009,17.1584,0,20.605,9.83358,2.98182,9.25543,3.7536,0.89242,24.7882,7.48909,8.8087,7.54737,20.1263,23.0914,25.7337,19.7724,15.7652,17.937,0,66.0243,6.10921,7.09205,15.5797,0.984856,0,165.881,48.109,50.6563,9.74365,10.8894,15.0998,32.1816,72.8458,0,8.18428,0.001189,61.7499,3.21271,13.7699,15.3942,23.0787,62.5701,4.15063,22.1256,5.54193,145.358,346.057,25.077,8.02466,7.0151,55.4193,7.42104,26.0389,18.385,32.58
TP12L13,72.28806385,0,0,0,0,0,0,0,0,0,0,0,0,0,0,0,0,0,0,0,0,0,0,0,0,0,0,0,0,0,0,0,0,0,0,0,0,0,0,0,0,0,0,0,0,0,0,0,0,0,0,0,0,0,0,0,0,0,0,0,0,0,0,0,0,0,0,0,0,0,0,0,0,0,0,0,0,0,0,0,0,0,0,0,0,0,0,0,0,0,0,0,0,0,0,0,0,0,0,0,0,0,0,0,0,0,0,0,0,0,0,0,0,0,0,0,0,0,0,0,0,0,0,0,0,0,0,0,0,0,0,0,0,0,0,0,0,7.78348,0,0,0,0,0,0,0,0,0,0,0,0,0,0,0,0,0,0,0,0,0,0,0,0,0,0,7.00513,0,0,0,0,0,0,0,0,0,0,0,0,0,0,0,0,0,0,0,0,0,0,0,6.38833,0,0,0,0,0,0,0,0,0,0,0,0,0,0,0,0,0,0,0,0,0,0,0,0,0,0,0,0,0,0,0,0,0,0,0,0,0,0,0,0,0,0,0,0,0,0,0,0,0,0,0,0,0,0,0,0,0,0,0,0,0,0,0,0,0,0,0,0,0,0,0,0,0,0,0,0,0,3.04571,0,0,0,0,0,0,0,0,0,0,0,0,0,0,0,0,0,0,0,0,0,0,0,0,0,0,0,15.1832,0,0,0,0,0,13.5885,0,0,0,0,0,0,0,0,0,0,0,0,5.06605,0,0,0,0,0,0,0,5.13002,0,0,0,0,0,0,0,6.38833,0,0,5.70643,0,0,0,9.24805,0,0,0,0,0,0,0,0,0,0,0,0,0,3.776,0,0,0,0,0,0,0,0,0,0,0,0,0,0,0,0,3.93699,0,0,0,0,0,0,0,0,0,0,0,0,9.42686,0,28.7644,0,7.63717,0,6.27002,1.60719,0,2.88154,0,0,4.18002,0,0,5.49051,1.50369,0,0,3.57028,0,0,0,2.13392,0,0,0,0,0,0,0,0,3.13018,0,0,0,0,0,13.0642,0,0,0,3.91423,0,5.88837,0,4.82539,8.34858,2.75643,5.69044,0,17.8592,0,12.7286,4.0875,4.12066,0,0,3.92938,6.9334,0,5.20894,0,5.53539,6.17473,12.0563,10.286,2.44463,0,0,7.28132,5.65874,1.69009,3.17917,0,0,0,2.59781,8.69396,0,1.70713,5.37431,0,5.14301,0,0,0,10.5258,0,0,4.49444,4.69166,7.45044,0,0,0,18.9859,2.60781,2.53936,7.22949,0,0,0,0,3.39147,7.60857,2.3217,0,0,4.2949,0,8.53566,0,3.21947,1.07886,3.20424,0,6.59574,8.49995,10.0238,4.37349,4.15013,15.0481,0,0,4.51107,14.7209,14.0103,0,1.9165,18.343,0,8.71883,7.79343,12.5555,5.68513,34.5491,101.739,14.7032,4.50941,12.2303,0,0,6.23156,2.94846,0,64.9038,15.6872,8.30308,1.97616,39.5231,12.0922,23.5828,16.5667,46.1647,14.4785,0,36.6663,6.39839,12.9985,20.0256,0,0.945727,236.908,67.9144,22.202,40.6914,34.2145,41.11,50.5574,62.1941,2.59118,12.8575,10.9613,51.3578,0,13.7661,33.2535,35.1275,101.574,6.03622,7.72429,2.90212,266.911,405.714,52.3553,3.60193,1.83679,29.0212,14.5731,69.8793,21.5201,56.0578
TP12L5,85.82854156,0,0,0,0,0,0,0,0,0,0,0,0,0,0,0,0,0,0,0,0,0,0,0,0,0,0,0,0,0,0,0,0,0,0,0,0,0,0,0,0,0,0,0,0,0,0,0,0,0,0,0,0,0,0,0,0,0,0,0,0,0,0,0,0,0,0,0,0,0,0,0,0,0,0,0,0,0,0,0,0,0,0,0,0,0,0,0,0,0,0,0,0,0,0,0,0,0,0,0,0,0,0,0,0,0,0,0,0,0,0,0,0,0,0,0,0,0,0,0,0,0,0,0,0,0,0,0,0,0,0,0,0,0,0,0,0,0,0,0,0,0,0,0,0,0,0,0,0,0,0,0,0,0,0,0,0,0,0,0,0,0,0,0,0,0,0,0,0,0,0,0,0,0,0,0,0,0,0,0,0,0,0,0,0,0,0,0,0,0,0,0,0,4.13675,0,0,0,0,0,0,0,0,0,0,0,0,0,0,0,0,0,0,0,0,0,0,0,0,0,0,0,0,0,2.45465,0,0,0,6.69048,0,0,0,0,0,0,0,0,0,0,0,0,0,0,0,0,0,0,0,0,0,0,0,0,0,0,0,0,0,0,3.94312,0,0,0,0,0,0,0,0,0,0,0,0,0,0,0,0,0,0,0,0,0,0,0,0,0,0,0,0,0,0,0,0,7.90305,0,0,0,0,0,0,0,0,0,0,0,0,0,0,0,0,0,0,0,0,0,0,0,0,0,0,0,0,0,0,5.61595,0,0,0,5.80961,0,4.28996,11.6557,0,0,5.2058,0,0,0,2.81224,0,0,0,0,0,0,2.96522,0,0,7.07353,0,0,0,0,0,0,0,0,0,0,0,0,8.14025,0,0,3.89341,0,0,0,0,0,0,0,0,30.5819,0,4.70372,0,0,0,0,0,0,0,0,6.56023,0,3.48358,0,0,1.46619,0,0,3.46405,0,0,0,0,5.00882,0,6.9759,0,3.25705,0,0,0,0,0,0,0,0,0,0,0,21.4871,0,0,17.0837,0,0,2.02321,0,0,12.5432,0,3.57084,11.9952,0,0,0,2.53872,0,0,0,4.07311,11.3234,0,0,0,0,5.4993,7.1693,12.6503,3.74397,0,0,0,0,0,14.0754,0,0,0,0,0,0,0,0,4.40205,0,7.10971,5.28749,5.91153,0,9.80563,0,0,0,0,0,0,3.83302,0,8.20028,0,4.53121,1.77346,0,9.35992,5.77341,7.13709,2.31658,4.39683,0,0,4.82621,0,15.4697,10.4116,12.7081,0,3.49014,0,7.23931,7.78683,8.78324,11.7481,0,11.6925,10.5299,6.01709,11.6314,3.04813,3.98981,1.89302,13.7279,0,7.26296,4.11532,0,9.58585,4.29493,5.24509,8.36688,1.50672,13.2565,0,2.29081,1.72879,12.6072,0,31.2976,0,7.21458,56.3731,6.07148,11.3697,0,1.279,41.4468,25.0441,17.6742,27.0418,21.6334,77.2193,18.4404,24.5591,38.7646,24.782,26.7298,156.933,2.91853,6.7761,28.4181,2.82295,0,362.008,147.76,40.5085,43.8866,42.9177,28.308,29.3503,108.574,2.36386,23.459,0,35.7398,2.30219,39.4693,35.8518,17.9079,122.555,3.60817,3.52332,5.29504,48.6989,506.569,11.8223,4.92889,10.8917,39.7128,29.2481,12.6503,4.77086,44.4694
TP13L13,97.6570935,0,0,0,0,0,0,0,0,0,0,0,0,0,0,0,0,0,0,0,0,0,0,0,0,0,0,0,0,0,0,0,0,0,0,0,0,0,0,0,0,0,0,0,0,0,0,0,0,0,0,0,0,0,0,0,0,0,0,0,0,0,0,0,0,0,0,0,0,0,0,0,0,0,0,0,0,0,0,0,0,0,0,0,0,0,0,0,0,0,0,0,0,0,0,0,0,0,0,0,0,0,0,0,0,0,0,0,0,0,0,0,0,0,0,0,0,0,0,0,0,0,0,0,0,0,0,0,0,0,0,0,0,0,0,0,0,0,0,0,0,0,0,0,0,0,0,0,0,0,0,0,0,0,0,0,0,0,0,0,0,0,0,0,0,0,0,0,0,0,0,0,0,0,0,0,0,0,0,0,0,0,15.3793,0,0,0,0,0,0,0,0,0,0,0,0,0,0,0,0,0,0,0,0,0,0,0,0,0,0,0,0,0,0,0,0,4.59613,0,7.48043,0,0,0,3.52443,0,0,0,0,0,0,0,0,0,0,0,0,0,0,0,0,3.51598,0,0,0,0,0,0,0,0,0,0,0,0,0,0,2.46829,0,0,0,0,3.1195,0,0,0,5.12645,0,0,0,0,6.59444,0,0,0,0,21.2488,4.28077,0,10.1115,0,0,0,0,5.37056,0,4.23747,0,0,1.76434,0,0,0,0,2.31622,0,0,0,3.86851,0,0,4.30591,0,0,0,0,0,0,0,0,0,11.5446,0,0,0,0,7.42361,0,1.1158,0,0,0,5.12645,0,0,0,4.95762,0,2.29088,8.77942,0,16.999,0,0,3.43364,0,0,2.80337,0,2.64651,0,9.7962,0,5.03836,0,0,0,4.69172,0,0,0,0,0,0,0,3.97334,5.2488,0,2.51918,0,5.37056,0,0,0,0,3.22944,9.24053,4.47001,0,0,0,0,0,0,0,4.83882,5.09085,7.44246,0,2.0223,0,4.8071,0,0,0,2.28731,0,0,8.26784,0,9.05039,1.15994,12.2912,0,2.74049,2.05922,6.0336,4.85485,0,0,9.76719,0,0,0,0,4.41616,0,3.08018,2.92647,6.45887,0,2.25044,4.11266,0,8.16804,4.24975,13.5547,0,0,6.35804,2.76635,8.00308,23.5718,2.88048,0,1.0663,0,4.74487,4.24975,6.1329,3.48258,2.00844,0,0,3.42562,3.22234,5.97215,33.0714,1.47501,2.97396,2.22483,12.2105,0,5.00397,14.8097,0,12.3901,1.9975,42.336,4.35063,7.42361,22.9364,4.8071,0,21.0203,14.2941,2.43954,0,0,12.189,0,3.79882,14.6407,11.6919,0,7.75748,0,8.13578,4.11844,0,0,18.9918,0,6.40246,9.73118,3.38606,5.37713,1.40303,0,11.1073,9.13498,1.88211,1.83271,10.4353,5.23007,3.33978,0,4.01689,2.44769,16.4738,0,2.10656,11.0445,7.74928,7.63627,3.08018,6.94864,13.9413,17.1299,9.25025,24.9914,9.52055,12.2692,9.64582,7.89109,29.9523,0,21.6522,0,6.51146,42.4975,17.6951,20.387,5.5327,3.30963,5.96002,44.0478,5.62467,11.5605,0,24.9348,0,26.5289,8.13632,8.46514,11.1495,5.20781,13.4923,25.5355,2.02369,42.1581,31.1348,9.98749,8.55738,57.0492,21.8179,41.3346,28.3967,86.6738,20.7284,18.0691,112.665,4.61784,18.7626,27.2999,0,0,491.571,83.6396,42.7297,22.2904,114.206,19.7809,136.002,100.54,1.87011,35.5715,15.0181,41.3871,0.910661,31.2252,67.6355,0,153.711,2.9546,2.78738,0,177.652,742.413,5.23764,1.29979,41.095,109.962,10.5177,3.50278,7.05614,51.0123
TP13L18,95.05036569,0,0,0,0,0,0,0,0,0,0,0,0,0,0,0,0,0,0,0,0,0,0,0,0,0,0,0,0,0,0,0,0,0,0,0,0,0,0,0,0,0,0,0,0,0,0,0,0,0,0,0,0,0,0,0,0,0,0,0,0,0,0,0,0,0,0,0,0,0,0,0,0,0,0,0,0,0,0,0,0,0,0,0,0,0,0,0,0,0,0,0,0,0,0,0,0,0,0,0,0,0,0,0,0,1.6222,0,0,0,0,0,0,0,0,0,0,0,0,0,0,0,4.65412,0,0,0,0,0,0,0,0,0,0,0,0,0,0,0,0,0,0,0,0,0,0,0,0,0,0,0,0,0,0,0,0,0,0,0,0,0,0,0,0,0,0,0,0,0,0,0,0,0,0,0,0,0,0,0,0,0,5.18413,0,0,0,0,0,0,0,0,0,0,0,0,0,0,0,0,0,0,0,0,0,0,0,0,0,0,0,4.7762,0,0,0,0,0,0,0,0,0,0,0,0,0,0,0,0,0,0,0,0,0,0,0,0,0,0,0,0,0,0,0,0,0,0,0,0,0,0,3.9478,0,0,0,0,0,0,0,0,0,2.5423,0,0,0,0,0,0,0,0,4.49611,0,0,1.78741,0,0,0,0,0,0,0,0,0,0,0,0,0,0,0,5.7352,0,6.99235,0,0,3.85381,2.30133,3.10606,1.91173,0,3.84364,0,0,2.13912,0,1.75511,0,0,0,0,3.25893,0,5.31657,0,2.52031,0,0,0,0,0,0,12.9488,0,0,0,0,0,0,0,0,0,2.90766,0,8.44487,6.74416,0,0,2.82862,0,0,5.35566,10.518,2.21053,9.73323,0,0,0,0,3.63277,0,0,0,0,0,0,5.39533,8.12308,0,0,2.64862,0,10.8067,0,0,0,2.13286,0,3.20868,9.18113,0,2.10816,0,0,5.64628,0,0,0,4.80772,5.05812,0,5.95803,0,0,4.7762,0,6.10366,0,2.2726,0,0,0,19.4412,0,0,5.23379,0,0,0,11.9896,4.82364,0,0,2.15653,0,0,5.12035,0,4.38777,1.54643,9.18113,8.72299,3.20868,6.44575,0,0,10.2227,4.05777,0,8.97837,0,0,3.7903,10.9943,19.0839,9.3681,1.43098,12.3244,1.05945,0,0,0,11.9827,6.92038,10.7834,0,0,3.4036,3.20163,5.93377,18.2549,1.46553,17.7291,4.42106,7.20445,0,9.94361,35.3149,3.99159,8.20698,13.8926,24.3528,0,3.68795,12.271,9.55239,16.9388,5.22129,34.4911,1.21193,0,10.7907,3.46019,0,3.72568,54.0303,18.5868,0,0,0,5.11106,5.42283,2.85076,0,52.8351,3.0129,12.7226,0,13.4572,10.6851,4.80724,4.15025,0,4.53813,1.87001,9.10462,26.3007,0,9.95494,0,7.98214,0,5.45595,3.32969,10.4651,8.23017,4.61968,1.8968,3.06038,19.6892,18.469,15.4725,9.19079,15.8319,4.72967,3.04757,7.18786,7.84036,69.3346,22.5225,0,0,5.39134,0,2.51162,25.0882,32.9828,0,5.92171,33.3445,11.177,10.0369,10.8712,44.5941,0,28.1156,3.23361,4.82669,0,2.7164,20.9072,14.8,0,13.9624,22.4979,17.8619,1.41706,17.0047,26.0132,19.3266,19.3044,51.0187,10.5562,24.3266,113.47,4.58816,15.9789,23.9333,0,0.79398,254.823,84.7319,23.881,25.6624,52.1359,10.5133,141.719,61.9353,9.29043,29.1963,7.77529,92.403,1.80961,29.6143,39.0198,0.003994,103.382,2.76201,2.76947,0,121.218,775.584,5.20397,0,42.148,93.2661,20.9001,6.75126,5.0077,34.9548
TP13L5,88.66245166,0,0,0,0,0,0,0,0,0,0,0,0,0,0,0,0,0,0,0,0,0,0,0,0,0,0,0,0,0,0,0,0,0,0,0,0,0,0,0,0,0,0,0,0,0,0,0,0,0,0,0,0,0,0,0,0,0,0,0,0,0,0,0,0,0,0,0,0,0,0,0,0,0,0,0,0,0,0,0,0,0,0,0,0,0,0,0,0,0,0,0,0,0,0,0,0,0,0,0,0,0,0,0,0,0,0,0,0,0,0,0,0,0,0,0,0,0,0,0,0,0,0,0,0,0,0,0,0,0,0,0,0,0,0,0,0,0,0,0,0,0,0,0,0,0,0,0,0,0,0,0,0,0,0,0,0,0,0,0,0,0,0,0,0,0,0,0,0,0,0,0,0,0,0,0,0,0,0,0,0,0,0,0,0,0,0,0,0,0,0,0,0,0,0,4.04886,0,0,0,0,0,0,0,0,0,5.88531,10.6315,0,0,0,0,0,0,0,12.7743,0,0,0,5.82292,0,0,0,0,0,0,0,0,0,0,0,0,0,0,9.55296,0,0,0,0,0,0,0,0,0,0,0,0,0,0,5.07042,4.84534,0,4.96351,0,0,0,0,0,0,0,0,0,0,0,0,0,0,0,0,0,0,0,0,0,0,0,0,0,0,0,2.6536,0,0,0,3.41885,0,0,0,0,3.77956,0,0,3.51362,0,0,6.34704,0,0,2.4198,0,1.98541,0,2.01453,0,0,0,0,0,6.48774,0,0,0,0,8.34373,0,0,0,0,0,0,10.2566,0,0,0,0,0,3.28919,0,0,3.81455,0,0,0,0,0,0,8.92357,5.00117,0,0,0,0,0,0,2.63662,0,0,0,4.35949,0,0,0,0,0,0,0,0,6.03621,1.96177,0,0,0,0,3.46195,0,4.76957,0,0,0,5.78206,0,2.20601,5.43857,0,0,3.36991,2.27295,3.52112,5.4029,10.2036,0,3.8234,0,0,0,0,0,0,0,1.97352,2.33743,0,0,23.735,10.9132,3.41885,0,1.21975,0,0,0,0,4.96351,6.99739,0,9.86758,0,0,0,2.3112,28.9103,4.59021,0,0,7.99945,26.1532,2.85843,2.727,12.593,0,8.09374,8.3649,4.79385,15.8756,0,14.3294,0,7.82844,14.248,0,8.58493,0,21.7304,6.71237,24.7802,1.65783,0,2.50059,1.62996,9.5622,5.62418,3.32906,2.11267,9.28386,11.2254,7.51316,4.88987,4.17186,11.8981,43.2232,19.1615,0,34.2345,1.37095,5.1577,4.06885,11.7427,1.10006,4.21454,25.8584,15.7692,1.38478,4.35949,3.28264,0,7.71482,3.22483,0,4.26913,8.52061,3.598,3.64576,11.4172,12.0872,3.52231,4.69483,24.968,0,4.23077,10.2993,14.6675,3.91887,7.50745,6.43705,31.6033,2.75106,27.7734,1.8833,0,37.2404,8.70976,8.58274,0,7.80989,5.22309,8.75139,0,66.7344,10.7006,3.44746,2.71034,5.32148,31.4567,8.08097,17.3828,1.07635,7.31852,29.853,19.8883,17.1854,20.2099,7.43966,5.35898,73.0822,6.32181,20.3694,3.07441,33.6303,13.7959,31.8048,7.31581,9.40104,6.26573,10.4958,13.4796,16.7419,5.68629,68.4425,9.54374,11.2254,4.809,57.7081,29.4265,57.3891,45.3547,92.9381,20.0369,60.9925,129.829,12.9755,24.1007,21.659,0,0,302.673,143.61,42.0226,35.4729,34.6923,5.83622,208.782,211.106,2.10189,34.7655,10.3734,46.8672,1.02353,48.5289,67.3552,0,178.078,3.50114,9.39859,7.06237,110.661,942.686,3.02776,1.46089,15.6445,51.006,37.8281,13.498,9.06366,55.3579
TP14L5,95.91836735,0,0,0,0,0,0,0,0,0,0,0,0,0,0,0,0,0,0,0,0,0,0,0,0,0,0,0,0,0,0,0,0,0,0,0,0,0,0,0,0,0,0,0,0,0,0,0,0,0,0,0,0,0,0,0,0,0,0,0,0,0,0,0,0,0,0,0,0,0,0,0,0,0,0,0,0,0,0,0,0,0,0,0,0,0,0,0,0,0,0,0,0,0,0,0,0,0,0,0,0,0,0,0,0,0,0,0,0,0,0,0,0,0,0,0,0,0,0,0,0,0,0,0,0,0,0,0,0,0,0,0,0,0,0,0,0,0,0,0,0,0,0,0,0,0,0,0,0,0,0,0,0,0,0,0,0,0,0,0,0,0,0,0,0,7.39648,9.99717,0,0,0,0,0,0,0,0,0,0,0,0,0,0,0,5.41805,0,0,0,0,0,0,8.39871,0,0,0,3.45884,0,0,0,2.86425,0,0,0,0,0,0,0,0,0,0,0,0,0,0,0,0,0,0,0,0,16.4264,5.18248,0,0,5.21738,2.0524,0,3.34679,0,0,0,0,0,10.6134,4.02484,0,0,4.61179,0,0,0,0,0,20.9038,5.65534,0,0,0,8.39871,0,0,0,0,0,0,0,3.36861,0,0,5.19987,0,0,0,0,54.1805,2.23537,0,0,0,0,3.8026,0,0,0,0,0,0,0,0,26.413,0,14.9716,0,5.98286,4.4785,0,8.8211,3.72939,0,0,0,0,0,0,0,0,0,9.22358,0,0,0,1.86694,0,0,10.0295,0,0,0,0,0,0,1.54801,0,4.86973,0,3.86424,1.17927,0,2.54444,2.06333,0,0,10.3679,3.91303,0,0,0,0,3.23837,4.49148,3.58695,4.87284,0,6.01771,0,5.92567,0,2.79704,0,13.8046,0,0,0,12.3635,0,0,0,0,0,0,0,5.73912,5.76045,0,1.84912,0,0,0,0,1.84472,0,0,0,3.41313,6.51076,0,0,0,0,3.00303,0,0,2.07438,0,0,0,25.3507,2.13733,3.31103,5.08053,4.79741,0,0,0,0,6.66478,2.91271,0,4.7826,1.22592,7.42305,6.59388,0,2.17635,0,0,0,0,13.7637,0,0,24.5098,0,4.66735,1.64497,6.51076,0,6.82626,13.7129,0,6.51989,5.43706,8.63265,0,11.9381,18.8054,0,9.40757,8.7711,37.2165,4.98251,4.56649,0,2.25391,2.98567,0,0,0,3.68067,21.2269,2.10253,3.49867,0,3.40563,3.15593,17.4763,0,12.5725,4.70277,1.5327,0,26.443,9.39128,3.97323,8.72992,8.44448,56.519,4.59811,0,33.5645,0,6.00605,16.662,59.8214,1.28915,0,0,25.7647,1.03442,2.02109,28.5941,34.5995,0,16.3975,15.4339,4.59575,10.9602,0,0,24.0865,9.61465,6.76664,6.85647,3.57866,7.57732,2.96567,4.41471,23.4782,19.3092,5.9675,7.74781,76.0307,1.84252,14.119,0,8.49075,0,8.7054,0,4.45276,53.1978,16.3801,4.03532,9.76614,3.67195,17.1901,12.3438,9.77641,16.2077,5.03104,6.48352,12.7431,13.3439,112.379,7.56551,13.0765,3.03637,10.3228,5.61435,5.34332,39.5022,11.6948,34.9788,8.81864,6.65048,17.8338,1.9154,4.33646,36.8943,0,57.945,3.43965,16.2014,5.89187,14.2927,19.013,11.245,0,49.5068,23.9315,6.33336,1.50736,54.2648,9.22358,20.558,15.7957,20.4846,24.9721,48.0577,146.414,17.0818,22.6627,27.1555,1.18017,0.842385,365.931,121.039,50.8053,19.8445,55.458,28.7784,231.383,104.164,11.8589,34.3257,5.57396,124.088,2.88738,31.5013,70.3298,0.336639,167.453,3.56816,0,0,76.9125,441.316,11.8619,1.37373,11.9089,53.4968,26.6782,19.3472,9.05553,39.0411
TP15L5,92.63828415,0,0,0,0,0,0,0,0,0,0,0,0,0,0,0,0,0,0,0,0,0,0,0,0,0,0,0,0,0,0,0,0,0,0,0,0,0,0,0,0,0,0,0,0,0,0,0,0,0,0,0,0,0,0,0,0,0,0,0,0,0,0,9.15403,0,0,0,0,0,0,0,0,0,0,0,0,0,0,0,0,0,0,0,0,0,0,0,0,0,0,0,0,0,0,0,0,0,0,0.596399,0,0,0,0,0,0,0,0,0,0,0,0,0,0,0,0,0,0,0,0,0,0,0,0,0,0,0,0,0,0,0,0,0,0,0,0,0,0,0,0,0,0,0,0,2.04101,0,0,2.82891,0,0,0,0,0,0,0,0,0,0,0,0,0,0,0,0,0,0,0,8.88827,0,0,0,0,0,0,0,0,1.57991,0,0.824959,0,0,0,0,0,0,0,0,0,0,0,3.73355,0,0,0,0,0,3.38497,0,0,0,0,0,0,0,0,0,0,0,0,0,0,0,0,0,0,0,0,0,0,0,0,0,0,4.63866,0,0,0,2.78883,0,0,0,0,9.43617,0,0,0,2.05012,0,0,0,0,0,0,5.02803,0,3.60649,8.08815,0,0,0,0,0,0,1.83691,0,0,0,0,0,0,5.46699,0,0,0,0,0,0,2.06549,0,0,0,2.90038,0,4.9916,0,0,28.5037,0,0,1.20216,2.21849,0,5.31923,7.96347,0,0,0,0,0,3.15982,0,0,2.93749,3.61596,0,0,0,0,0,11.1403,3.31971,0,0,4.45852,3.08206,0,3.35202,5.02803,5.42394,0,1.3763,0,0,17.439,0,0,0,5.65551,0,0,2.85826,9.3153,0,0,0,4.30525,0,0,3.99328,6.37815,4.33233,19.3585,5.35022,0,5.26838,0,0,0,15.3417,0,18.9372,0,0,0,0,0,1.62654,0,0,0,0,0,0,6.57604,0,4.7343,2.04404,5.04645,1.6401,3.16708,2.0171,0,0,0,0,1.99375,6.99331,2.95957,2.66993,0,18.2474,0,0,0,3.49665,0,0,0,4.51699,0,1.92414,0,6.44781,12.1919,5.92551,0,21.5738,0,0,6.59967,0,5.15021,9.67473,14.1737,0,5.71652,7.44693,29.5727,1.72858,0,7.2637,2.55126,20.7482,5.85003,1.44714,0,0,3.04797,3.17194,5.79669,0,0,11.9798,19.105,0,23.4338,3.5846,0.64985,7.52009,8.85969,1.35332,0,0,0,17.8341,7.98656,0,0,15.0979,0,2.88749,12.8755,0,8.4176,5.17925,0,8.38346,10.4528,5.78791,0,18.8079,58.4471,0,34.9271,3.7539,14.6562,8.17615,0,6.63144,4.51699,0,14.8138,21.1065,3.43847,12.936,3.40168,3.2724,3.67872,1.76174,7.67099,28.5644,9.26172,0,35.677,5.00528,0,8.08815,13.9866,39.2603,11.3976,9.02411,6.09593,6.36342,21.8947,0,15.7001,17.395,0,3.53705,5.16631,9.9343,0,18.8294,7.17542,30.1958,2.29997,25.7993,4.72348,15.8354,12.9725,7.28161,7.17542,2.89429,25.3548,26.2,10.9746,13.038,14.1035,17.892,8.64654,2.26592,5.93189,43.6242,32.6385,5.813,0,14.2765,49.916,21.3778,12.7711,10.3976,12.4396,2.24013,25.6221,8.8087,47.6824,14.1367,14.058,38.78,53.1795,1.52906,25.2473,20.9533,21.1239,27.2566,37.9912,2.85234,8.80307,18.6173,9.38475,10.7213,48.2456,65.6039,82.2496,40.7266,94.6657,33.5352,33.1173,89.8038,8.67831,62.8816,22.6344,1.04926,0,373.54,119.204,42.9646,43.0556,34.8046,31.4719,146.496,75.6,5.27174,20.3455,7.43353,17.1912,17.1141,26.6734,63.5537,0,175.543,0,0,1.96812,18.1009,556.931,13.3585,1.22135,0.622822,19.6812,1.97659,8.93377,6.10615,31.4048
TP16L5,94.74758621,2.30439,0,0,0,0,0,0,0,0,0,0,141.632,0,0,0,0,0,0,0,0,0,0,0,0,0,0,0,0,0,0,0,0,0,0,0,0,0,0,0,0,0,0,0,0,0,0,0,0,0,0,59.5366,0,0,0,0,0,0,0,0,0,0,0,0,0,0,0,0,0,0,0,0,0,0,0,0,0,0,0,0,0,0,0,0.82414,0,0,0,0,0,0,0,0,0,0,0,0,0,0,0,0,0,0,0,0,0,0,0,0.918784,0,4.47835,0,0,2.14475,0,0,0,0,0,0,0,0,0,0,0,0,0,0,0,0,0,0,8.25574,0,0,0,1.24704,0,5.45638,0,0,0,0,0,1.0549,0,0,2.92426,0,0.65567,0,0,0,0,0,0,0,0,6.13842,0,0,3.96689,0,0,4.43649,0,0,0,0,0,0,0,0.666097,0,0,0,0,0,0,0,7.60203,0,0,0,0,0,0,0,1.5086,2.23917,3.85939,0,0,0,0,0,0,0,0,0,0,5.35381,0,0,1.82579,6.65474,0,0,2.33461,0,0,0,0,4.42272,2.80337,0,2.23216,0,0,2.5161,0,0,0,0,0,0,0,1.44141,0,0,0,0,2.43855,0,0,0,7.41726,0,0,1.70757,1.87383,0,0,5.1975,0,1.86402,6.96729,0,0,0,1.50499,1.07888,2.14475,0.94941,0,3.0959,4.89386,0,0,4.54505,8.47687,0,0,0,1.16207,0.911725,0,2.1351,0,0.87369,0,0,4.76293,20.6393,6.237,0,19.643,1.86402,0,1.86402,6.87978,10.4331,24.7433,2.05797,5.90919,2.80337,0.856868,2.27858,0,1.63316,16.9537,2.24979,0,2.80337,0.709928,0,0,1.78014,0,1.91929,6.0053,0,0.870486,0,0,0,0,0,0,0,2.13404,0,1.76689,0,5.32711,1.0838,1.58235,2.33845,0,2.48971,1.4773,0,3.59625,2.15775,1.82579,8.90072,0,0.744052,10.3197,8.2414,0,15.0082,6.91318,4.00032,5.44595,10.4714,5.14121,1.08051,23.7881,0,0,0,0,7.10282,0,2.88672,16.8136,8.15333,1.88375,1.73962,2.63725,3.97058,0,4.24855,0,0,35.9198,2.60827,0,0,2.08509,4.71561,0,0,15.1963,2.06095,1.80725,0,1.37996,7.49534,2.35781,7.62578,0,2.47242,7.22901,4.36845,2.94644,4.56447,4.66923,6.61353,0,11.5647,9.99768,3.78084,0,0,0,0,1.69001,41.7854,3.03003,3.99284,23.0019,30.7679,3.21674,14.773,21.1693,21.6094,0,2.48971,16.2684,1.31862,2.14475,0.755899,5.98367,4.26382,15.6841,3.1507,0.546475,8.9881,0,3.96689,0,17.5546,8.24816,6.85333,9.88111,4.03051,26.4301,9.15829,7.69414,9.63868,5.1786,2.74396,2.30439,14.4475,0.645906,1.69135,30.778,4.83078,4.9864,0,6.25984,11.6017,13.3845,5.01449,15.8877,18.3687,23.9335,4.13186,46.1744,27.3315,19.1708,40.1159,2.91032,32.4646,6.33879,2.0203,20.5648,2.33461,0,2.55218,98.7894,5.33154,3.34299,21.098,25.3702,3.32737,4.5528,41.2062,37.4767,4.18857,16.9537,0,4.08001,9.33408,2.78692,0,73.7883,2.94543,6.21884,1.57535,3.28895,58.3225,3.15814,18.2579,16.1831,6.65474,15.5391,2.67021,20.1465,27.9404,17.842,3.70863,27.3118,19.0199,29.3357,1.62756,37.8536,14.7507,5.26892,16.6888,5.98367,27.5928,33.8538,31.5505,31.4473,15.2723,18.495,7.4483,5.28832,4.97022,191.613,43.9911,10.5156,2.32546,15.2847,51.0039,44.1967,84.1597,17.4656,8.03676,3.47345,19.3549,23.6745,26.8391,6.64233,9.68785,0,24.9091,10.2739,2.50095,2.70744,9.11191,24.7545,8.26772,8.84543,10.8663,31.4505,3.1271,5.5413,27.7065,29.6691,46.0535,60.2454,88.8558,44.0649,106.636,111.559,42.6113,87.8222,28.0767,0,1.52813,271.952,181.193,26.5123,57.7641,40.4748,40.1315,135.323,51.2975,1.81647,64.2211,0.000242,83.0808,1.32682,23.4365,85.2833,0,187.202,1.87018,5.41488,0,80.0415,756.536,1.63524,0,0,4.23844,10.216,0.827539,0.244777,4.69864
TP17L13,92.23234185,0,0,0,0,0,0,0,0,0,0,0,0,0,0,0,0,0,0,0,0,0,0,0,0,0,0,0,0,0,0,0,0,0,0,0,0,0,0,0,0,0,0,0,0,0,0,0,0,0,0,0,0,0,0,0,0,0,0,0,0,0,0,0,0,0,0,0,0,0,0,0,0,0,0,0,0,0,0,0,0,0,0,0,0,0,0,0,0,0,0,0,0,0,0,0,0,0,0,0,0,0,0,0,0,0,0,0,0,0,0,0,0,0,0,0,0,0,0,0,0,0,0,0,0,0,0,0,0,0,0,0,0,0,0,0,0,0,0,0,0,0,0,0,1.72818,0,0,0,0,0,0,0,0,0,0,0,3.86752,0,0,0,0,0,5.43522,0,0,0,0,0,0,0,0,0,0,0,0,1.00975,0,0,0,15.6674,0,0,0,0,0,0,0,0,0,0,0,0,0,0,0,0,6.62034,0,0.795398,1.7064,0,0,0,4.51541,0,0,0,0,0,2.55961,0,0,0,0,0,2.7602,0,17.9695,0,0,1.35567,0,0,1.16623,0,0,1.7824,9.53616,0,1.52073,0,3.01543,0,2.55219,0,0,0,0,2.11152,11.5856,2.66014,0,3.21352,0.877131,0,0,0,0,0,2.56895,0,0,3.52202,0,0,3.02579,0,0,7.49366,48.917,0,0,0,2.46986,5.63704,5.43522,0,6.60049,0,1.33107,0,2.94483,15.9512,6.42704,0,6.07245,0,1.66762,0,0,19.3518,3.39963,15.2689,0,6.93311,1.05957,0,0,0,2.32938,0,0,1.15552,1.75574,0,0,4.40253,0,2.37333,8.4868,0,0,0,3.93962,3.93962,2.14235,0,0,1.52337,6.15738,5.48032,0,6.68738,0,4.69067,3.91336,8.67493,1.17244,3.07869,3.65355,0,0,3.10099,0,17.8853,15.8175,0,10.2088,2.03821,0,20.6207,8.54859,0,6.73426,0,3.62965,0,18.1733,1.59512,17.7378,2.62055,9.36708,0,0,0,11.4351,6.72141,0,0,13.0445,0,4.77239,0,1.60092,1.5129,3.91916,3.22529,0,2.02415,1.28917,5.83116,0,0,0,2.54849,0,3.78305,0,0,0,2.35744,0,0,2.23479,1.80062,3.64347,3.76284,2.8869,2.72602,1.49908,2.04293,9.6155,0,3.78712,1.65508,3.61103,5.43522,2.08981,60.1063,0,0,14.84,10.8704,8.74674,5.48032,0,50.836,0,0,41.7814,0,2.65212,1.86944,0.9249,1.7575,11.6366,3.89604,2.02726,0,3.08949,12.2633,0,4.07013,10.3824,4.59645,22.1463,2.07666,54.7913,14.156,6.91949,0,4.48257,1.69654,14.2477,12.7609,0,16.7317,25.8462,1.19471,4.44155,2.05726,1.93518,7.17316,14.3441,7.08656,32.1483,5.34449,20.9022,1.70311,70.76,46.2488,5.64426,17.3621,2.3992,21.4105,7.83833,2.22913,11.6553,25.9821,0,12.6237,101.048,1.46507,1.37794,30.4372,12.5488,5.29009,9.00773,16.3289,60.3855,6.65928,9.31752,3.50799,4.55022,7.41999,5.58222,6.70435,86.6819,3.42401,3.845,0,6.1005,17.2226,1.99604,7.52569,13.341,6.63802,7.91211,3.30189,16.9141,8.37579,6.01712,2.29298,16.8864,2.93992,13.1911,0,27.8321,31.5058,12.1,10.3184,0,12.3233,32.0945,10.755,27.7762,4.19138,11.4351,1.84206,4.3446,15.1648,155.21,20.6247,16.7185,1.72535,0.651743,38.2828,12.1449,44.8925,10.7986,5.96279,1.43172,37.7899,54.0464,3.75449,4.9282,11.9797,2.85086,86.0325,5.86352,0,3.34793,5.41433,29.514,34.5046,3.03832,12.8244,22.0976,10.1261,0.856523,17.1305,5.2411,48.1869,39.4607,58.6959,20.7417,71.4072,87.3099,16.6395,49.0127,62.6866,0.670606,0.404274,120.652,69.6848,95.6756,61.2744,94.5385,27.6973,260.964,35.0542,5.61547,69.5329,7.12639,139.151,6.01587,9.37614,107.443,0,242.849,2.65532,5.02189,6.28932,20.5665,517.298,8.31301,0.78059,4.37864,19.3908,11.3695,9.85776,4.32731,19.5433
TP17L5,98.04283198,0,0,0,0,0,0,0,0,0,0,0,0,0,0,0,0,0,0,0,0,0,0,0,0,0,0,0,0,0,0,0,0,0,0,0,0,0,0,0,0,0,0,0,0,0,0,0,0,0,0,0,0,0,0,0,0,0,0,0,0,0,0,0,0,0,0,0,0,0,0,0,0,32.5027,0,0,0,0,0,0,0,0,0,0,0,0,0,0,0,0,0,0,0,0,0,0,0,0,0,30.8662,0,26.4219,0,0,0,0,0,0,0,0,0,0,0,9.6616,0,0,49.8886,0,0,0,0,0,0,0,0,1.8143,0,0,1.36271,0,0,0,0,1.85405,0,0,2.62179,0,0,0,3.1984,0,0,0,0,0,3.82232,0,0.85703,0,0,0,0,0,0,0,27.2543,0,0,0,2.59258,0,0,2.89948,0,4.44265,0,0,0,1.88027,0,0,0,0,0,0,0,18.9491,0,0,0,0,0,1.591,0,0,0,0,0,0,0,0,0,0,0,0,17.495,0,1.68154,0,0,0,0,0,0,0,3.00237,0,0,0,0,0,0,0,0,0,0,0,0,0,0,0,0,0,7.02441,2.01023,3.76816,0,0,0,0,0,2.41749,0,2.98312,1.38502,0,2.46226,0,0,2.81189,0,0,0,2.43648,5.4642,0,0,8.5914,0,1.4102,2.80342,2.48196,0,0,12.7936,1.62432,0,1.98029,18.467,0,0,0,0,1.19172,14.3632,2.79081,6.97702,0,0,0,3.11282,26.9778,1.35874,0,6.41886,0,0,2.43648,0,6.81857,7.18714,18.8299,0,0,0,0,0,2.13471,2.46226,1.47036,0,0,0,0,0,0,0,2.50872,4.48547,3.11282,0,0,0,0,0,6.79368,7.32862,3.22053,2.78941,3.86197,0,4.71258,0,0,0,10.6981,0,0,1.93098,0,0,0,0,20.3598,7.43101,0,18.8845,2.15448,0,17.4376,3.6145,0,10.6776,0,0,0,24.8749,0,15.6581,5.54009,0,2.32103,0,0,2.19772,3.55242,6.15565,0,3.44717,0,5.04463,6.66397,0,0,9.66638,3.40928,0,0,0,6.1638,2.05008,0,11.3504,0,4.72454,0.999715,0,3.26573,3.0819,0,0,3.23172,0,0,0,3.9775,0,14.4077,2.59982,4.31895,2.90401,21.4151,4.00316,12.2465,13.8408,5.74528,2.94536,34.5542,1.32019,0,13.0721,7.66037,0,1.93098,2.5155,40.6464,2.3356,3.25432,4.90721,3.44717,8.41025,2.96412,0,0,8.2003,2.05915,2.1429,2.61076,0,2.59258,0,7.17053,13.2484,0,10.494,5.70733,26.4182,8.97815,6.39994,3.14969,0,1.79332,12.0483,0,0,0,1.27498,1.26287,3.91065,10.8731,4.09114,17.0603,18.6613,1.87271,9.4395,15.5358,12.8885,0,34.9423,15.0422,14.319,7.86536,1.26803,8.48694,22.0946,4.71258,6.72011,12.2064,7.215,10.0079,41.2777,0,1.45655,13.7887,5.52693,4.34923,9.52158,22.5713,23.7508,6.25704,7.38678,31.5189,13.6755,5.22884,1.8214,11.8114,12.0561,2.88749,16.2574,0,2.1495,13.6538,4.07285,2.65166,18.8027,2.89948,19.1165,11.835,7.95517,14.3871,0,6.05947,10.1085,13.9843,22.6583,2.12739,21.3962,17.528,5.90318,12.1189,3.91065,0,30.9753,13.3456,17.6164,0,3.02187,17.5243,6.12325,10.0187,71.3024,27.5773,1.96358,4.25548,5.51138,56.7459,4.81414,22.6482,6.14636,8.40392,6.81025,34.6196,20.2334,3.45143,8.68223,25.3261,0,70.7313,5.16501,21.1428,42.467,7.15399,26.2503,22.9644,5.78096,20.8151,19.7646,5.07212,2.71615,14.4861,5.54009,38.5877,36.0529,88.8407,30.4217,64.9797,83.4839,17.5887,61.2549,46.8935,0,0.499947,132.962,118.177,90.3038,57.5305,64.6616,27.9198,134.767,58.5301,8.31013,49.0894,1.67398,87.9074,16.7648,22.525,67.8661,13.6205,160.627,3.65514,3.53891,6.6481,25.816,465.14,12.8246,2.77992,3.36613,30.797,18.6948,14.485,8.53213,46.7007
TP17L18,97.50446325,0,0,0,0,0,0,0,0,1.6553,0,0,0,0,0,0,0,0,0,0,0,0,0,0,0,0,0,0,0,0,0,0,0,0,0,0,0,0,0.630002,0,0,0,0,0,0,0,0,0,0,0,0,0,0,0,0,2.46482,0,0,0,2.52472,0,0,0,0,0,0,0,0,0,0,0,0,0,0,0,0,0,0,0,0,0,0,0,0,0,0,0,0,0,0,0,0,0,0,0,0,0,0,1.46182,0,0,0,0,0.758834,0,0,0,0,0,0,0,0,0,0,0,0,0,0,0,0,0,0,0,0,0,0,0,0,0.988817,0,0,0,0,0,0,0,0,0,0,0,0,0,7.50402,0,0,0,0,0,0,0,0,0,1.608,0,0,0,0,0,0,0,0,0,6.25335,0,0,0,2.17859,1.96898,0,1.36437,0.359044,0.63177,0,0,0,0.774498,0,0.808817,0,19.2274,0,0,2.36141,0,1.7726,2.15083,2.25874,0,0,0,4.73606,0,1.34803,1.5075,0,0,7.61686,0,1.83025,0,2.53896,0,0,0,0,0,2.17859,2.2143,0,0,2.55819,0,0,2.6589,0,4.23424,0,3.44572,11.9322,0,0,1.62347,4.54789,0,2.54854,1.45867,5.46852,0,2.10393,2.33286,2.33689,6.93865,3.50837,0,0,0,0,0,0,5.33181,0,32.1352,4.92965,0,8.83982,2.6433,1.83025,0,4.15607,0,0,0,5.4029,1.13697,0,0,0,2.26632,0,26.8001,0,0,7.08422,3.78885,0.86474,10.4223,1.01254,10.1254,0.828665,0.512483,1.42182,2.25874,26.9166,0,0,13.973,0,3.83728,4.12525,2.17508,14.8431,7.82273,7.80765,4.2035,0,1.62542,5.4029,2.32883,0,1.78667,0,0,3.54521,0.673342,0,0,5.06522,0,1.82038,8.95058,4.51747,0.825626,0,1.51088,1.51088,1.64322,2.46482,0,2.33689,6.74687,7.00583,0,8.54889,3.36839,4.11179,4.50241,9.98072,0,0,0,0,3.41092,8.18621,3.46339,15.8288,18.8724,0.705707,27.406,4.69001,4.24756,28.4696,7.86829,0,16.7872,4.9659,8.53346,0,48.1327,0,22.8754,4.02001,0.915269,1.68419,1.08058,1.8253,9.56829,5.15543,0.893336,3.10147,20.0107,2.51064,3.6605,1.61184,4.91172,1.16042,17.0344,9.89541,0,0,0,6.70889,2.97516,2.83765,6.17709,1.95474,3.42823,3.62708,7.85305,0,4.4726,17.1779,0,0,1.71412,2.76222,9.31534,5.77233,6.6429,2.0909,2.80711,1.56696,11.5897,8.36732,4.35717,5.07791,19.1752,6.25335,1.06861,62.2789,0,0,27.5077,18.0652,6.70889,7.00583,1.8253,42.4913,0,0,16.617,1.25067,0,2.86778,2.12824,6.74014,7.43791,2.98833,2.59157,36.9413,9.47876,18.8123,0,8.32495,28.9258,6.82184,24.6012,6.05277,64.8819,13.0295,17.2489,3.42823,3.92938,0,10.9282,3.91514,1.225,0,27.7249,0.916366,1.15724,6.31179,0,4.12645,45.7012,13.5888,31.5078,21.5214,9.06854,1.30631,39.1848,43.6598,5.43734,13.317,3.68045,143.694,6.01213,5.12933,35.7592,13.2858,10.4707,24.2065,112.727,1.6856,5.28452,46.6917,16.8439,4.05758,9.56769,24.0857,61.3965,10.2156,8.93336,13.4534,16.9708,3.16181,7.30867,1.71412,166.216,4.88887,17.6951,1.49416,4.67918,36.3275,3.50233,3.84822,27.2874,26.7127,10.4035,3.37681,17.2833,6.42437,12.3073,4.39689,9.25153,7.89238,8.85306,0.771842,16.4959,17.2881,9.99479,24.6226,2.83765,11.0518,29.9685,36.2249,23.4353,14.9315,10.9637,1.41289,7.77555,9.45071,258.715,15.015,7.12407,2.20562,7.49847,42.1242,29.1104,33.4318,40.1394,16.7697,1.64722,38.6473,75.9998,8.34811,3.78001,25.2686,0,61.1003,8.24526,19.1127,0,6.22932,40.444,16.6635,8.85568,30.2079,23.4682,7.36089,5.9127,21.0229,8.04002,47.0401,35.1106,66.4756,19.9156,159.432,33.5397,27.6526,82.7226,75.4512,0.514366,0.710614,108.294,87.5972,101.699,78.5794,100.949,27.2648,270.45,54.7647,2.58429,104.475,0.000695,257.732,7.13115,17.6522,125.123,9.45346,274.502,2.38929,0,3.85921,26.6201,545.262,3.96359,3.59235,2.44254,16.884,14.5343,7.89619,5.51354,23.0559
TP9L3,55.41911202,0,0,0,0,0,0,0,0,0,0,0,0,0,0,0,0,0,0,0,0,0,0,0,0,0,0,0,0,0,0,0,0,0,0,0,0,0,0,0,0,0,0,0,0,0,0,0,3.80309,0,0,0,0,0,0,0,0,0,0,0,0,0,0,0,0,0,0,0,0,0,0,0,0,0,0,0,0,0,0,0,0,0,0,0,0,0,0,0,0,0,0,0,0,0,0,0,0,0,0,0,0,0,0,0,0,0,0,0,0,0,0,4.51177,0,0,0,0,0,0,0,0,0,0,0,0,0,0,0,0,2.85371,0,0,0,0,3.88264,0,0,0,0,0,28.2476,20.0937,0,0,8.6626,0,0,8.00446,0,0,0,0,0,0,0,0,0,0,4.20062,0,0,5.42921,0,0,0,0,0,0,0,0,0,3.10859,1.82328,0,0,0,0,0,0,0,0,0,0,0,9.99531,0,0,0,0,0,0,0,0,0,0,0,0,0,0,10.5642,0,0,0,0,0,0,0,0,0,0,0,0,0,0,0,0,0,0,0,0,0,0,0,0,0,0,0,0,0,0,0,0,0,0,0,0,0,0,0,0,0,0,0,0,0,0,0,15.8462,0,0,0,0,0,0,0,0,0,0,0,0,0,0,0,0,0,0,0,0,0,0,0,0,0,0,0,0,0,0,0,37.417,0,0,0,0,0,0,0,0,0,0,0,0,0,0,0,0,0,0,0,0,0,0,0,0,0,0,0,0,0,0,0,0,0,0,0,0,0,0,0,0,0,0,0,0,0,0,0,0,0,0,0,0,0,0,0,0,0,0,0,0,0,0,0,0,0,0,0,0,0,0,0,0,0,0,0,0,0,0,0,0,0,0,0,0,0,0,0,0,0,0,0,0,6.43263,0,0,0,0,0,0,0,0,0,0,238.03,0,0,0,0,0,0,0,0,0,0,0,0,5.2678,0,0,0,0,191.299,0,0,0,0,0,0,0,0,0,0,0,0,0,0,0,0,0,0,0,0,0,0,0,0,8.8434,0,0,0,0,150.28,0,0,0,0,0,0,0,0,0,0,0,0,0,0,5.78364,0,0,0,7.5546,0,0,0,0,0,0,0,0,0,0,0,0,73.7702,0,0,0,202.824,0,0,0,0,0,0,0,0,0,0,0,0,0,4.63516,0,0,0,0,0,0,0,0,2.06034,0,0,0,0,0,0,14.3027,0,0,3.20573,0,0,10.2289,12.336,1.27308,0,7.06191,0,0,0,0,0,0,2.49244,0,0,6.62955,0,2.35113,0,9.69695,14.8219,0,0,8.48659,0,0,0,5.31086,0,0,0,6.46463,3.97367,9.31151,3.18961,37.4824,0,3.06943,1.78161,2.13482,0,0,0,27.9152,17.7512,15.5582,0,4.8494,8.81939,32.5934,2.48608,2.056,0,6.31726,165.854,5.66046,2.90043,36.5739,34.5806,7.76446,0,25.0597,14.2269,108.754,12.9309,5.18374,18.504,60.3289,69.9098,19.9565,10.4912,43.1753
TP9L22,54.48691901,0,0,0,0,0,0,0,0,0,0,0,0,0,0,0,0,0,0,0,0,0,0,0,0,0,0,0,0,0,0,0,0,0,0,0,0,0,0,0,0,0,0,0,0,0,0,0,0,0,0,0,0,0,0,0,0,0,0,0,0,0,0,0,0,0,0,0,0,0,0,0,0,0,0,0,0,0,0,0,0,0,0,0,0,0,0,0,0,0,0,0,0,0,0,0,0,0,0,0,0,0,0,0,0,0,0,0,0,0,0,0,0,0,0,0,0,0,0,0,0,0,0,0,0,0,0,0,0,0,0,0,0,0,0,273.683,0,0,0,196.942,0,0,0,0,0,0,0,0,0,0,0,0,0,0,0,0,82.9,0,0,0,0,0,0,0,0,0,153.424,0,0,0,0,0,0,0,0,0,6.62231,0,0,0,5.0895,0,0,0,0,0,0,0,0,0,0,0,0,0,0,0,0,0,0,0,0,0,0,0,0,0,0,0,0,0,0,0,0,0,0,0,0,0,0,0,0,0,0,0,0,0,0,0,0,0,0,0,0,0,0,0,0,0,0,0,0,0,0,0,0,0,0,0,0,0,0,0,0,0,0,0,0,0,0,0,0,0,0,0,0,0,0,0,0,0,14.3042,0,0,0,0,0,0,0,0,0,0,0,0,0,0,0,0,0,0,0,0,0,0,0,0,0,0,0,0,0,0,0,0,0,0,0,0,0,0,0,0,0,0,0,0,0,0,0,0,0,0,0,0,0,0,0,0,0,0,0,0,0,0,0,0,0,0,0,0,0,6.74056,0,0,0,0,0,0,0,0,0,0,0,0,0,0,0,0,0,0,0,0,0,0,0,0,0,0,0,0,0,0,0,0,0,0,0,0,0,7.01185,0,0,0,0,4.8706,0,0,0,0,0,0,0,0,0,0,0,0,0,0,0,0,25.1648,0,0,0,0,9.97722,5.01068,0,0,0,0,0,0,0,0,0,0,0,0,0,0,0,0,0,0,0,0,0,6.14608,0,26.4583,0,0,0,0,0,0,0,0,0,0,0,0,0,0,0,0,0,0,0,0,0,3.76843,0,0,0,0,0,0,0,0,11.9832,13.5348,5.73374,0,0,34.4898,0,2.34212,0,0,10.4611,0,0,0,0,7.05554,0,5.66207,0,0,0,2.949,6.20501,11.3431,0,2.58838,0,0,0,0,0,0,0,0,0,0,0,0,0,2.43792,0,0,0,0,0,0,3.90488,0,0,0,0,6.4802,0,0,2.11271,0,38.9146,0,2.51368,0,34.4461,0,0,0,3.12606,7.23588,0,0,0,0,0,3.75594,0,56.6405,6.06572,68.2661,35.4881,21.4,10.3511,2.48064,0,1.08128,0,24.3404,8.25074,5.9837,19.0722,0,40.9924,22.724,2.88881,11.9453,6.11015,0,49.2354,2.19248,8.4257,54.7083,40.1825,3.05353,4.30576,64.7094,69.4327,230.394,10.4024,0,34.812,110.545,94.2325,12.1786,22.3389,51.8401
TP9L16,51.29515419,0,0,0,0,0,0,0,0,0,0,0,0,0,0,0,0,0,0,0,0,0,0,0,0,0,0,0,0,0,0,0,0,0,0,0,0,0,0,0,0,0,0,0,0,0,0,0,0,0,0,0,0,0,0,0,0,0,0,0,0,0,0,0,0,0,0,0,0,0,0,0,0,0,0,0,0,0,0,0,0,0,0,0,0,0,0,0,0,0,0,0,0,0,0,0,0,6.55426,0,0,0,0,0,0,0,0,0,0,0,0,0,0,0,0,0,0,0,0,0,0,0,0,0,0,0,0,0,0,0,0,0,0,0,0,0,0,0,0,0,0,0,0,0,0,0,0,0,0,0,0,0,0,0,0,0,0,0,0,0,0,0,0,0,0,0,0,0,0,0,0,0,0,0,0,0,0,8.3174,0,0,0,0,0,0,0,0,0,0,0,0,0,0,0,0,0,0,0,0,0,0,0,0,0,0,0,0,0,0,0,0,0,0,0,0,0,0,0,0,0,0,0,0,0,0,0,0,0,0,0,0,0,0,0,0,0,0,0,0,0,0,0,0,0,0,0,0,0,0,0,0,0,0,0,0,0,0,0,0,0,0,0,0,0,0,0,0,0,0,0,0,0,0,0,0,0,0,0,0,0,0,0,0,0,0,0,0,0,0,0,0,0,0,0,0,0,0,0,0,0,0,0,0,0,0,0,0,0,0,0,0,0,0,0,0,0,0,0,0,0,0,0,0,0,0,0,0,0,0,0,0,0,0,0,0,0,0,0,0,0,0,0,0,0,0,0,0,0,0,0,0,0,0,0,0,0,0,0,0,0,0,0,0,0,0,0,0,0,0,0,0,0,0,0,0,0,0,0,0,0,0,0,0,0,5.0346,0,0,0,0,0,0,0,0,0,0,0,0,0,0,0,0,0,0,0,0,0,0,0,0,0,0,0,0,0,0,0,0,0,0,0,0,0,0,0,0,0,0,0,0,0,0,0,6.64614,0,0,0,0,0,0,0,0,0,0,0,0,0,0,0,0,0,0,0,0,0,0,0,0,0,0,0,0,0,0,0,5.66643,0,0,0,0,0,2.94162,0,0,0,0,0,0,0,0,0,0,3.37432,0,6.47961,0,0,0,0,0,0,0,0,0,0,0,0,0,0,0,9.23555,0,0,0,0,0,0,0,0,0,0,0,0,0,0,0,0,0,0,0,0,0,0,7.07599,10.8158,0,0,0,0,0,0,0,0,11.0683,0,0,2.89964,0,0,13.6757,0.004678,0,0,0,6.49935,3.12292,8.29315,26.9185,5.18133,3.75766,0,3.91272,6.43563,25.0024,10.8848,3.00058,17.9063,10.2952,12.3676,0,0,41.6276,32.1159,4.15478,5.40789,12.1909,16.6105,90.7056,50.8085,12.6088,6.42981,98.2047,36.7302,72.9466,31.9537,71.6683
TP10L3,65.19857323,0,0,0,0,0,0,0,0,0,0,0,0,0,0,0,0,0,0,0,0,0,0,0,0,0,0,0,0,0,0,0,0,0,0,0,0,0,0,0,0,0,0,0,0,0,0,0,0,0,0,0,0,0,0,0,0,0,0,0,0,0,0,0,0,0,0,0,0,0,0,0,0,0,0,0,0,0,0,0,0,0,0,0,0,0,0,0,0,0,0,0,0,0,0,0,0,0,0,0,0,0,0,0,0,0,0,0,0,0,0,0,0,0,0,0,0,0,0,0,0,0,0,0,0,0,0,0,0,0,0,0,0,0,0,0,0,0,0,0,0,0,0,0,0,0,0,0,0,0,0,0,0,0,0,0,0,0,0,0,0,0,0,0,0,0,0,0,0,0,0,0,0,0,0,3.36709,0,0,0,0,0,0,0,0,0,0,0,0,0,0,0,0,0,0,0,0,0,0,0,0,0,0,0,0,0,0,0,0,0,0,0,0,0,0,0,0,0,0,0,0,0,0,0,0,0,0,0,0,0,0,0,0,0,0,0,0,0,0,0,0,0,0,0,0,0,0,0,0,0,0,0,0,0,4.94294,0,0,0,0,0,0,0,0,0,0,0,0,0,0,0,0,0,0,0,0,0,0,0,0,0,0,0,0,0,0,0,0,0,0,0,0,0,0,0,0,0,17.4768,0,0,0,0,0,0,0,0,0,0,0,0,0,0,0,0,0,0,0,19.574,0,0,0,0,0,0,0,0,0,0,0,0,0,0,0,0,0,0,0,0,0,0,0,0,0,0,7.32196,0,0,0,0,0,0,0,0,0,0,0,0,0,0,0,0,0,0,0,0,0,0,0,0,0,0,0,0,0,0,0,0,0,0,0,0,0,0,0,5.19665,0,0,0,0,0,0,0,0,0,0,0,0,0,0,0,0,0,0,0,0,0,0,0,0,0,0,0,0,0,0,0,0,0,0,0,0,0,0,0,0,0,0,2.6625,0,0,0,0,20.5802,0,0,0,0,0,0,0,0,0,0,0,0,0,0,0,0,0,0,0,0,0,2.44268,0,0,0,0,0,0,0,0,0,5.84882,0,0,0,7.45205,7.60649,0,0,0,0,0,0,0,0,0,0,0,6.96585,0,26.7527,0,0,19.6067,0,0,4.21854,5.52939,0,0,0,0,0,0,0,8.34121,0,18.4274,0,0,0,0,0,7.67108,0,0,0,0,0,0,2.38708,0,3.75461,0,2.7389,29.9603,21.6227,0,3.25872,20.1768,100.475,2.25681,3.00215,4.2614,0,28.1416,0,4.00014,0,34.2736,0,4.86916,2.99297,11.038,10.755,28.2318,25.2779,0,18.7868,0,6.70854,1.33639,68.4806,18.5243,10.6962,0,6.18128,12.116,6.64277,0,3.74503,12.3886,0.001828,29.5006,14.5893,36.95,17.4768,14.3224,33.1496,4.19836,0,0,282.895,26.8989,14.984,5.20586,2.65471,185.254,8.42498,5.82552,12.1118,49.1464
TP10L22,80.88256657,0,0,0,0,0,0,0,0,0,0,0,0,0,0,0,0,0,0,0,0,0,0,0,0,0,0,0,0,0,0,0,0,0,0,0,0,0,0,0,0,0,0,0,0,0,0,0,0,0,0,0,0,0,0,0,0,0,0,0,0,0,0,0,0,0,0,0,0,0,0,0,0,0,0,0,0,0,0,0,0,0,0,0,0,0,0,0,0,0,0,0,0,0,0,0,0,0,0,0,0,0,0,0,0,0,0,0,0,0,0,0,0,0,0,0,0,0,0,0,0,0,0,0,0,0,0,0,0,0,0,0,0,0,0,0,0,0,0,15.2165,0,0,0,0,0,0,0,0,0,0,0,0,0,0,0,0,0,0,0,0,0,0,0,0,0,0,0,0,0,0,0,0,0,0,0,0,0,0,0,0,0,0,0,0,0,0,14.046,0,0,0,0,0,0,18.7488,0,0,0,0,0,0,0,0,0,0,0,0,0,0,0,0,0,0,0,0,0,0,0,0,0,0,0,0,0,0,0,0,0,0,26.1666,0,0,0,0,0,0,0,0,0,0,0,0,0,0,0,0,0,0,0,0,0,0,0,0,0,0,0,0,0,0,0,0,0,0,0,0,0,0,0,0,0,0,0,0,0,0,0,10.9941,0,0,0,0,0,0,0,0,0,0,0,0,0,0,0,0,0,0,0,0,0,0,0,0,0,0,0,0,0,0,0,0,0,0,0,0,10.4732,0,0,0,0,0,0,0,0,0,0,0,0,0,0,0,0,0,0,0,0,0,0,6.3729,0,0,0,0,0,0,0,0,0,0,0,0,0,0,22.7628,0,0,0,0,0,0,9.65458,0,0,0,0,0,0,0,0,0,0,0,0,13.8605,0,10.6592,0,0,0,0,0,0,0,0,0,0,0,0,0,0,0,0,0,0,0,0,0,0,0,5.26944,0,14.7618,0,0,0,0,0,0,0,0,0,0,11.6984,0,0,0,0,3.64245,0,0,0,0,0,0,0,0,0,0,0,5.75307,0,0,0,0,0,0,0,0,0,0,0,0,0,0,11.8303,5.72172,0,0,0,0,0,0,0,0,6.98792,0,0,0,0,0,5.99107,0,10.5876,0,0,0,0,8.21867,0,10.8802,0,9.16974,0,9.69917,0,0,0,0,13.0833,0,0,0,0,38.2664,0,23.0123,0,0,0,0,7.90912,0,0,0,0,0,0,0,23.8622,13.6355,0,0,0,0,31.1092,8.86022,2.74314,0,15.2165,14.4819,9.73289,0,0,3.41443,0,5.37051,0,7.83534,0,17.0699,5.06603,0,30.7857,95.8116,0,0,0,5.79675,13.4177,16.2152,0,4.08535,65.3656,37.4977,13.9295,17.1243,42.9062,16.8883,31.2998,0,0,11.5167,4.59994,0,0,85.709,39.7452,15.2996,33.2263,8.84156,7.12044,9.50168,28.0919,5.35681,44.3011,0,139.165,10.4341,20.3279,43.7473,0,74.5116,3.36336,7.9843,11.9993,141.013,78.3952,16.0745,11.1695,9.49309,174.989,48.2036,27.2338,8.66224,93.2156
TP10L16,41.66018095,0,0,0,0,0,0,0,0,0,0,0,0,0,0,0,0,0,0,0,0,0,0,0,0,0,0,0,0,0,0,0,0,0,0,0,0,0,0,0,0,0,0,0,0,0,0,0,0,0,0,0,0,0,0,0,0,0,0,0,0,0,0,0,0,0,0,0,0,0,0,0,0,0,0,0,0,0,0,0,0,0,0,0,0,0,0,0,0,0,0,0,0,0,0,0,0,0,0,0,0,0,0,0,0,0,0,0,0,0,0,0,0,0,0,0,0,0,0,0,0,0,0,0,0,0,0,0,0,0,0,0,0,0,0,0,0,0,0,0,0,0,0,0,0,0,6.07419,0,5.44775,0,0,0,0,0,0,0,0,0,0,0,0,0,0,46.0768,0,0,0,0,0,0,0,0,0,0,0,0,0,0,0,0,0,0,0,10.1133,0,0,0,0,0,0,0,0,0,0,0,0,0,0,0,0,0,0,0,0,0,0,0,0,0,0,0,0,0,0,0,0,0,0,0,0,0,0,0,0,0,0,0,0,0,0,0,0,0,0,0,0,0,0,0,0,0,0,0,0,0,0,0,0,0,0,0,0,0,0,0,0,0,0,0,0,0,0,0,0,0,0,0,0,0,0,0,0,0,0,0,0,0,0,15.4876,0,0,0,0,0,0,0,0,0,0,0,0,0,0,0,0,26.4119,0,0,0,0,0,0,0,0,0,0,0,0,0,0,0,0,0,0,0,0,0,0,0,0,0,0,0,0,0,0,0,0,0,0,0,0,0,0,0,0,0,0,0,0,0,0,7.37688,0,0,0,0,0,0,0,0,0,0,0,0,0,0,24.6511,0,0,0,0,0,0,0,0,0,0,0,0,0,0,0,0,0,0,0,0,0,0,0,0,62.8275,0,0,9.96003,9.13003,4.68058,0,0,0,0,0,0,0,0,0,0,0,5.19882,0,0,0,0,0,0,6.54453,0,0,0,0,0,0,0,0,0,0,0,0,0,5.0053,0,0,0,0,5.36547,0,0,4.01374,0,0,0,0,0,2.97599,0,0,0,5.72172,0,0,0,0,4.03015,0,0,0,0,0,0,0,0,0,0,0,0,0,0,0,0,0,0,0,0,8.30935,0,22.5238,0,0,0,6.54453,0,0,0,0,0,0,0,0,7.0181,3.5174,0,0,0,0,0,6.76144,0,16.7126,0,0,0,0,0,0,0,0,0,0,0,0,0,32.8681,0,5.79647,0,0,10.2004,3.42773,0,0,0,0,7.56555,0,2.75945,0,0,0,0,10.2986,11.2476,0,6.04934,0,4.083,28.3527,0,4.03015,0,0,44.0198,4.90569,12.0617,35.907,12.424,14.2218,9.44113,0,2.70396,16.2001,2.25296,1.87738,60.37,18.6633,5.38821,24.7413,12.4553,4.06895,6.6926,25.4347,3.77312,9.36117,0.003154,27.325,0,14.3181,17.6079,0,33.3982,8.60752,5.62382,0,56.1397,29.6481,0,0,0,211.295,55.1732,12.464,12.2027,70.9809
TP11L3,87.83995231,0,0,0,0,0,0,0,0,0,0,0,0,0,0,0,0,0,0,0,0,0,0,0,0,0,0,0,0,0,0,0,0,0,0,0,0,0,0,0,0,0,0,0,0,0,0,0,0,0,0,0,0,0,0,0,0,0,0,0,0,0,0,0,0,0,0,0,0,0,0,0,0,0,0,0,0,0,0,0,0,0,0,0,0,0,0,0,0,0,0,0,0,0,0,0,0,0,0,0,0,0,0,0,0,0,0,0,0,0,0,0,0,0,0,0,0,0,0,0,0,0,0,0,0,0,0,0,0,0,0,0,0,0,0,0,0,0,0,0,0,0,0,0,0,0,0,0,4.89584,0,0,4.03712,0,0,0,0,0,0,0,0,0,0,0,0,0,0,0,0,0,0,0,0,0,0,0,0,0,0,0,0,0,0,0,3.02957,0,0,0,0,0,4.80297,0,0,0,0,0,0,0,0,0,0,0,0,0,0,0,0,0,0,0,0,0,0,0,0,0,16.6674,4.43074,0,0,0,0,0,0,0,0,0,0,0,0,0,0,0,0,0,0,0,0,0,0,0,0,0,0,0,0,0,0,0,0,0,0,0,0,2.98366,0,6.09036,0,0,0,0,0,0,0,0,0,0,0,0,0,0,0,0,0,0,3.34395,0,0,0,0,0,0,0,0,0,0,0,0,6.11137,0,0,0,7.55776,0,0,0,0,4.43074,7.80747,0,0,0,0,0,0,0,0,0,0,0,0,7.35393,0,0,0,0,0,0,0,0,0,11.6089,0,0,22.7217,0,0,0,0,0,0,0,0,0,0,6.51579,0,0,0,0,0,15.8241,0,0,2.83567,0,0,0,0,0,0,0,0,0,0,0,0,0,0,0,0,0,15.6149,7.44662,16.21,0,0,1.90365,3.43468,6.21858,5.86853,0,5.84916,0,8.99643,0,0,0,0,0,2.47527,0,0,9.41042,0,6.66277,0,10.9401,0,0,5.02779,0,0,10.9401,0,0,0,0,2.22371,6.19684,0,0,0,0,0,0,0,0,0,0,0,4.93676,15.4113,0,0,11.9347,0,1.67198,0,0,0,0,5.15577,17.0741,17.2068,5.13709,1.60825,0,0,0,2.48221,0,3.89516,7.21913,0,1.78299,3.59492,0,0,0,6.04879,0,0,14.9771,0,5.38692,5.25904,0,0,5.81081,6.86936,6.35231,4.93676,0,2.77355,21.8802,4.20973,0,4.53273,0,2.82663,2.97865,0,0,0,23.2323,10.4049,0,18.3658,1.83278,0,7.84202,8.18612,10.8331,0,5.04928,4.47549,11.0423,6.82527,15.5076,23.126,10.5368,40.3712,0,0,8.87627,16.5945,8.10192,10.1856,10.013,0,6.92303,11.1699,0,2.80871,0.941209,5.59084,21.8079,11.5084,14.8309,23.3197,11.4465,7.24125,10.9533,3.73902,10.4185,2.62368,19.2641,15.2784,2.05364,3.34395,0,5.76356,17.7483,18.1309,2.19072,3.30652,30.1411,0,10.6894,9.83516,49.3444,20.2163,5.44903,14.4973,7.71682,13.4543,208.873,3.42142,12.3423,17.2402,20.6883,21.0988,14.6957,28.0858,75.011,31.9866,34.0826,73.2991,19.5371,51.8405,33,0,1.95948,108.508,75.6063,48.4234,32.2821,59.6984,48.4702,200.486,58.017,4.52116,39.2597,0,20.6793,0,78.9212,51.4282,0.539361,62.8879,0,10.1082,0,31.0475,285.871,6.33124,1.57118,4.00609,122.373,12.7137,9.14435,6.7017,70.1689
TP11L22,68.5783711,0,0,0,0,0,0,0,0,0,0,0,0,0,0,0,0,0,0,0,0,0,0,0,0,0,0,0,0,0,0,0,0,0,0,0,0,0,0,0,0,0,0,0,0,0,0,0,0,0,0,0,0,0,0,0,0,0,0,0,0,0,0,0,0,0,0,0,0,0,0,0,0,0,0,0,0,0,0,0,0,0,0,0,0,0,0,0,0,0,0,0,0,0,0,0,0,0,0,0,0,0,0,0,0,0,0,0,0,0,0,0,0,0,0,0,0,0,0,0,0,0,0,0,0,0,0,0,0,0,0,0,0,0,0,0,0,0,0,0,0,0,0,0,0,0,0,0,0,0,0,0,0,0,0,2.43166,0,0,0,0,0,0,0,0,0,0,0,0,0,0,0,0,0,0,0,1.21025,0,0,0,0,0,0,0,0,0,0,0,0,0,0,0,0,0,0,0,0,0,0,0,2.04523,0,0,3.89424,0,0,3.76907,0,0,0,0,0,30.738,0,0,4.09046,0,0,0,0,0,0,0,0,0,0,0,0,3.80989,0,0,0,0,0,0,0,0,0,0,0,5.55441,0,0,0,0,0,0,0,0,0,0,0,0,0,3.55333,2.29421,0,0,0,0,0,0,7.05912,0,0,0,0,0,0,1.29489,0,0,3.52956,0,0,0,0,0,0,0,0,0,0,0,4.379,0,0,0,7.2782,0,0,0,0,0,0,0,9.42267,15.8301,0,0,0,0,0,0,0,0,2.56773,0,8.30975,5.47754,0,0,0,0,0,0,0,0,2.81049,0,0,0,0,3.198,32.472,0,0,0,0,0,0,0,0,0,0,0,0,11.21,0,0,0,3.14089,2.80675,2.63177,0,0,0,0,0,0,0,0,0,0,5.75639,0,0,3.86571,5.02542,0,1.54515,0,4.64907,0,0,0,2.67853,0,0,11.1088,3.4945,0,0,3.66437,8.03557,2.15816,0,2.255,3.46013,0,2.07912,0,0,0,2.26955,1.98372,0,9.77166,2.50476,0,1.49693,1.9726,0,0,6.989,4.379,2.85227,0,10.5931,7.37999,0,0,3.17873,1.12032,0,2.10647,0,2.33482,0.80993,1.48014,7.40589,2.93966,3.05895,0,0,0,0,0.497801,0,0,1.03668,3.57137,3.83759,22.3675,3.41534,12.2358,0.957658,2.50674,0,5.72775,2.95613,2.46575,0,0,0,0,0,0,0,4.08255,10.8055,0,0,14.8639,4.31337,0,0,8.60935,0,10.3804,0,3.78258,0,9.65784,4.95464,36.4808,0,0.704498,1.34954,1.50548,0,9.75523,2.7919,0,13.6483,0.988145,9.44624,0,0,7.01313,18.4339,4.66964,12.1864,5.16058,6.4885,9.01999,2.665,9.44444,0,7.91504,0,6.27431,81.7347,4.12242,12.0741,31.713,1.97629,4.82441,16.6792,0,2.23116,2.74828,15.5197,7.50241,6.68994,0.560456,1.66457,60.7675,15.667,19.8704,12.1503,1.13599,0,67.3585,6.67936,4.82519,7.81154,49.708,9.09775,1.22287,4.97801,14.2935,1.716,24.1565,4.04861,15.654,5.90675,28.7167,0,8.91118,9.37038,5.77008,60.1904,11.7033,4.31631,3.06339,18.2081,50.5753,30.107,20.1291,14.3723,36.9574,65.9587,24.5021,44.1069,198.336,51.2052,25.3687,14.189,9.97171,84.395,19.6503,0.803761,0,190.761,66.9755,52.8757,32.7715,48.8788,30.265,269.804,33.7714,1.3461,65.3228,0,30.9555,1.31098,66.9148,61.2473,4.51894,66.3842,1.87837,10.0317,4.52288,191.039,342.538,3.50679,1.87117,10.9732,67.8432,12.1129,20.4703,4.35341,81.6669
TP11L16,71.86785635,0,0,0,0,0,0,0,0,0,0,3.53365,0,0,0,0,0,0,0,0,0,0,0,0,0,0,0,0,0,0,0,0,0,0,0,0,0,0,0,0,0,0,0,0,0,0,0,0,0,0,0,0,0,0,0,0,0,0,0,0,0,0,0,0,0,0,0,0,0,0,0,0,0,0,0,0,0,0,0,0,0,0,0,0,0,0,0,0,0,0,0,0,0,0,0,0,0,0,0,0,0,0,0,0,0,0,0,0,0,0,0,0,0,0,0,0,0,0,0,0,0,0,7.76434,0,0,0,0,0,0,0,0,0,0,0,0,0,0,0,0,0,0,0,0,0,0,0,0,0,0,0,0,0,0,0,0,0,0,0,0,0,0,0,0,0,0,0,0,0,0,0,0,0,0,0,0,0,0,0,0,0,0,0,0,0,0,0,0,0,0,0,0,0,0,0,0,0,0,0,0,0,0,0,0,0,0,0,0,0,0,0,11.4308,9.76615,0,5.94043,0,0,0,0,0,0,2.32313,0,0,0,0,0,0,0,9.40106,0,0,0,0,0,0,0,0,0,0,0,0,0,0,0,0,0,0,0,0,2.96438,0,0,0,0,0,0,0,0,0,0,0,10.0928,0,0,0,0,0,0,0,0,0,0,0,0,0,0,0,0,0,0,0,0,0,0,0,0,0,0,0,0,0,3.21721,0,0,3.98119,0,0,4.43133,0,0,15.1392,0,0,0,0,3.67122,0,11.8809,2.6105,0,0,0,0,0,0,0,0,0,0,0,0,3.81028,13.717,38.689,0,0,0,0,0,0,0,0,8.47679,0,0,0,4.57927,0,0,0,0,0,0,4.82838,0,0,5.75904,3.99172,0,0,0,0,0,2.7434,0,0,0,1.79627,0,2.20918,0,6.647,0,0,0,0,0,0,21.1771,0,0,0,0,3.82962,0,0,9.67224,0,4.67142,0,0,0,0,12.9795,0,0,41.913,1.19373,0,6.42072,0,0,0,14.9888,0,4.07803,0,32.1842,5.27577,0,0,0,0,0,3.01172,0,3.33821,0,0,15.8828,0,17.4941,0,3.6623,5.08037,0,0,0,9.70334,1.48219,5.10616,3.29208,14.5363,19.5323,17.4941,1.36921,0,0,6.14194,5.57029,0,0,0,0,1.51798,0,0,0,14.5925,0,0,1.93445,4.25034,2.05568,0,4.47736,7.63985,0,0,5.84833,5.40813,0,2.5106,16.5291,40.9816,0,0,1.9295,2.15245,0,8.8757,11.9752,0,17.446,8.47679,2.95278,0,0,17.164,0,10.0146,0,5.53375,3.28743,0,3.81028,33.8834,0,20.747,0,3.58827,48.1188,5.89402,4.13389,5.03796,31.0816,10.3465,15.1754,0,0,0,57.0581,16.2489,16.7386,2.40393,4.75984,9.97499,19.5957,15.7832,4.96339,3.24837,3.08247,20.526,0,11.8265,3.35056,27.3346,7.8045,3.4968,4.27039,10.2181,12.2672,41.0136,7.718,41.0323,11.2602,51.0502,1.6762,9.10054,3.34932,38.6913,5.73715,13.9173,10.7997,17.5195,12.4958,43.386,32.0416,20.5568,11.7422,29.3554,58.3789,12.5114,36.9142,87.418,21.8957,5.81463,46.5967,2.37617,70.3404,16.5265,2.29835,1.99777,215.553,30.4398,63.2131,26.1259,22.236,95.9394,221.893,20.1855,0,58.8905,0,58.6024,0,67.1907,43.7842,14.7207,51.1069,0,5.73715,2.15553,105.731,253.688,20.7944,8.0259,5.45703,120.35,2.16481,22.6307,12.006,37.1108
TP12L22,95.20393568,0,0,0,0,0,0,0,0,0,0,0,0,0,0,0,0,0,0,0,0,0,0,0,0,0,0,0,0,0,0,0,0,3.87949,0,0,0,0,0,0,0,0,0,0,0,0,0,0,0,0,0,0,0,0,0,0,0,0,0,0,0,0,0,0,0,0,0,0,0,0,0,0,0,0,0,0,0,0,0,0,0,0,0,0,0,0,0,0,0,0,0,0,0,0,0,0,0,0,0,0,0,0,0,0,0,0,0,0,0,0,0,0,0,0,0,0,0,0,0,0,0,0,0,0,0,0,0,0,0,0,0,0,0,0,0,0,0,0,0,0,0,0,0,0,0,11.4761,0,0,0,0,0,0,0,0,0,0,0,0,0,0,0,0,0,0,0,0,0,0,0,0,0,0,0,0,0,0,0,0,0,0,0,13.9662,0,0,0,0,0,7.84118,0,10.0299,0,0,0,0,0,0,0,0,0,2.39085,0,0,0,0,0,4.406,0,0,0,3.58628,0,3.99249,0,0,0,0,0,0,0,0,0,0,0,0,0,0,0,0,3.84324,0,0,0,0,0,7.9082,0,0,0,0,0,0,0,0,0,0,0,0,0,0,0,1.86921,0,0,2.0769,0,4.23945,0,0,0,0,0,8.25204,0,0,0,0,0,0,0,0,0,0,0,0,0,0,12.9181,0,1.07651,0,0,0,0,0,0,2.96914,0,0,5.65908,0,0,0,0,0,0,0,0,0,0,0,0,1.50817,3.99249,0,0,0,0,4.85701,0,0,0,0,0,0,0,0,0,0,0,0,0,0,3.73842,22.143,0,0,1.28911,0,2.85574,0,0,0,3.46539,0,0,4.45372,0,0,0,0,0,0,0,0,1.66713,0,14.1261,3.2637,0,0,0,0,0,2.24305,0,0,4.51897,0,5.67209,3.61253,0,10.8694,7.77529,3.76122,3.57071,12.5247,0,9.56341,34.6296,0,1.65151,8.1431,8.56722,3.13117,0,0,23.7246,0,0,13.7841,0,0,0,2.65307,13.9137,0,7.61531,4.88006,0,1.7499,2.30594,1.7327,0,4.08503,7.6785,0,0,23.2186,0,0,0,7.4318,0,3.88765,0,2.71736,5.45876,1.8936,6.92106,12.9861,0,10.7276,3.80179,2.99437,22.0437,1.06997,2.3277,1.34681,3.96681,1.21187,2.08744,8.97221,11.8852,15.97,7.15177,0,17.5821,1.68997,1.67392,0,0,10.8455,7.53776,0,1.24113,2.50239,1.87205,4.88103,4.77245,0,2.49228,1.58164,31.2764,6.72305,0,10.9823,9.36972,1.48457,12.1346,9.56341,4.42179,3.43643,0,1.93064,42.6457,2.93036,1.6471,4.73278,1.75988,5.90277,16.5873,9.79111,0,15.3494,9.24104,14.4855,0,19.1764,3.82734,2.69362,10.9175,22.7932,9.04899,3.54166,42.1771,6.2307,7.68648,1.58367,9.44688,4.46987,4.40076,44.9633,9.63812,20.2797,24.7148,23.1026,2.81984,35.4506,11.6166,5.2164,3.21271,36.2847,39.0096,21.5063,2.62067,7.78347,84.9935,32.0436,20.6474,12.1745,6.63983,16.3819,67.3918,10.4108,5.6406,14.6106,71.5176,42.5407,14.2952,9.31079,5.56966,10.0299,21.179,7.88798,49.7873,9.20656,33.5695,23.7117,2.97631,12.3231,4.79479,0,26.5933,18.9215,19.6959,29.799,47.2976,23.8162,13.4461,16.8011,33.6022,66.09,51.1476,61.6211,83.7391,35.7089,14.8421,40.8782,3.8856,161.776,47.2933,0,0,219.401,19.9407,33.7071,33.7711,33.7639,18.2129,240.037,0,1.57357,72.2672,0,59.6554,0,65.5343,60.5825,0,89.5412,5.34793,2.3454,0,153.084,408.189,17.6285,0,0,77.7595,3.53997,13.4736,6.36136,38.4831
TP13L16,95.51783228,0,0,0,0,0,0,0,0,0,0,0,0,0,0,0,0,0,0,0,0,0,0,0,0,0,0,0,0,0,0,0,0,0,0,0,0,0,0,0,0,0,0,0,0,0,0,0,0,0,0,0,0,0,0,0,0,0,0,0,0,0,0,0,0,0,0,0,0,0,0,0,0,0,0,0,0,0,0,0,0,0,0,0,0,0,0,0,0,0,0,0,0,0,0,0,0,0,0,0,0,0,0,0,0,0,0,0,0,0,0,0,0,0,0,0,0,0,0,0,0,0,0,0,0,0,0,0,0,0,0,0,0,0,0.524545,0,0,0,0,0,0,0,0,0,0,0,0,0,0,0,0.911147,1.19964,0,0,0,0,0,0,0.663278,2.21278,0,0,0,0,5.44803,0,0,0,4.49354,0,0,0,3.15986,0,0,0,0,0,0,0,0,4.96833,0,0,0.691132,2.51581,18.4941,0,0.828055,1.42722,0,0.917496,0.525592,0,2.10657,0,0,15.5754,0,0.556814,6.92951,0,0,0,0.615237,0.940434,0,0,2.86219,0,4.98715,14.4869,0.817768,0,0,4.95275,5.92473,0,0.930464,4.40337,0,3.16492,0.886604,0,1.98733,0,0,1.90124,4.9219,0,0.911147,0,0,0.76325,1.68796,0,2.4725,0,0,0,0.795533,37.9698,0,0,0,0,0,95.1735,4.0511,6.1574,5.98458,0.793137,0,0,11.038,1.80977,0,2.65089,0,0,28.5389,0.880674,0,4.6757,1.34864,0,5.1322,0,1.61547,0,0.554361,0.880674,0,0,0.496833,0,5.51458,0.997429,0,0,0,1.01669,0,0.54631,28.0234,0.950619,0.842628,2.72401,2.41579,2.08985,2.91193,1.12291,0.691132,2.62534,2.08434,8.62064,5.92473,21.9516,0,0,11.2177,1.93145,2.55652,1.76726,3.53451,3.84411,28.8308,0,1.36672,0,3.82417,21.1352,0,21.0132,0,5.26643,0,0,1.84141,0,0,2.65981,4.30843,63.4672,0,0,0.550306,0.76325,1.82862,0.828055,0,0.511304,2.95867,0.503483,4.84047,28.9205,0.799154,0,12.4028,0,0,22.3766,0,17.6952,1.06752,0,8.04035,4.52801,10.7216,0.975264,5.87334,2.14082,0.314226,1.4363,2.71465,0,3.85819,0,0,1.92768,31.3893,2.32001,0,4.01405,2.28644,0.668328,3.39405,5.61344,7.39148,9.59118,7.40261,0,0,7.35161,0,0.726404,55.1399,5.18009,0.815236,45.4522,2.44382,0,0.466056,5.975,11.3842,2.83061,1.62544,1.45827,0,11.5787,10.8282,0,24.9234,2.44976,11.4725,7.82847,0.389817,16.8499,4.60352,6.01613,0,0.793137,9.7837,32.7866,2.10237,5.80003,2.91285,2.62715,11.4488,11.0872,27.8725,4.5795,9.33188,37.1996,5.36262,8.67841,6.0862,17.5356,3.38677,5.9493,4.90107,11.6644,38.5596,20.4521,8.39575,0.238949,6.88013,5.50507,3.57288,6.2727,0,4.62983,10.7259,0.329977,46.8863,41.1273,2.79704,0.260456,12.2238,6.29096,4.2557,4.0511,11.1263,9.68621,12.0055,18.5829,17.3325,1.26749,4.31674,8.165,0.943804,13.8738,1.09535,2.88458,222.36,17.5131,1.05469,6.76261,51.0866,4.1997,10.6214,3.48309,0,18.8889,131.4,5.78999,0,52.5278,10.9765,24.7223,12.8165,13.725,15.4516,19.0473,0.750203,9.00344,54.3623,4.73235,15.2708,203.9,5.949,117.453,1.71433,14.2389,18.4633,3.45178,3.9122,43.5086,90.7211,3.67263,5.143,15.4895,8.73578,38.8096,27.9683,4.15333,43.5485,6.54667,23.3257,15.0619,4.31481,99.7174,69.6607,1.66659,10.3937,5.06762,100.845,30.8722,18.6125,91.8701,19.6154,5.99431,14.315,54.8867,4.86656,8.35161,58.0199,13.9976,39.387,2.92255,9.78749,5.00611,12.5488,15.2428,2.29307,25.4417,41.2274,59.9844,20.4467,14.3444,9.22137,59.5608,36.2449,63.6779,158.676,48.6326,50.1371,15.2741,19.0753,143.183,40.9547,0.200549,0,105.943,12.596,95.0057,105.351,59.871,142.834,81.6177,14.3727,0,100.842,0,92.9116,0,119.365,80.3287,0,64.9809,1.08091,1.50183,0.752347,13.07,57.7121,2.88921,0.233441,0.952338,20.27,2.26675,3.32522,1.44831,7.10826
TP13L3,95.59096686,0,0,0,0,0,0,0,0,0,0,0,0,0,0,0,0,0,0,0,0,0,0,0,0,0,0,0,0,0,0,0,0,0,0,0,0,0,0,0,0,0,0,0,0,0,0,0,0,0,0,0,0,0,0,0,0,0,0,0,0,0,0,0,0,0,0,0,0,0,0,0,0,0,0,0,0,0,0.847797,0,0,0,0,0,0,0,0,0,0,0,0,0,0,0,0,0,0,0,0,0,0,0,0,0,0,0,0,0,0,0,0,0,0,0,0,0,0,0,0,0,0,0,0,0,0,0,0.332387,0,0,0.636351,0,0,0,0,0,0,0,0,0,0,3.68253,0,0,0,0,2.49213,0,60.258,0,0,0,0,0,0,0,1.23458,0,2.30952,0,13.5078,0,0,0,0,9.23806,0,0,0,0,0,0,2.50612,2.14323,4.3799,124.951,0.614458,0,0,0,0,0,2.02192,0,0,0,6.82557,3.584,0,0,0,4.13316,5.60078,3.20843,0,2.14323,0,0,11.8848,1.45205,2.07677,12.0859,2.0529,0,0,5.00755,3.8272,0,0,1.94133,0,10.1479,22.5421,0,2.10948,0,16.7965,4.01856,0,0,0,0,1.288,0,0.709679,0,0,0,0,3.33837,0.925402,0,0,0,0,0,0,3.77329,0,0,0,0,91.0542,0,0,0,0,1.45205,29.7671,1.64864,11.0043,7.30647,1.61388,0,2.7061,7.53115,1.84126,0,14.3841,0,0,43.3487,14.336,0,7.92996,0,0,5.62317,0,2.62973,0,2.25603,1.792,0,0,2.02192,0,5.61055,1.01479,2.80528,2.58844,0,0,0,0,23.2292,0.644775,0,9.23806,0,1.41748,5.07875,10.282,0,3.73943,1.41374,7.97333,4.01856,24.2748,0,0,3.27354,1.96507,5.20202,2.39735,7.19205,5.21467,29.3325,0,0,0,3.3349,35.848,0,13.3618,0,2.38137,0,0.713459,0,4.44654,0,7.14424,1.62366,43.9637,0,1.06948,1.11976,0,0,3.36986,0,0,0,0,1.96988,57.3465,2.43919,0,33.9733,0,1.59467,29.2448,0,20.575,0,0,6.1352,6.37866,30.2998,0,4.97963,7.26027,0,0.974196,11.0476,0,7.85066,0,1.23174,0.784491,17.742,1.18019,2.25129,0,4.65245,2.71984,0.575518,2.07677,13.1602,0,11.4765,3.53668,0,2.71984,3.28716,2.21713,108.764,24.5944,9.95308,55.6544,0,0,1.89666,6.91365,10.0716,5.57321,3.30746,3.81509,0,10.6402,13.0196,0,11.0248,1.7742,17.7861,0,0,7.39509,3.74691,9.41666,0,1.61388,8.53197,32.2294,5.34738,11.8019,5.92708,0,9.76928,26.3204,44.775,7.76533,8.2559,112.165,0,8.36473,4.04383,22.2278,10.3371,11.5793,8.15951,5.84518,27.8744,10.404,3.10613,0,16.5451,19.0836,10.1782,7.03841,0,4.7104,10.9126,0,65.9294,30.4313,1.62612,0,6.21827,3.65739,8.65952,2.74773,16.6025,13.1397,42.3435,32.9374,18.2175,1.93432,1.75675,4.15355,1.92046,21.7396,1.33729,2.51553,338.683,3.81811,1.07305,13.1337,77.1991,7.69102,18.4606,5.66992,0,15.4006,188.409,10.7391,0,54.136,23.3016,21.0579,7.11249,18.5615,8.51528,12.1868,9.15911,22.3656,46.0191,2.06344,19.5419,367.55,3.18554,182.603,4.186,12.6793,19.6791,9.03047,6.12352,10.0079,201.927,3.96475,3.48833,9.00517,9.86098,39.9096,53.4954,1.69024,64.3195,8.06866,17.2197,24.0727,12.5063,81.5478,98.8191,5.65198,28.3478,2.37961,77.1417,41.5713,10.5547,100.59,38.7039,2.6137,22.2295,34.2588,15.2203,7.49731,115.579,7.21122,60.755,2.37872,9.21794,2.03729,7.83298,13.0998,3.8883,26.624,59.9146,93.094,16.7896,7.29699,6.25456,33.488,32.8771,78.1045,196.895,59.2682,42.6198,15.0948,16.8758,178.539,22.3009,2.0404,0,107.786,5.08387,95.8781,100.885,46.2487,168.499,167.288,22.1525,1.36686,75.1582,0,57.4001,0,200.752,66.1786,0,87.2848,0,0,3.06176,10.1686,94.7411,3.00785,1.90003,1.69559,36.1012,7.68734,2.19443,1.65771,8.35693
TP13L22,95.81501888,0,0,0,0,0,0,0,0,0,0,0,0,0,0,0,0,0,0,0,0,0,0,0,0,0,0,0,0,0,0,0,0,0,0,0,0,0,0,0,0,0,0,0,0,0,0,0,0,0,0,0,0,0,0,0,0,0,0,0,0,0,0,0,0,0,0,0,0,0,0,0,0,0,0,0,0,0,0,0,0,0,0,0,0,0,0,0,0,0,0,0,0,0,0,0,0,0,0,0,0,0,0,0,0,0,0,0,0,0,0,0,0,3.58997,0,0,0,0.911689,0,0,0,0,0.889796,0,0,0,0,0,0,0,0,0,0,0,0,0,5.84508,0,0,0,0,0,0,0,0,0,0,3.1535,0,0,0,0,0,0,0,3.58584,0,0,0,0,0,0,0,0,1.7888,0,0,0,3.54096,1.04798,0,0,4.15001,2.82698,0,0,0,0,3.8426,0,0,3.9151,0,0,0,0,8.67477,0,6.52517,1.40583,0,0,0,0,0,0,0,0.958875,0,0,0,0,0,0,0,0,3.34678,0,0,0,0,18.4669,1.61103,0,0,0,0,0,0,0,0,2.494,0,0,0,0,0,0,0,0,1.79499,0,9.43184,0,0,0,0.608863,1.37236,0,0,3.13445,0,0,0,0,0,0,7.07805,0,0,1.57197,0,0,5.23991,0,0,0,0,0,0,22.1688,8.67477,0,3.63781,5.31371,0,0,0,0.636505,0,0,0,0,0,1.95755,0,10.8639,0,0,0,0,0,0,0,4.64664,0,0,1.7888,0,1.37236,0,2.21216,1.36155,1.0344,0,0,2.59376,6.44321,0,0,0,0,0,0,1.16052,10.0973,3.78651,0,4.48747,0,1.07625,5.51559,0,3.88093,0,5.7639,0,0,1.81381,0,0,2.61996,1.57197,37.2437,0,0,0,0,7.20488,0,1.21487,0,1.45717,0,1.90717,5.61824,1.57436,2.3107,1.87953,0,4.63171,1.37966,0,0.830002,0,0,7.91987,0.686179,6.53888,0,0,4.21749,0,3.77274,1.78265,0,22.8023,0,3.5776,5.31663,8.5886,3.42787,2.67226,11.0709,3.0029,9.21639,3.90038,6.03199,10.9211,8.5886,0,6.8482,1.80122,0,1.06084,0.715519,25.4942,0,16.0604,13.1575,6.01799,0,4.59072,4.46238,6.82567,9.37718,3.20217,1.64162,0.621259,1.47164,9.69628,2.18575,2.13478,1.71772,2.1525,8.41218,1.15193,22.7808,1.81381,9.11689,0,0,0.550691,3.26944,5.17716,2.28525,5.7384,0,0.727561,1.82018,18.7849,10.5254,0,8.81373,35.9399,3.1494,0.489388,2.83161,1.66801,2.03831,0,10.9409,15.9923,17.0637,3.00725,0,4.92875,2.84247,21.1161,4.70439,0,2.28023,4.22608,0,8.18184,6.3134,0,2.22841,1.00339,21.2458,36.6794,1.9952,7.30635,0.706746,0.788376,20.0112,17.0728,2.497,5.10247,2.01066,0,6.50245,4.31573,8.11817,115.278,12.938,1.38518,4.64355,15.5403,8.27354,10.0263,5.48943,0,15.837,15.969,4.45571,0,29.5661,8.37452,2.26529,14.9198,21.5647,16.4884,6.32806,19.213,1.30998,24.0735,5.32735,14.3391,15.6462,13.5702,80.6762,9.15108,8.52742,38.9713,4.85722,0.592859,47.7013,23.4464,1.75972,16.8864,5.44907,13.9722,32.0623,8.26476,12.2733,83.1991,26.8832,31.4724,17.0642,16.1935,27.5537,51.2463,6.56647,4.40481,13.8231,112.319,30.4096,49.2904,44.5343,7.02598,13.0742,23.7483,26.5346,69.5826,15.969,12.3512,2.21757,31.2878,2.87875,12.1514,7.88975,56.9976,15.0757,8.28195,29.7145,24.8603,48.0696,21.2024,11.1017,48.4437,58.6683,63.661,73.503,121.587,52.8552,33.8192,4.39911,12.254,148.166,61.3638,0.395089,1.00111,282.818,16.3644,46.3002,59.7979,36.0396,41.2402,169.005,20.6913,0,73.3256,0,68.8232,0,54.2354,50.5628,10.0008,42.6715,0.351431,3.94488,2.22322,66.6425,131.933,4.89763,0,1.64162,13.4952,5.9541,4.4207,2.89087,18.3601
TP14L22,95.16385722,0,0,0,0,0,0,0,0,0,0,0,0,0,0,0,0,0,0,0,0,0,0,0,0,0,0,0,0,0,0,0,0,0,0,0,0,0,0,0,0,0,0,0,0,0,0,0,0,0,0,0,0,0,0,0,0,0,0,0,0,0,0,0,0,0,0,0,0,0,0,0,0,0,0,0,0,0,0,0,0,0,0,0,0,0,0,0,0,0,0,0,0,0,0,0,0,0,0,0,0,0,0,0,0,0,0,0,0,0,0,0,0,0,0,0,0,0,0,0,0,0,0,0,0,0,0,0,0,0,0,0,0,0,0,0,0,0,0,0,0,0,0,0,0.462106,1.09508,0,0,0,0,0,0,0,0,0,0,0,0,1.18611,1.31901,0,0,2.9067,0,0,0,0,1.37285,0,0,0,0,1.88354,3.8492,0,0,0,0,0,0,0,3.55385,0,0,0,11.9971,7.87434,0,0,0,0,1.64072,0.939892,0,1.88354,0,0,0,0,2.73771,1.77025,0,0,0,1.1002,8.40867,0,0,0.853054,0,3.56732,6.09561,0,0,0,0,1.17721,0,0,0,0,2.26387,1.58547,0.62369,0,2.03406,0,5.09985,0,0.813274,1.62936,0,2.44616,2.72977,7.54625,1.40145,1.65805,0,0,0,1.42262,9.36504,0,0,0,0,1.27611,15.9308,0,1.31767,2.14039,0,0,0,1.02367,0,0,4.74046,0,0,7.32772,3.14974,3.29291,4.76523,0,0,0,0,1.15555,0,1.98268,1.57487,0,0,2.66539,0,4.93074,0,0,0,0,0,0,0,8.56152,1.1333,0,1.62374,1.08001,2.49146,2.97558,0,0,7.04216,0,1.40145,7.06329,3.57708,0,0,2.7986,0.575655,0,1.05344,3.16031,10.3114,6.87424,12.9772,1.62936,0,11.7233,5.49173,0,2.34856,0,2.09283,0,2.50805,9.87872,1.95388,10.3242,0,2.85385,13.2814,0,0,0.984087,1.36489,0,5.92309,0,0,2.64543,0,0,13.2339,2.14364,1.04874,3.41222,2.87187,7.00723,6.99194,3.52284,8.28759,1.27266,0,5.39182,3.73719,18.1951,0,1.7505,6.38057,0.561916,0.856156,5.66357,0.698644,10.3491,1.12116,1.0825,3.44719,10.9146,0,0.989256,7.17814,2.04437,1.19514,2.52893,6.38798,9.91338,7.79612,3.78221,3.10816,0,0,1.92591,0.649498,9.0555,7.71944,17.4942,14.1754,1.09254,0,1.66685,9.11392,11.5066,14.8721,7.26675,0.745072,0,3.47043,2.64048,1.32271,4.8445,10.9146,7.81553,1.27266,0.697092,12.9981,6.58582,24.827,0,2.83666,0.999757,10.3872,2.81968,18.6695,2.08357,2.16832,13.869,6.60892,18.3632,10.9191,4.35334,75.2813,9.58138,8.98481,3.99809,15.422,3.0282,14.2488,7.17085,3.42462,14.5167,15.239,4.09466,0,11.1849,11.6984,9.58384,5.8785,2.2004,6.20948,5.7542,2.36033,16.2632,76.4115,4.28728,1.39729,6.37563,38.1573,7.61027,4.8296,9.28507,5.13227,12.1657,9.78101,4.76846,1.69995,3.08778,7.30055,8.43881,28.4325,0.391752,2.21073,56.9714,16.2182,0.628686,19.9005,17.4174,21.7794,4.35273,12.4573,2.81406,5.21374,32.9884,8.27809,1.19514,98.8128,8.55941,10.2813,4.16713,16.3124,11.5131,10.2441,13.4155,15.4584,34.7951,4.23132,21.1899,69.4612,8.95859,27.1602,9.81012,26.573,20.9834,8.81808,4.30524,59.5373,89.1619,7.46648,10.4233,30.6669,31.6421,29.1039,8.75252,11.1408,37.5536,12.2701,23.6175,12.0147,11.398,74.4876,24.2901,18.8752,9.32163,10.1078,66.5382,23.5443,14.1866,37.7597,14.8813,13.0164,23.578,69.1893,27.9485,13.0054,57.2525,2.52613,133.484,9.40726,10.3681,8.9522,24.9523,36.4093,32.8048,14.742,46.6372,26.3623,20.5291,19.2385,43.9738,39.2405,49.9779,57.1207,146.874,41.0695,72.6018,32.5509,13.3479,56.6816,56.7332,1.0759,0.231235,199.062,34.3226,61.0912,68.0451,44.6102,75.994,177.914,17.4094,0,115.942,0,125.713,2.04733,44.6726,106.51,0,157.975,3.1719,1.79044,2.01808,52.9317,260.283,5.76742,0.417452,0.638633,27.065,6.0803,12.9726,3.0897,30.5002
TP15L3,93.5331825,0,0,0,0,0,0,0,0,0,0,0,0,0,0,0,0,0,0,0,0,0,0,0,0,0,0,0,0,0,0,0,0,0,0,0,0,0,0,0,0,0,0,0,0,0,0,0,0,0,0,0,0,0,0,0,0,0,0,0,0,0,0,0,0,0,0,0,0,0,0,0,0,0,0,0,0,0,0,0,0,0,0,0,0,0,0,0,0,0,0,0,0,0,0,0,0,0,0,0,0,0,0,0,0,0,0,0,0,0,0,0,0,0,0,0,0,0,0,0,0,0,0,0,0,0,0,0,0,0,0,0,0,0,0,0,0,0,0,0,0,0,0,0,0,0,0,0,0,0,1.17176,0.771386,0,0,0,0.780273,0,0,0.852994,3.79427,0,0,5.2259,0,2.33544,0,0,1.97457,3.46729,0,0,0,0,1.84544,0,0,0,0,0,0,0,2.55576,0,0,0,15.0985,1.13257,0,1.0649,0.917719,0,3.53978,2.02778,0,5.41822,0,0,3.12975,0,0,7.63846,0,0,1.73661,2.37363,0,4.36953,3.33087,1.84043,0,7.69633,13.151,0,0,0,1.06156,0,0,0,2.26514,0,0.814035,2.28039,0,1.27788,1.4628,0,1.22252,1.05495,4.09408,8.20232,0,2.63874,0,13.0246,0,1.19239,1.79174,0.812083,0.891154,5.11538,135.992,0,0.341758,0,0,0,30.0146,3.12589,13.4045,2.05235,0,0.903036,6.84118,5.12095,1.16371,0,4.54548,0,0,19.364,7.92799,1.18405,6.2522,2.60158,0,6.60015,0,1.24652,0,3.56462,4.53028,0,0.494363,0,0,1.77298,0,0,0.545312,0,0,0,0,13.4735,1.63003,0.541822,0,0,0,8.55958,0,0.444407,2.02575,4.93099,5.03926,4.23298,17.7582,0.912772,0.407998,4.36539,0.827967,2.19184,1.51516,7.5758,4.94363,35.8413,1.33322,0,0,3.51285,14.6554,2.57194,5.91139,0,2.25759,0,1.35275,4.7362,3.51285,2.593,0.855148,3.07853,4.34152,0,0,4.24625,0,0,3.1947,0,1.3151,1.90246,0.647492,4.21802,27.2497,4.11094,0,23.3121,4.5403,4.03141,13.2796,0,11.3783,0,0.399809,5.17005,3.58348,16.5102,2.50843,5.66496,0.917719,0,3.07853,16.8737,0,18.6065,0.806282,0.778479,3.96648,7.84924,2.9836,1.42285,7.22704,3.43049,2.57847,1.45494,5.90648,2.37641,2.24264,6.79997,2.23524,1.17583,2.57847,2.77005,2.33544,22.4312,8.88232,8.38733,31.4031,3.92852,0.528297,0.59936,2.91302,18.4596,10.3935,3.13554,2.14328,0.81111,9.39321,12.6594,0,5.5743,4.04513,7.72826,1.83048,0.501315,5.0987,10.6565,8.33205,0,6.11997,6.4708,38.0613,5.4074,10.4426,6.7428,3.37859,3.79959,20.1995,28.2985,8.83405,3.6525,105.508,1.33151,5.87404,7.98676,14.7877,10.8887,24.4314,6.6536,2.21654,11.7447,19.9089,5.88936,0.307294,12.0655,22.4221,18.3793,9.59561,1.58242,2.97704,13.1041,1.69744,36.2063,49.4563,3.59707,0.669908,5.24005,39.2959,6.84118,3.47322,9.53911,10.6113,36.0254,16.0778,15.4316,2.03754,11.1029,6.56276,4.85503,24.8699,0.845188,4.76956,155.523,8.04367,0.678181,41.535,46.4478,17.283,30.449,10.7504,3.37289,18.1128,41.1645,17.0339,1.71898,100.89,20.7652,25.8785,7.492,23.4265,9.52162,18.4808,4.82391,14.5375,45.7394,2.17355,23.2814,165.45,2.41597,54.2314,5.29123,18.077,47.4885,20.9271,1.93508,15.5696,211.529,11.813,3.08655,5.6914,29.9697,79.4271,51.0745,3.20478,78.2467,9.89528,9.20983,29.5688,24.755,44.5055,138.63,5.71542,25.6679,10.0263,140.438,39.1186,16.4807,52.7126,16.0528,4.95568,29.0677,39.8398,18.3897,14.5311,111.501,0,131.534,3.75847,13.9761,1.2876,11.9473,52.5909,26.0491,46.7846,63.8328,48.3769,33.6793,4.61181,28.9885,21.1649,83.6768,107.702,271.199,63.0141,28.5258,18.3849,14.3988,203.777,33.7526,0.257912,0.281106,86.881,32.2448,70.1054,110.485,27.804,107.533,209.925,39.3596,0.431937,68.8098,0,57.5405,1.26201,96.2723,71.0216,0,74.282,0.445497,0.643799,0.967539,11.3703,105.063,1.03691,0,0,12.5263,1.45755,0.443341,0.931285,3.71505
TP15L16,95.24958468,0,0,0,0,0,0,0,0,0,0,0,0,0,0,0,0,0,0,0,0,0,0,0,0,0,0,0,0,0,0,0,0,0,0,0,0,0,0,0,0,0,0,0,0,0,0,0,0,0,0,0,0,0,0,0,0,0,0,0,0,0,0,0,0,0,0,0,0,0,0,0,0,0,0,0,0,0,0,0,0,0,0,0,0,0,0,0,0,0,0,0,0,0,0,0,0,0,0,0,0,0,0,0,0,0,0,0,0,0,0,0,0,0,0,0,0,0,0,0,0,0,0,0,0,0,0,0,0,0,0,0,0,0,0,0,0,0,2.92954,0,0,0,0,0,0,0,0,0,0,0,1.30089,0,0,0,0,1.73252,0,0,0,2.2149,0,0,0,0,1.29641,0,0,0,11.5482,0,0,0,1.50383,0,0,0,0,0,4.1773,0,0,2.83741,0,0,1.97353,0,20.1181,0,0,1.01886,0.263645,3.92987,2.25124,0,7.51915,0,0,15.9834,0,0.728599,4.24012,0,1.3873,0,0.878405,1.34271,0,0,1.36216,0,8.54448,3.65007,0,0,0,3.53565,20.6777,0,0,0,0.578841,0,3.79755,0,5.67483,0.812003,0,1.35725,10.5409,0,0,0,0,0,3.61497,0,3.53012,0,0,0,0,74.3262,0,0.395273,0,0,0,88.8248,0,2.15933,6.83559,0,0,1.26585,4.90379,0,0,8.83121,0,0,42.0187,3.77215,3.94361,5.50785,0.481379,0,1.69096,0,3.22908,0.28417,0.791489,0,0,0,4.25612,0,5.90509,2.13612,0,0,0,0,0,0,53.2557,3.61932,0.601532,1.29641,1.72457,1.98919,3.56358,1.60323,0,1.1245,1.98394,5.5946,3.75957,20.4783,0,0,3.09276,2.29803,4.86676,1.68214,7.56961,0.914738,23.3258,8.88088,1.30089,0,6.23996,19.421,0,15.9383,0,0,0,0.500609,0,0.779994,2.59612,1.89877,8.34791,43.3797,0,0,1.17855,0,0.870272,2.36451,0,0,1.05606,0,8.29318,28.6076,0.570497,0,12.9406,0,6.71352,20.7482,0,13.8352,1.0161,0,17.2194,5.96758,10.838,0,6.98805,1.01886,0,0.683559,5.1678,0,4.1314,0,1.72854,1.65135,28.6325,1.6562,0,3.92106,0.544077,3.81683,2.01911,1.4572,1.31915,11.204,4.02632,3.72235,1.30541,2.86262,0,1.55568,40.1664,6.16324,1.16396,67.8092,0.872291,0,0,5.65957,25.4407,4.31654,2.32072,0.892304,0,9.59891,9.83813,0.52803,34.8109,1.66959,11.6999,1.0161,0.278281,17.9252,7.88722,5.28587,0,0,11.5741,21.9449,2.25124,17.3901,6.65411,3.46238,8.03056,21.1064,32.4643,8.71785,6.95144,41.8823,4.62486,6.52138,5.49749,18.4695,3.6266,13.2952,7.63365,11.4838,45.6364,14.6003,2.17946,1.02348,13.3952,10.5067,4.08095,2.80595,0,0.82628,8.42267,0.471124,79.1363,39.6547,1.71149,1.48747,14.5438,11.5482,4.55706,2.40998,10.5903,7.17085,18.855,6.6936,35.2163,1.35725,4.93059,1.4572,0,22.5582,0.312776,2.94176,262.706,8.9301,0.501946,11.1434,43.3008,6.59574,7.2664,6.96217,0,23.3943,142.829,7.57761,0,90.5804,21.579,18.88,12.4765,19.1018,25.2783,16.2464,8.56883,8.54448,41.0115,7.23923,20.5583,191.582,5.81147,193.993,5.38481,9.6859,20.7122,15.4889,3.43732,50.7758,67.3507,1.98709,6.36386,16.5864,7.96009,54.8147,23.3601,5.92993,62.1152,6.1032,11.7978,11.1303,6.07036,94.3154,80.8194,0,14.9794,2.50453,81.2004,31.7619,15.2474,97.1814,18.6706,2.75091,15.0598,40.3842,6.96336,4.20848,41.8429,0,46.7112,8.34533,6.01338,1.42949,9.64092,10.9904,3.8196,29.5784,50.4479,45.7245,13.8295,15.7258,11.703,68.2542,26.8096,71.2824,163.245,48.3635,33.343,4.70813,17.1697,124.123,43.6489,0.572669,0,158.932,9.53255,72.0522,134.787,49.8638,124.014,78.2536,27.6631,0.479537,121.22,0,84.4635,0,133.002,97.8912,1.00529,57.6064,0.776545,0,0.537082,7.6838,47.15,2.97389,0,1.3597,17.0839,0,5.00421,1.55087,7.21694
TP15L22,96.65193297,0,0,0,0,0,0,0,0,0,0,0,0,0,0,0,0,0,0,0,0,0,0,0,0,0,0,0,0.364178,0,0,1.17504,0,0,0,0,0,0,0,0,0,0,0,0,0,0,0,0,0,0,0,0,0,0,0,0,0,0,0,0,0,1.13944,0,0,0,0,0,0,0,0,0,0,0,0,0,0,0,0,0,0,0,0,0,0,0,0,0,0,0,0,0,0,0,0,0,0,0,0,0,0,0,0,0,0,0.747047,0,0,0.582215,0,0,0,2.08897,0,0,0,0,0,0,0,0,0,0,0,0,0,0,0.279911,0,0,0,0,1.30787,0,0,0,0,0,0,0,0,6.20229,0,0,0,0,0,0.926523,0,0.83097,0,0,0,0,2.08414,0.766072,0,0,0,2.27313,0,0,0,0,1.40566,1.55592,2.15378,0,0,0,0,0,0,0,0,0,0,0,0,5.01352,0,0,0,0,0,2.36859,0,4.52726,0,0,2.44562,2.88091,0.786092,3.60253,0,0,3.32592,0,4.17021,0.407603,0.874451,0,0,0,0,0,4.83446,0,0,0,2.62335,6.83661,0,2.80259,0,6.99561,2.82894,2.25608,0,3.18881,6.03634,0,0,0,0,3.40541,0.97455,0,3.25788,0,0.779303,6.24521,0,1.17199,0,0,0,2.11839,0,1.08205,0,4.08958,7.92331,0,0.923794,0,0,0,7.42552,2.77672,0,4.78563,4.07726,0,0.759624,3.353,6.20229,2.36239,9.0849,0,3.58108,6.97594,7.54543,0,1.59397,0,0,2.02946,0,1.10728,0.341056,3.79972,4.52726,0,0,17.027,0,2.36239,0,4.72478,5.81277,0,0,0,0,19.0595,1.62894,0.721946,0,1.0349,1.19369,3.56411,6.73458,2.96074,0.899734,4.76218,0,9.02433,8.26662,0,0,0.810852,3.30966,1.46025,1.00943,4.03773,1.09785,8.23388,0,1.5613,0,6.55294,30.0667,0,4.50091,0,1.0027,0,1.80246,0,2.8084,8.72386,1.13944,0,10.4127,0,0,0.942981,0,0,0,0,0,0,0.862747,4.97665,11.4026,1.3694,0,7.35679,0,4.02872,21.1463,0,5.05363,3.65851,0.532723,15.4998,4.17793,11.2453,0,2.51608,3.66843,0,2.46118,12.4046,2.67784,11.5697,1.07432,1.03728,7.92767,17.9291,2.98161,0.947934,11.0053,1.30598,2.29044,2.42329,8.74451,3.16643,6.40183,8.45654,5.95665,3.13345,2.29044,1.84547,1.8671,21.211,11.8352,2.79391,39.0977,4.18762,0.703926,3.99307,8.73322,9.32967,29.5064,2.78529,0.71395,2.16152,7.19302,5.06037,3.80239,9.28429,11.565,11.2336,1.2195,1.00196,28.8733,1.57768,15.067,0,1.35909,2.87399,18.4847,2.7019,3.97548,4.99133,2.42403,7.59411,4.74965,38.963,10.463,8.34299,48.7235,27.9132,12.9143,6.81082,36.9446,7.25429,22.9426,9.16176,5.25052,8.69396,20.4435,22.2339,0.818905,6.43064,11.3555,39.183,15.0723,0,2.97505,10.1087,5.08891,27.5369,46.6776,27.388,6.91514,11.3459,36.9597,25.5234,13.4883,10.1683,3.07368,52.1162,10.7114,19.4194,3.25788,4.4382,5.2467,24.259,83.1708,2.25233,3.53065,154.862,10.7177,1.50606,19.1352,20.4124,29.5054,9.85851,4.77478,0,13.7436,33.2291,10.4102,0,122.74,15.9632,17.7334,25.9549,16.6731,26.4773,9.6387,28.2814,2.27887,40.4964,5.79225,20.3047,44.5696,5.36524,66.6925,27.026,27.2468,39.924,32.109,6.70379,82.3341,75.5303,11.2817,7.05026,38.8653,31.2276,67.2177,13.6587,12.8106,49.806,22.8352,15.1035,11.4966,11.9039,110.905,48.0423,11.4232,8.25216,11.0216,57.2195,38.12,29.1139,76.196,5.09274,7.7037,19.3655,48.4683,37.0578,13.4692,26.0908,0,91.4407,6.51034,2.97998,3.43131,20.323,40.5659,51.736,28.6487,46.6878,38.3273,20.6635,18.4349,28.0913,38.5619,51.6317,70.3732,166.242,49.0015,46.7212,12.1058,19.8962,121.323,55.3519,0,0.384482,198.641,32.9051,108.602,94.4454,34.1975,77.0223,69.4179,6.41085,0,109.943,0,104.693,0.280259,32.934,92.3248,0,104.799,2.26902,0.857826,9.66893,105.394,200.681,1.6119,0.800029,0.407972,12.1631,2.58948,1.35189,2.00635,8.57992
TP17L3,94.59855799,0,0,0,0,0,0,0,0,0,0,0,0,0,0,0,0,3.06364,0,0,0,0,0,0.786052,0,0,0,0,0,0,0,0,0,0,0,0,0,0,0,0,0,0,0,0,0,0,0,0,0,0,0,0,0,0,0,0,0,0,0,0,0,0,0,0,0,0,0,0,0,0,0,0,0,0,0,0,0,0.87056,0,0,0,0,0,0,0,12.0756,0,0,0.457748,0.836205,0,0,0,0,0.656936,0,0,0,0,0,0,0,0,0,0,0,3.38754,0,0,0,0,0,0,0,1.1915,0,0,0,0,0,0,0,0,0,0,0,0,0,0.90583,0,5.23416,0,0,0,0,0,0,2.3666,0,0,3.21196,0,0,1.83378,0,0,3.20951,0.950932,0.558738,0,1.07763,2.85465,0,0,0,2.88794,0,4.72162,0,14.9216,3.49178,0.322817,3.86101,6.81877,1.07412,5.98627,0,1.82565,0,0,0,0.567955,0,0.854182,0,0,0,0,0,0,0,1.1672,0,0,0.823093,4.97651,0,0.662859,0,3.39848,0.421836,4.33536,1.247,0,4.91756,0,0,1.7284,3.01267,5.77059,4.65296,1.1833,0,0.804206,6.59045,0,0,0,4.51412,0.910217,5.85585,0,0,2.42441,5.97807,0,4.70444,0.800128,3.29686,0,13.7396,8.29105,0,2.04202,2.3344,0,0,5.6047,0,2.68538,6.46579,0,7.33145,0.907616,7.0105,0,3.95687,1.6592,0.751906,3.30102,0.945313,134.9,0,0.298153,0,0.610999,0,7.59993,11.5482,15.4786,4.22257,0,0,1.56917,10.8882,1.07065,0.542898,3.14049,0.665737,0,17.0581,0,1.08827,28.889,0.788212,0,13.4593,0,2.63797,12.8663,3.29297,0,0,0,0.588472,2.14825,0.820938,1.18154,4.49201,5.49547,0,0,0,0,14.5465,4.43095,5.95533,4.29649,0,9.12562,5.87784,3.33592,10.5158,3.94429,8.2742,9.3146,1.56815,39.1455,0,0,2.27197,3.00322,0,0.700656,2.10197,4.57777,21.5123,0,1.61412,0.304037,5.83882,20.3651,0,10.9494,0,0.695893,0.248108,0,3.26482,0.648758,0,3.16815,2.84435,1.60841,0.484288,0.623499,1.2744,0,0,1.96614,0,4.8488,0.880147,0.596573,21.5313,54.0763,7.98846,0.697473,8.46398,0,0.93146,9.17412,0,18.3623,2.9189,1.08582,12.9714,9.78805,15.115,11.4755,19.7018,2.54886,0,5.09747,47.0102,5.96892,1.13603,0.3651,2.1609,0,20.6702,2.06887,0,4.76881,1.79002,0,4.26244,1.45904,1.09181,1.03351,29.7339,0,1.08117,3.18434,24.29,10.6468,2.67457,3.07133,7.74548,36.3533,7.99791,0,61.1456,4.54283,9.96532,10.5021,4.82626,0.955185,0.367392,13.5879,5.24528,17.355,9.64891,1.03351,5.19006,0,0,2.70056,3.26482,14.7646,0,4.71256,5.18222,80.4062,1.8705,17.9302,10.0725,1.62002,13.864,12.0099,125.622,3.63047,27.7554,35.3656,1.05021,0,23.7435,113.718,20.0927,14.9381,26.8743,4.91799,18.0388,25.274,0,0,16.3832,32.1381,5.44345,4.32626,0.732272,4.12848,1.90961,15.0262,36.7517,40.5692,79.4147,2.40729,3.62214,64.8921,10.1003,37.8852,11.4733,15.9786,82.1653,25.0757,6.35247,56.8638,16.3804,8.36931,8.90836,228.837,0.754559,0.485069,52.6537,13.1109,0.401028,27.6126,99.2049,142.952,10.6739,8.29602,0.622223,5.6298,53.9558,6.10999,0,114.563,9.77024,16.4042,4.84921,17.3683,36.0386,22.9691,0,11.0885,32.656,1.97585,9.60687,423.415,4.0111,8.57158,1.20338,6.87051,25.408,16.3501,0.699653,12.8813,157.507,8.06153,1.60451,1.97152,3.34085,70.7645,90.2798,3.91217,154.773,4.0566,5.88909,22.7597,16.8994,365.23,48.303,9.24016,16.6669,4.90532,61.8571,44.4977,152.969,46.6961,16.9705,0.982438,14.1509,51.952,5.6968,6.51252,116.643,12.002,88.6029,4.41067,16.3828,1.17517,4.63597,31.1479,31.4194,23.0302,76.8758,29.522,31.1161,1.77445,7.19838,10.2461,39.139,72.6542,50.4943,21.213,48.1581,32.0111,10.7409,90.3842,33.4735,13.2702,14.7838,43.8156,13.2789,41.4241,64.1455,21.075,66.732,250.894,15.652,0.397407,65.8384,15.5384,72.8207,1.11735,74.1524,95.7049,0.91486,122.103,4.90042,0,0.441561,1.35466,60.0437,7.49433,17.7985,0.538595,26.6732,3.54821,8.31192,3.79443,11.4115
TP17L16,97.44375523,0,0,0,0,0,0,0,0,0,0,0,0,0,0,0,0,0,0,0,0,0,0,0,0,0,0,0,0,0,0,0,0,0,0,0,0,0,0,0,0,0,0,0,0,0,0,0,0,0,0,0,0,0,0,0,0,0,0,0,0,0,0,0,0,0,0,0,0,0,0,0,0,0,0,0,0,0,0,0,0,0,0,0,0,0,0,0,0,0,0,0,0,0,0,0,0,0,0,0,0,0,0,0,0,0,0,0,0,0,0,0,0,0,0,0,0,0,0,0,0,0,0,0,0,0,0,0,0,0,0,0,0,0,0,3.5422,0,0,0,0,0,0,0,0,0,0,0,0,0,0,1.16643,3.07152,0,0,0,0.776727,10.3647,0,0.849117,54.1894,0,0,4.16172,0,1.16241,7.2408,0,2.94839,0,0,0,0,0,0.918527,0,0,0,0,0,0,0,0,0,0,4.42388,27.9127,0,0,1.06006,0.913548,0,8.80922,6.05568,0,8.09038,0,0,0,0,3.26647,5.06916,0,0,0,15.7523,1.20393,0,0,12.2137,0.97994,19.1534,0,0,3.98149,1.30659,5.28369,5.05649,0,20.2498,5.63711,0.259507,18.6377,0,0,2.54415,0,0,12.1697,0,6.98651,15.1636,0,3.50233,0,32.4134,0,9.1001,0,0.808392,5.32262,1.01843,131.879,0,2.04809,0.882459,0,0,18.7277,6.1361,108.702,1.02151,1.01536,0,0,32.1829,4.63367,5.88306,3.39362,0,0,22.8724,2.25484,2.35734,70.7311,1.29488,0,21.732,0,2.06809,0,7.09683,1.12742,0,0,1.27207,0,0,1.27689,0,5.97116,0,0,0,0,92.7807,7.30179,10.4131,2.32482,0.773164,16.0524,13.3136,10.7814,19.4651,2.01655,1.88561,4.01309,2.52825,104.916,0,0,3.55013,4.53312,0,0.754137,12.8203,4.92116,51.6722,0,0.583217,0,4.89563,166.88,0,17.6536,0,0.74911,0,0,0,0.699376,64.1379,5.10757,2.04303,2.59307,0,0,2.46572,0,0,4.24024,0.78946,1.30912,0,0,23.9952,193.655,33.2496,0,32.3664,1.15842,12.0393,24.4499,0,40.9913,2.73324,0,16.7263,16.4982,25.5771,7.4911,44.4871,0,0.402267,3.06454,26.0644,5.00147,3.70439,0.802618,8.52435,0.493557,24.5569,1.48502,0,2.05548,3.90274,0,4.70708,1.95988,2.36561,1.11622,71.3008,0,0,0.855582,27.5746,23.5707,0.720298,7.73671,3.13095,204.864,0.782133,0,0,5.76911,15.2075,6.96474,5.20215,1.33346,0,16.9283,8.82129,25.5665,6.24258,3.34867,12.5888,0,0.748555,0,1.17867,70.4423,3.12129,7.10752,7.1571,309.562,6.05568,34.898,19.3907,3.62194,43.0239,20.1077,180.287,2.9313,60.0067,128.887,1.13502,57.304,37.3671,328.267,16.2588,25.033,28.8837,8.33555,9.74276,5.45468,0,0,20.0178,77.0382,2.28697,5.60959,7.87615,7.40878,9.61179,18.1645,134.637,60.1719,55.0363,0.333432,2.60812,106.695,5.44807,34.4091,10.4453,23.8817,337.612,21.0062,14.5081,47.056,14.3682,2.61317,4.83297,502.573,0,0.527542,74.0786,20.4181,0.675099,64.075,279.825,318.282,11.0478,16.9441,6.04361,23.7062,120.99,6.46357,0.855582,175.536,13.4826,8.09627,1.49159,32.6979,33.3803,35.2464,1.92079,26.3891,32.2392,5.1928,26.5466,797.444,6.81414,3.54078,1.75573,6.46492,45.3602,33.4574,0.385256,24.7012,275.303,9.62123,4.82825,6.37373,5.47252,50.7519,254.818,6.91213,70.8889,3.75482,2.11569,29.3229,31.6099,849.684,76.8456,4.26708,30.0325,2.7447,120.096,77.3004,188.425,97.3136,19.0237,1.37032,19.7726,73.7135,3.50598,5.34579,147.359,0.956743,142.728,2.99311,8.56716,1.28175,4.9633,48.5532,36.2052,15.3544,54.5369,59.2202,30.9369,1.96751,9.18169,14.0458,37.4555,71.8183,117.878,16.4234,94.5206,27.9164,15.926,76.7255,69.0444,0.25674,0.174197,42.2603,33.965,67.7391,82.4949,55.3553,106.749,233.376,54.1395,0.429974,90.853,0,145.689,5.02508,104.132,120.859,0,152.238,3.05332,1.28175,1.44471,4.92116,167.052,3.44067,0.745024,0.304791,116.067,2.41822,2.83633,3.24468,13.4329
TP17L22,96.97372374,0,0,0,0,0,0,0,0,0,0,0,0,0,0,0,0,0,0,0,0,0,0,0,0,0,0,0,0,0,0,0,0,0,0,0,0,0,0,0,0,0,0,0,0,0,0,0,0,1.40351,0,0,0,0,0,0,0,0,0,0,0,0,0,0,0,0,0,0,0,0,0,0,0,0,0,0.395631,0,0,0,0,0,0,0,0,0,0,0,0,0,0,0,0,0,0,0,0,0,0,0,0,0,0,0,0,0,0,0,0,0,0,0,0,0,0,0,0,0,0,0,0,0,0,0,0,0,0.71954,0,0,0,0,0,1.06993,0,0,0,0,0,0,2.87629,0,0,0,0,0,0,0,0,0,0,0,2.55449,3.36332,0,0,0,0,0,0,0,5.1698,0,0,0,0,1.27284,0.880964,0,2.15233,0,0,0,0.345298,1.4765,3.01736,0,0.423307,0,0,0,0,0,8.35753,0,0,2.90649,0,3.70358,0,3.4823,2.00067,0,1.92922,0.736774,0,0,0,0,4.7761,0,0,6.93842,1.41427,0,0,1.72488,0,0,0,0.668703,0,8.38918,2.38915,0,0,1.43071,2.31426,1.84562,0,0,4.93811,0,3.54927,0,0.488906,2.78584,0,0,2.66515,0,0,6.38623,0,4.79382,1.06993,7.09854,0,3.03271,1.95304,0,0.971379,3.34553,21.7837,0,0,0,0,1.00034,39.6121,4.54307,20.0858,2.23712,0,0,1.86426,6.41955,1.26847,1.28839,2.47734,0,0,8.1582,9.87623,0,14.2474,5.19893,0,7.19432,0,1.35874,0.279408,1.55421,0,0,0,1.39292,1.27284,0.966293,2.0973,0,2.37761,0,0,0,0,29.102,0.888385,0.590598,3.81852,5.9263,0,5.24821,3.14818,2.90649,1.10406,0.973942,1.09858,4.61405,19.63,0,0,3.32799,3.15876,0,3.30312,5.78047,7.1849,24.249,1.45324,1.27725,0,3.82909,29.3641,0,7.36407,0,2.46083,0,0,3.87193,1.53164,10.2748,0,0,6.6253,0,0,2.31426,0,0,0,0,0.716746,0,0,21.2205,35.3824,4.48102,0,8.02444,5.76054,8.78867,25.3375,0,11.2214,0,0,4.22661,5.37085,22.784,0,2.74442,3.00101,0.880964,3.35567,12.0504,0,25.6899,0.439433,3.39424,2.16178,8.55585,1.6261,0,9.00302,2.13675,7.4949,1.58593,0.715357,3.88552,0,10.8711,2.43646,5.12672,0.936863,5.28398,0.509137,14.9858,9.68194,5.71399,68.8377,3.42575,0,3.9199,8.80881,11.7953,7.48968,9.11417,3.50434,0.884129,4.18864,12.4191,5.70276,1.51903,3.6668,4.5949,1.99527,0,3.24199,2.58129,33.0849,0.683563,6.67092,3.52666,53.8507,3.68387,14.6349,12.2497,4.24932,9.8364,3.88552,54.4946,18.1887,7.39386,77.0299,7.31258,20.8092,4.52699,58.8342,10.682,11.9657,12.0937,5.63753,29.8713,21.5024,6.41955,0,9.64457,29.2503,15.5262,13.3137,4.3122,4.05631,8.26958,0.925123,66.0259,59.1497,10.6424,2.86031,4.28384,64.2503,0.745705,3.04561,20.7957,10.5608,56.0979,23.8634,11.2139,4.88612,10.8922,2.86143,30.4296,110.485,2.45673,2.31063,127.598,12.2749,0,84.3447,44.5097,60.6376,19.852,11.7182,5.88246,11.0159,58.2725,12.4685,0.936863,99.4531,12.2111,11.2833,3.26658,46.8864,12.6351,17.0312,2.10327,13.0498,48.7172,5.68612,19.0659,170.44,6.58366,32.8716,5.28693,11.1075,66.5532,18.6636,1.26557,51.9744,126.522,12.8764,7.69008,6.97924,20.9647,61.4232,40.5878,7.56879,58.1967,7.19073,16.989,29.1558,27.804,247.02,115.162,10.9024,21.2168,11.2021,96.6252,76.3705,10.9344,45.6182,11.6653,7.20242,25.8756,59.4752,16.1516,7.57531,54.8855,0,193.245,5.73556,20.6484,0,17.5106,49.4331,76.6106,42.5163,45.4809,32.7794,34.9181,4.66791,11.4902,12.0844,50.196,79.3936,125.538,40.271,38.9395,17.739,4.65038,201.312,76.8166,0.28113,0,100.083,20.5943,75.5093,91.2178,37.301,67.7601,253.042,20.9231,0.470821,73.5893,0,113.54,4.81466,41.3423,123.853,0,74.4202,0.933937,0.701757,0.52732,24.249,78.2968,2.63727,0.654475,0.667494,55.6384,1.58877,1.51177,1.33874,13.2858
TP2L12,6.591235632,0,0,0,0,0,0,0,0,0,0,0,0,0,0,0,0,0,0,0,0,0,0,0,0,0,0,0,0,0,0,0,0,0,0,0,0,0,0,0,0,0,0,0,0,0,0,0,0,0,0,0,0,0,0,0,0,0,0,0,0,0,0,0,0,0,0,0,0,0,0,0,0,0,0,0,0,0,0,0,0,0,0,0,0,0,0,0,0,0,0,0,0,0,0,0,0,0,0,0,0,0,0,0,0,0,0,0,0,0,0,0,0,0,0,0,0,0,0,0,0,0,0,0,0,0,0,0,0,0,0,0,0,0,0,0,0,0,0,0,0,0,0,0,0,0,0,0,0,0,0,0,0,0,0,0,0,0,0,0,0,0,0,0,0,0,0,0,0,0,0,0,0,0,0,0,0,0,0,0,0,0,0,0,0,0,0,0,0,0,0,0,0,0,0,0,0,0,0,0,0,0,14.9459,0,0,0,0,0,0,0,0,0,0,0,0,0,0,0,0,0,0,0,0,0,0,0,0,0,0,0,0,0,0,0,0,0,0,0,0,0,0,0,0,0,0,0,0,0,0,0,0,0,0,0,0,0,0,0,0,0,0,0,0,0,0,0,0,0,0,0,0,0,0,0,0,0,0,0,0,0,0,0,0,0,0,0,0,0,0,0,0,0,0,0,0,0,0,0,0,0,0,0,0,0,0,0,0,0,0,0,0,0,0,0,0,0,0,0,0,0,0,0,0,0,0,0,0,0,0,0,0,0,0,0,0,0,0,0,0,0,0,0,0,0,0,0,0,0,0,0,0,0,0,0,0,0,0,0,0,0,0,0,0,0,0,0,0,0,0,0,0,0,0,0,0,0,0,0,0,0,0,0,0,0,0,0,0,0,0,0,0,0,0,0,0,0,0,0,0,0,0,0,0,0,0,0,0,0,0,0,0,0,0,0,0,0,0,0,0,0,0,0,0,0,0,0,0,0,0,0,0,0,0,0,0,0,0,0,0,0,0,0,0,0,0,0,0,0,0,0,0,0,0,0,0,0,0,0,0,0,0,0,0,0,0,0,0,0,0,0,0,0,0,0,0,0,0,0,0,0,0,0,0,0,0,0,0,0,0,0,0,0,0,0,0,0,0,0,0,0,0,0,0,0,0,0,0,0,0,0,0,0,0,0,0,0,0,26.6207,0,0,0,0,0,0,0,0,0,0,0,0,0,0,0,0,0,0,0,0,0,0,0,3.08479,0,0,0,0,0,0,0,0,0,0,0,0,0,0,0,0,19.5084,0,2.96426,0,0,0,21.6018,37.2064,3.59072,7.32429,24.1091,11.6222,15.206,15.3158,51.024
TP2L20,11.67315175,0,0,0,0,0,0,0,0,0,0,0,0,0,0,0,0,0,0,0,0,0,0,0,0,0,0,0,0,0,0,0,0,0,0,0,0,0,0,0,0,0,0,0,0,0,0,0,0,0,0,0,0,0,0,0,0,0,0,0,0,0,0,0,0,0,0,0,0,0,0,0,0,0,0,0,0,0,0,0,0,0,0,0,0,0,0,0,0,0,0,0,0,0,0,0,0,0,0,0,0,0,0,0,0,0,0,0,0,0,0,0,0,0,0,0,0,0,0,0,0,0,0,0,0,0,0,0,0,0,0,0,0,0,0,0,0,0,0,0,0,0,0,0,0,0,0,0,0,0,0,0,0,0,5.55612,0,0,0,0,0,0,0,0,0,0,0,0,0,0,0,0,0,0,0,0,0,0,0,0,0,0,0,0,0,0,0,0,0,0,0,0,0,0,0,0,0,0,0,0,0,0,0,0,0,0,0,0,0,0,0,0,0,0,0,0,0,0,0,0,0,0,0,0,0,0,0,0,0,0,0,0,0,0,0,0,0,0,0,0,0,0,0,0,0,0,0,0,0,0,0,0,0,0,0,0,0,0,0,0,0,0,0,0,0,0,0,0,0,0,0,0,0,0,0,0,0,0,0,0,0,0,0,0,0,0,0,0,0,0,0,0,0,0,0,0,0,0,0,0,0,0,0,0,0,0,0,0,0,0,0,0,0,0,0,0,0,0,0,0,0,0,0,0,0,0,0,0,0,0,0,0,0,0,0,0,0,0,0,0,0,0,0,0,0,0,0,0,0,0,0,0,0,0,0,0,0,0,0,0,0,0,0,0,0,0,0,0,0,0,0,0,0,0,0,0,0,0,0,0,0,0,0,0,0,0,0,0,0,0,0,0,0,0,0,0,0,0,0,0,0,0,0,0,0,0,0,0,0,0,0,0,0,0,0,0,0,0,0,0,0,0,0,0,0,0,0,0,0,0,0,0,0,0,0,0,0,0,0,0,0,0,0,0,0,0,0,0,0,0,0,0,0,0,0,0,0,0,0,0,0,0,0,0,0,0,0,0,0,0,0,0,0,0,0,0,0,0,0,0,0,0,0,0,0,0,0,0,0,0,0,0,0,0,0,0,0,0,0,0,0,0,0,0,0,2.13753,0,0,0,0,0,0,0,0,0,0,0,0,8.55742,0,0,0,0,0,0,0,0,0,0,0,0,0,0,0,0,0,0,0,0,0,0,0,0,0,0,0,0,0,0,0,0,0,0,0,0,0,0,0,0,0,0,3.94759,12.4432,0,0,0,12.5257,0,7.39728,11.6877,4.6952,6.70148,5.62488,72.6362
TP2L1,11.71119955,0,0,0,0,0,0,0,0,0,0,0,0,0,0,0,0,0,0,0,0,0,0,0,0,0,0,0,0,0,0,0,0,0,0,0,0,0,0,0,0,0,0,0,0,0,0,0,0,0,0,0,0,0,0,0,0,0,0,0,0,0,0,0,0,0,0,0,0,0,0,0,0,0,0,0,0,0,0,0,0,0,0,0,0,0,0,0,0,0,0,0,0,0,0,0,0,0,0,0,0,0,0,0,0,0,0,0,0,0,0,0,0,0,0,0,0,0,0,0,0,0,0,0,0,0,0,0,0,0,0,0,0,0,0,0,0,0,0,0,0,0,0,0,0,0,0,0,0,2.4472,0,0,0,0,0,0,0,0,0,0,0,0,0,0,0,0,0,0,0,0,0,0,0,0,0,0,0,0,0,0,0,0,0,0,0,0,0,0,0,0,0,0,0,0,0,0,0,0,0,0,0,0,0,0,0,0,0,0,0,0,0,0,0,0,0,0,0,0,0,0,0,0,0,0,0,0,0,0,0,0,0,0,0,0,0,0,0,0,0,0,0,0,0,0,0,0,0,0,0,0,0,0,0,0,0,0,0,0,0,0,0,0,0,0,0,0,0,0,0,0,0,0,0,0,0,0,0,0,0,0,0,0,0,0,0,0,0,0,0,0,0,0,0,0,0,0,0,0,0,0,0,0,0,0,0,0,0,0,0,0,0,0,0,0,0,0,0,0,0,0,0,0,0,0,0,0,0,0,0,0,0,0,0,0,0,0,0,0,0,0,0,0,0,0,0,0,0,0,0,0,0,0,0,0,0,0,0,0,0,0,0,0,0,0,0,0,0,0,0,0,0,0,0,0,0,0,0,0,0,0,0,0,0,0,0,0,0,0,0,0,0,0,0,0,0,0,0,0,0,0,0,0,0,0,0,0,0,0,0,0,0,0,0,0,0,0,0,0,0,0,0,0,0,0,0,3.25021,0,0,0,0,0,0,0,0,0,0,0,0,0,0,0,0,0,0,0,0,0,0,0,0,0,0,0,0,0,0,0,0,0,0,0,0,0,0,0,0,0,0,0,0,0,0,0,0,0,0,0,0,0,0,0,0,0,0,0,0,0,0,0,0,0,0,0,0,0,0,0,0,0,0,0,0,0,0,0,0,0,0,0,0,0,0,0,0,0,0,0,0,0,0,0,0,0,0,0,0,0,0,0,0,0,0,0,0,0,0,0,0,0,0,0,2.72864,0,0,0,0,0,0,0,0,0,0,0,0.000864,0,0,0,0,0,0,5.32655,0,0,0,0,18.2837,0,11.3377,25.5907,0,11.0049,9.85273,66.6249
TP3L12,6.534551977,0,0,0,0,0,0,0,0,0,0,0,0,0,0,0,0,0,0,0,0,0,0,0,0,0,0,0,0,0,0,0,0,0,0,0,0,0,0,0,0,0,0,0,0,0,0,0,0,0,0,0,0,0,0,0,0,0,0,0,0,0,0,0,0,0,0,0,0,0,0,0,0,0,0,0,0,0,0,0,0,0,0,0,0,0,0,0,0,0,0,0,0,0,0,0,0,0,0,0,0,0,0,0,0,0,0,0,0,0,0,0,0,0,0,0,0,0,0,0,0,0,0,0,0,0,0,0,0,0,0,0,0,0,0,0,0,0,0,0,0,0,0,0,0,0,0,0,0,0,0,0,0,0,0,0,0,0,0,0,0,0,0,0,0,0,0,0,0,0,0,0,0,0,0,0,0,0,0,0,0,0,0,0,0,0,0,0,0,0,0,0,0,0,0,0,0,0,0,0,0,0,0,0,0,0,0,0,0,0,0,0,0,0,0,0,0,0,0,0,0,0,0,0,0,0,0,0,0,0,0,0,0,0,0,0,0,0,0,0,0,0,0,0,0,0,0,0,0,0,0,0,0,0,0,0,0,0,0,0,0,0,0,0,0,0,0,0,0,0,0,0,0,0,0,0,0,0,0,0,0,0,0,0,0,0,0,0,0,0,0,0,0,0,0,0,0,0,0,0,0,0,0,0,0,0,0,0,0,0,0,0,0,0,0,0,0,0,0,0,0,0,0,0,0,0,0,0,0,0,0,0,0,0,0,0,0,0,0,0,0,0,0,0,0,0,0,0,0,0,0,0,0,0,0,0,0,0,0,0,0,0,0,0,0,0,0,0,0,0,0,0,0,0,0,0,0,0,0,0,0,0,0,0,0,0,0,0,0,0,0,0,0,0,0,0,0,0,0,0,0,0,0,0,0,0,0,0,0,0,0,0,0,0,0,0,0,0,0,0,0,0,0,0,0,0,0,0,0,0,0,0,0,0,0,0,0,0,0,0,0,0,0,0,0,0,0,0,0,0,0,0,0,0,0,0,0,0,0,0,0,0,0,0,0,0,0,0,0,0,0,0,0,0,0,0,0,0,0,0,0,0,0,0,0,0,0,0,0,0,0,0,0,0,0,0,0,0,0,0,0,0,0,0,0,0,0,0,0,0,0,0,0,0,0,0,0,85.7075,0,0,0,0,0,0,0,0,0,0,0,0,0,0,0,0,0,0,0,0,0,0,0,0,5.15599,0,0,0,0,0,0,0,0,0,0,8.82958,0,3.04922,0,0,0,0,0,9.33317,0,0,0,47.6018,24.4551,6.65811,52.5991,42.2604,67.9873,40.2115,123.688
TP3L20,3.928944619,0,0,0,0,0,0,0,0,0,0,0,0,0,0,0,0,0,0,0,0,0,0,0,0,0,0,0,0,0,0,0,0,0,0,0,0,0,0,0,0,0,0,0,0,0,0,0,0,0,0,0,0,0,0,0,0,0,0,0,0,0,0,0,0,0,0,0,0,0,0,0,0,0,0,0,0,0,0,0,0,0,0,0,0,0,0,0,0,0,0,0,0,0,0,0,0,0,0,0,0,0,0,0,0,0,0,0,0,0,0,0,0,0,0,0,0,0,0,0,0,0,0,0,0,0,0,0,0,0,0,0,0,0,0,0,0,0,0,0,0,0,0,0,0,0,0,0,0,0,0,0,0,0,0,0,0,0,0,0,0,0,0,0,0,0,0,0,0,0,0,0,0,0,0,0,0,0,0,0,0,0,0,0,0,0,0,0,0,0,0,0,0,0,0,0,0,0,0,0,0,0,0,0,0,0,0,0,0,0,0,0,0,0,0,0,0,0,0,0,0,0,0,0,0,0,0,0,0,0,0,0,0,0,0,0,0,0,0,0,0,0,0,0,0,0,0,0,0,0,0,0,0,0,0,0,0,0,0,0,0,0,0,0,0,0,0,0,0,0,0,0,0,0,0,0,0,0,0,0,0,0,0,0,0,0,0,0,0,0,0,0,0,0,0,0,0,0,0,0,0,0,0,0,0,0,0,0,0,0,0,0,0,0,0,0,0,0,0,0,0,0,0,0,0,0,0,0,0,0,0,0,0,0,0,0,0,0,0,0,0,0,0,0,0,0,0,0,0,0,0,0,0,0,0,0,0,0,0,0,0,0,0,0,0,0,0,0,0,0,0,0,0,0,0,0,0,0,0,0,0,0,0,0,0,0,0,0,0,0,0,0,0,0,0,0,0,0,0,0,0,0,0,0,0,0,0,0,0,0,0,0,0,0,0,0,0,0,0,0,0,0,0,0,0,4.23496,0,0,0,0,0,0,0,0,0,0,0,0,0,0,0,0,0,0,0,0,0,0,0,0,0,0,0,0,0,0,0,0,0,0,0,0,0,0,0,0,0,0,0,0,0,0,0,0,0,0,0,0,0,0,0,0,0,0,0,0,0,0,0,0,0,0,0,0,0,0,0,0,0,0,0,0,0,0,0,0,0,0,0,0,0,0,0,0,0,0,0,0,0,5.18233,0,0,0,0,0,0,0,0,0,0,0,0,0,0,0,0,0,0,0,0,0,0,2.2226,0,0,0,0,0,0,0,0,0,0,0.002119,0,0,4.52012,3.47417,45.5535,0,4.26386,8.87696,0,0,0,28.1666,12.4183,56.9939,88.9387,46.8938,34.6755,11.2358,148.453
TP3L1,12.73741983,0,0,0,0,0,0,0,0,0,0,0,0,0,0,0,0,0,0,0,0,0,0,0,0,0,0,0,0,0,0,0,0,0,0,0,0,0,0,0,0,0,0,0,0,0,0,0,0,0,0,0,0,0,0,0,0,0,0,0,0,0,0,0,0,0,0,0,0,0,0,0,0,0,0,0,0,0,0,0,0,0,0,0,0,0,0,0,0,0,0,0,0,0,0,0,0,0,0,0,0,0,0,0,0,0,0,0,0,0,0,0,0,0,0,0,0,0,0,0,0,0,0,0,0,0,0,0,0,0,0,0,0,0,0,0,0,0,0,0,0,0,0,0,0,0,0,0,0,0,0,0,0,0,0,0,0,0,0,0,0,0,0,0,0,0,0,0,0,0,0,0,0,0,0,0,0,0,0,0,0,0,0,0,0,0,0,0,0,0,0,0,0,0,0,0,0,0,0,0,0,0,12.9306,0,0,0,0,0,0,0,0,0,0,0,0,0,0,0,0,0,2.69761,0,0,0,0,0,0,0,0,0,0,0,0,0,0,0,0,0,0,0,10.5867,0,0,0,0,0,0,0,0,0,0,0,0,0,0,0,0,0,0,0,0,0,0,0,0,0,0,0,0,0,0,0,0,0,0,0,0,0,0,0,0,0,0,0,0,0,0,0,0,0,0,0,0,0,0,0,0,0,0,0,0,0,0,0,0,0,0,0,0,0,0,0,0,0,0,0,0,0,0,0,0,0,0,0,0,0,0,0,0,0,0,0,0,0,0,0,0,0,0,0,0,0,0,0,0,0,0,0,0,0,0,0,0,0,0,0,0,0,0,0,0,0,0,0,0,0,0,0,0,0,0,0,0,0,0,0,0,0,0,0,0,0,0,0,0,0,0,0,0,0,0,0,0,0,0,0,0,0,0,0,0,0,0,0,0,0,0,0,0,0,0,0,0,0,0,0,0,0,0,0,0,0,0,0,0,6.35681,0,0,0,0,0,0,0,0,0,0,0,0,0,0,0,0,0,0,0,0,0,0,0,0,0,0,0,0,0,0,0,0,0,0,0,0,0,0,0,0,0,0,0,0,0,0,0,0,0,0,0,0,0,0,0,0,0,0,0,0,0,0,0,0,0,0,0,0,0,0,0,0,0,0,0,0,0,0,0,0,0,0,0,0,0,0,0,0,0,0,0,15.2027,0,0,0,0,0,0,0,0,0,0,0,0,0,0,0,0,0,0,0,0,0,0,0,2.66885,1.47616,0,0,0,0,0,0,0,0,0,0,0.002876,0,0,0,2.60729,17.0937,0,4.8909,6.66198,0,0,0,37.5546,9.31968,22.1785,66.7467,20.1102,28.5859,18.0691,65.1651
TP4L12,2.333448994,0,0,0,0,0,0,0,0,0,0,0,0,0,0,0,0,0,0,0,0,0,0,0,0,0,0,0,0,0,0,0,0,0,0,0,0,0,0,0,0,0,0,0,0,0,0,0,0,0,0,0,0,0,0,0,0,0,0,0,0,0,0,0,0,0,0,0,0,0,0,0,0,0,0,0,0,0,0,0,0,0,0,0,0,0,0,0,0,0,0,0,0,0,0,0,0,0,0,0,0,0,0,0,0,0,0,0,0,0,0,0,0,0,0,0,0,0,0,0,0,0,0,0,0,0,0,0,0,0,0,0,0,0,0,0,0,0,0,0,0,0,0,0,0,0,0,0,0,0,0,0,0,0,0,0,0,0,0,0,0,0,0,0,0,0,0,0,0,0,0,0,0,0,0,0,0,0,0,0,0,0,0,0,0,0,0,0,0,0,0,0,0,0,0,0,0,0,0,0,0,0,0,0,0,0,0,0,0,0,0,0,0,0,0,0,0,0,0,0,0,0,0,0,0,0,0,0,0,0,0,0,0,0,0,0,0,0,0,0,0,0,0,0,0,0,0,0,0,0,0,0,0,0,0,0,0,0,0,0,0,0,0,0,0,0,0,0,0,0,0,0,0,0,0,0,0,0,0,0,0,0,0,0,0,0,0,0,0,0,0,0,0,0,0,0,0,0,0,0,0,0,0,0,0,0,0,0,0,0,0,0,0,0,0,0,0,0,0,0,0,0,0,0,0,0,0,0,0,0,0,0,0,0,0,0,0,0,0,0,0,0,0,0,0,0,0,0,0,0,0,0,0,0,0,0,0,0,0,0,0,0,0,0,0,0,0,0,0,0,0,0,0,0,0,0,0,0,0,0,0,0,0,0,0,0,0,0,0,0,0,0,0,0,0,0,0,0,0,0,0,0,0,0,0,0,0,0,0,0,0,0,0,0,0,0,0,0,0,0,0,0,0,0,0,0,0,0,0,0,0,0,0,0,0,0,0,0,0,0,0,0,0,0,0,0,0,0,0,0,0,0,0,0,0,0,0,0,0,0,0,0,0,0,0,0,0,0,0,0,0,0,0,0,0,0,0,0,0,0,0,0,0,0,0,0,0,0,0,0,0,0,0,0,0,0,0,0,0,0,0,0,0,0,0,0,0,0,0,0,0,0,0,0,0,0,0,25.962,0,0,0,0,0,0,0,0,0,0,0,0,0,0,0,0,0,0,0,0,0,0,0,2.51833,0,0,0,0,0,0,0,0,0,0,0,0,0,0,0,0,0,0,0,0,9.44734,0,0,32.0616,2.93135,8.96899,82.6642,33.208,20.3134,21.5967,117.029
TP4L20,13.84947905,0,0,0,0,0,0,0,0,0,0,0,0,0,0,0,0,0,0,0,0,0,0,0,0,0,0,0,0,0,0,0,0,0,0,0,0,0,0,0,0,0,0,0,0,0,0,0,0,0,0,0,0,0,0,0,0,0,0,0,0,0,0,0,0,0,0,0,0,0,0,0,0,0,0,0,0,0,0,0,0,0,0,0,0,0,0,0,0,0,0,0,0,0,0,0,0,0,0,0,0,0,0,0,0,0,0,0,0,0,0,0,0,0,0,0,0,0,0,0,0,0,0,0,0,0,0,0,0,0,0,0,0,0,0,0,0,0,0,0,0,0,0,0,0,0,0,0,0,0,0,0,0,0,0,0,0,0,0,0,0,0,0,0,0,0,0,0,0,0,0,0,0,0,0,0,0,0,0,0,0,0,0,0,0,0,0,0,0,0,0,0,0,0,0,0,0,0,0,0,0,21.7579,10.4775,0,0,0,0,0,0,0,0,0,0,0,0,0,0,0,0,0,0,0,0,0,0,0,0,0,0,0,0,0,0,0,0,0,0,0,0,0,0,0,0,0,0,0,0,0,0,0,0,0,0,0,0,0,0,0,0,0,0,0,0,0,0,0,0,0,0,0,0,0,0,0,0,0,0,0,0,0,0,0,0,0,0,0,0,0,0,0,0,0,0,0,0,0,0,0,0,0,0,0,0,0,0,0,0,0,0,0,0,0,0,0,0,0,0,0,0,0,0,0,0,0,0,0,0,0,0,0,0,0,0,0,0,0,0,0,0,0,0,0,0,0,0,0,0,0,0,0,0,0,0,0,0,0,0,6.76047,0,0,0,0,0,0,0,0,0,0,0,0,0,0,0,0,0,0,0,0,0,0,0,4.42964,0,0,0,0,0,0,0,0,0,0,0,0,0,0,0,0,0,0,0,0,0,0,0,0,0,0,0,0,0,0,0,0,0,0,0,0,0,0,0,0,0,0,0,3.44236,0,0,0,0,0,0,0,0,0,0,0,0,0,0,0,0,0,0,0,0,0,0,0,0,0,0,0,0,0,0,0,0,0,0,0,0,0,0,0,0,0,0,0,0,0,0,0,0,0,0,0,0,0,0,0,0,0,0,0,0,0,0,0,0,0,0,0,0,0,0,0,0,0,0,0,0,0,0,0,0,0,0,0,0,0,0,0,0,0,0,0,37.1829,0,0,0,0,0,0,0,0,0,0,0,0,0,0,0,0,0,0,0,0,0,0,0,2.16253,4.72221,0,0,0,0,0,0,0,18.9926,0,0,6.80226,0,0,0,0,0,0,2.0587,0,8.11257,0,0,22.4602,14.3707,33.3745,202.814,24.4425,20.0253,35.1387,170.33
TP4L1,4.522554867,0,0,0,0,0,0,0,0,0,0,0,0,0,0,0,0,0,0,0,0,0,0,0,0,0,0,0,0,0,0,0,0,0,0,0,0,0,0,0,0,0,0,0,0,0,0,0,0,0,0,0,0,0,0,0,0,0,0,0,0,0,0,0,0,0,0,0,0,0,0,0,0,0,0,0,0,0,0,0,0,0,0,0,0,0,0,0,0,0,0,0,0,0,0,0,0,0,0,0,0,0,0,0,0,0,0,0,0,0,0,0,0,0,0,0,0,0,0,0,0,0,0,0,0,0,0,0,0,0,0,0,0,0,0,0,0,0,0,0,0,0,0,0,0,0,0,0,0,0,0,0,0,0,16.58,0,0,0,0,0,0,0,0,0,0,0,0,0,0,0,0,0,0,0,0,0,0,0,0,0,0,0,0,0,0,0,0,0,0,0,0,0,0,0,0,0,0,0,0,0,0,0,0,0,0,0,0,0,0,0,0,0,0,0,0,0,0,0,0,0,0,0,0,0,0,0,0,0,0,0,0,0,0,0,0,0,0,0,0,0,0,0,0,0,0,0,0,0,0,0,0,0,0,0,0,0,0,0,0,0,0,0,0,0,0,0,0,0,0,0,0,0,0,0,0,0,0,0,0,0,0,0,0,0,0,0,0,0,0,0,0,0,0,0,0,0,0,0,0,0,0,0,0,0,0,0,0,0,0,0,0,0,0,0,0,0,0,0,0,0,0,0,0,0,0,0,0,0,0,0,0,0,0,0,0,0,0,0,0,0,0,0,0,0,0,0,0,0,0,0,0,0,0,0,0,0,0,5.81288,0,0,0,0,0,0,0,0,0,0,0,0,0,0,0,0,0,0,0,0,0,0,0,0,0,0,0,0,0,0,0,0,0,0,0,0,0,0,0,0,0,0,0,0,0,0,0,0,0,0,0,0,0,0,0,0,0,0,0,0,0,0,0,0,0,0,0,22.1437,0,0,0,0,0,0,0,0,0,0,0,0,0,0,0,0,0,0,0,0,0,0,0,0,0,0,0,0,0,0,0,0,0,0,0,0,0,0,0,0,0,0,0,0,0,0,0,0,0,0,0,0,0,0,0,0,0,0,0,0,0,0,0,0,0,0,0,0,0,0,0,0,0,0,0,0,0,0,0,0,0,0,0,0,0,0,0,0,0,0,0,148.075,0,0,0,0,0,0,0,0,0,0,0,0,0,0,0,0,0,0,0,0,0,0,0,0,0,0,0,0,0,0,0,0,0,0,0,0.010554,0,0,0,0,0,0,7.06272,0,6.97546,0,0,42.3618,8.65749,4.41485,110.445,7.00548,34.9963,13.2875,108.377
TP5L1,3.690223435,0,0,0,0,0,0,0,0,0,0,0,0,0,0,0,0,0,0,0,0,0,0,0,0,0,0,0,0,0,0,0,0,0,0,0,0,0,0,0,0,0,0,0,0,0,0,0,0,0,0,0,0,0,0,0,0,0,0,0,0,0,0,0,0,0,0,0,0,0,0,0,0,0,0,0,0,0,0,0,0,0,0,0,0,0,0,0,0,0,0,0,0,0,0,0,0,0,0,0,7.54193,0,0,0,0,0,0,0,0,0,0,0,0,0,0,0,0,0,0,0,0,0,0,0,0,0,0,0,0,0,0,0,0,0,0,0,0,0,0,0,0,0,0,0,0,0,0,0,0,0,0,0,0,0,4.09749,0,0,0,0,0,0,0,0,0,0,0,0,0,0,0,0,0,0,0,0,0,0,0,0,0,0,0,0,0,0,0,0,0,0,0,0,0,0,0,0,0,0,0,0,0,0,0,0,0,0,0,0,0,0,0,0,0,0,0,0,0,0,0,0,0,0,0,0,0,0,0,0,0,0,0,0,0,0,0,0,0,0,0,0,0,0,0,0,0,0,0,0,0,0,0,0,0,0,0,0,0,0,0,0,0,0,0,0,0,0,0,0,0,0,5.47261,0,0,0,0,0,0,0,0,0,0,0,0,0,0,0,0,0,0,0,0,0,0,0,0,0,0,0,0,0,0,0,0,0,0,0,0,0,0,0,0,0,0,0,0,0,0,0,0,0,0,0,0,0,0,0,0,0,0,0,0,0,0,0,0,0,0,0,0,0,0,0,0,0,0,0,0,0,0,0,0,0,0,0,0,0,0,0,0,0,0,0,0,0,0,0,0,0,0,0,0,0,0,0,0,0,0,0,0,0,0,0,0,0,0,0,0,0,0,0,0,0,0,0,0,0,0,0,0,0,0,0,0,0,0,0,0,0,0,0,0,0,0,0,0,0,0,0,0,0,0,0,0,0,0,0,0,0,0,0,0,0,0,0,0,0,0,0,0,0,0,0,0,0,0,0,0,0,0,0,0,8.65025,0,0,0,0,0,0,0,0,0,0,0,0,0,0,0,0,0,0,0,0,0,0,0,0,0,0,0,0,0,0,0,0,0,0,0,0,0,0,0,0,0,0,0,0,0,0,0,0,0,0,0,0,0,0,0,0,0,0,0,0,0,0,0,0,0,0,117.517,0,0,0,0,0,0,0,0,0,0,0,0,0,0,0,0,0,0,0,0,0,0,0,0,2.3635,0,0,0,0,0,0,0,0,3.07834,0,4.34068,0,0,0,0,23.5456,0,1.75489,4.58825,0,7.04648,6.43579,47.1712,12.8373,3.27317,63.2086,17.3129,27.55,22.4002,81.0044
TP5L12,10.02666159,0,0,0,0,0,0,0,0,0,0,0,0,0,0,0,0,0,0,0,0,0,0,0,0,0,0,0,0,0,0,0,0,0,0,0,0,0,0,0,0,0,0,0,0,0,0,0,0,0,0,0,0,0,0,0,0,0,0,0,0,0,0,0,0,0,0,0,0,0,0,0,0,0,0,0,0,0,0,0,0,0,0,0,0,0,0,0,0,0,0,0,0,0,7.27858,0,0,5.1874,0,0,110.585,0,0,0,0,0,0,0,0,0,0,0,0,0,0,0,0,0,0,0,0,0,0,0,0,0,0,0,0,0,0,0,0.976009,0,0,0,0,0,0,0,0,0,0,0,0,0,0,0,0,0,0,0,0,0,0,0,0,0,0,0,0,0,0,0,0,0,0,0,0,0,0,0,0,0,0,0,0,0,0,0,0,0,0,0,0,0,0,0,0,0,0,0,0,0,0,0,0,0,0,0,0,8.21096,3.98796,0,0,0,0,0,0,0,0,0,0,0,0,0,0,0,0,0,37.0692,0,0,0,0,0,0,0,0,0,0,0,0,0,0,0,0,0,0,0,0,0,0,0,0,0,0,0,0,0,0,0,0,0,0,0,0,0,0,0,0,0,0,0,0,0,0,0,0,33.5221,0,0,0,0,0,0,0,0,0,0,0,0,0,0,0,0,0,0,0,0,0,0,0,0,0,0,0,0,0,0,0,0,0,0,0,0,0,0,0,0,0,0,0,0,0,0,0,0,0,0,0,0,0,0,0,0,0,0,0,0,0,0,0,0,0,0,0,0,0,0,0,0,0,0,0,0,0,0,0,0,0,0,0,0,0,0,0,0,0,0,0,0,0,0,0,0,0,0,0,0,0,0,0,0,0,0,0,0,0,0,0,0,0,0,0,0,0,0,0,0,0,0,0,0,0,0,0,0,0,0,2.07724,0,0,0,0,0,0,0,0,0,0,0,0,0,0,0,4.48012,0,0,0,0,0,0,0,0,0,0,0,0,0,0,0,0,0,0,0,0,0,0,0,0,0,0,0,0,0,0,0,0,0,0,0,0,0,0,0,0,0,0,0,0,0,2.2389,0,0,0,0,0,0,0,0,0,0,0,0,0,0,0,0,0,0,0,0,0,0,0,0,0,0,0,0,0,0,0,0,0,0,0,0,0,0,0,0,0,0,0,0,0,0,0,0,0,0,0,0,0,0,0.28667,0,0,0,0,0,0,0,0,0,0,0,0,0,0,0,0,0,0,0,0,0,0,0,36.6444,92.1579,0,0,0,0,0,0,0,0,7.16548,0,154.898,0,3.26831,0,0,1.66227,0,13.5893,0,1.58739,0,0,18.2591,111.441,13.6352,0,7.972,16.3258,15.1043,42.5568
TP5L20,16.88259109,0,0,0,0,0,0,0,0,0,0,0,0,0,0,0,0,0,0,0,0,0,0,0,0,0,0,0,0,0,0,0,0,0,0,0,0,0,0,0,0,0,0,0,0,0,0,0,0,0,0,0,0,0,0,0,0,0,0,0,0,0,0,0,0,0,0,0,0,0,0,0,0,0,0,0,0,0,0,11.6125,0,0,0,0,0,0,0,0,0,0,0,0,0,0,0,0,0,0,1.2618,0,0,0,0,0,0,0,0,0,0,0,0,0,0,0,0,0,0,0,0,0,0,0,0,0,0,0,0,0,0,0,0,0,3.07159,0,0,0,0,0,0,0,0,0,0,0,0,0,0,0,0,0,0,0,0,0,0,0,0,0,0,0,0,0,0,0,0,0,0,0,0,0,0,0,0,0,0,0,0,0,0,0,0,0,0,0,0,0,0,0,0,0,0,0,0,0,0,0,0,0,0,0,0,0,0,0,0,0,0,0,0,0,0,0,0,0,0,0,0,0,0,0,0,0,0,0,0,0,0,0,0,0,0,0,0,0,0,0,0,0,0,0,0,0,0,0,0,0,0,0,0,0,0,0,0,0,0,0,0,0,0,0,0,0,0,0,0,0,0,0,0,0,0,0,0,0,0,0,0,0,0,0,0,0,0,0,0,0,0,0,0,0,0,0,0,0,0,0,0,0,0,0,0,0,0,0,0,0,0,0,0,0,0,0,0,0,0,0,0,0,0,0,0,0,0,0,0,0,0,0,0,0,0,0,0,0,0,0,0,0,0,0,0,0,0,0,0,0,0,0,0,0,0,0,0,0,0,0,0,0,0,0,0,0,0,0,0,0,0,0,0,0,0,0,0,0,0,0,0,0,0,0,0,0,0,0,0,0,0,0,0,0,0,0,0,0,0,0,0,0,0,0,5.39768,0,0,0,0,0,0,0,0,0,0,0,0,0,0,0,0,0,0,0,0,0,0,0,0,0,0,0,0,0,0,0,0,0,0,0,0,0,0,0,0,0,0,0,0,0,0,0,0,0,0,0,0,0,0,0,0,0,0,0,0,0,0,0,0,0,0,0,0,0,0,0,0,0,0,0,0,0,0,0,0,0,0,0,0,0,0,0,0,0,0,0,0,0,0,0,0,0,0,0,0,0,0,0,0,0,0,0,0,0,0,0,0,0,0,0,0,72.4509,0,0,0,0,0,0,0,0,0,0,0,0,0,0,0,0,0,0,0,0,0,0,0,0,1.31962,0,0,0,0,0,0,0,0,0,0,2.62118,0,0,0,0,0,0,7.18659,5.54135,0,8.51022,0,40.6539,5.168,15.8124,111.038,12.5456,42.5968,33.6712,122.395
TP6L12,13.30830474,0,0,0,0,0,0,0,0,0,0,0,0,0,0,0,0,0,0,0,0,0,0,0,0,0,0,0,0,0,0,0,0,0,0,0,0,0,0,0,0,0,0,0,0,0,0,0,0,0,0,0,0,0,0,0,0,0,0,0,0,0,0,0,0,0,0,0,0,0,0,0,0,0,0,0,0,0,0,0,0,0,0,0,0,0,0,0,0,0,0,0,0,0,0,0,0,0,0,0,0,0,0,0,0,0,0,0,0,0,0,0,0,0,0,0,0,0,0,0,0,0,0,0,0,0,0,0,0,0,0,0,0.850813,0,0,0,0,0,0,0,0,0,0,0,0,0,0,0,0,0,0,0,0,0,0,0,0,0,0,0,0,0,0,0,0,0,0,0,0,0,0,0,0,0,0,0,0,0,0,0,0,0,0,0,0,0,0,0,0,0,0,0,0,0,0,0,0,0,0,0,0,0,0,0,0,0,0,0,0,0,0,0,0,0,0,0,0,0,0,0,0,0,0,0,0,0,0,0,0,0,0,0,0,0,0,0,0,0,0,0,0,0,0,0,0,0,0,0,0,0,0,0,0,0,0,0,0,0,0,0,0,0,0,0,0,0,0,0,0,0,0,0,0,0,0,0,0,0,0,0,0,0,0,0,0,0,0,0,0,0,0,0,0,0,0,0,0,0,0,0,0,0,0,0,0,0,0,0,0,0,0,0,0,0,0,0,0,0,0,0,0,0,0,0,0,0,0,0,0,0,0,0,0,0,0,0,0,0,0,0,0,0,0,0,0,0,0,0,0,0,0,0,0,0,0,0,0,0,0,0,0,0,0,0,0,0,0,0,0,0,0,0,0,0,0,0,0,0,0,0,0,0,0,0,0,0,0,0,0,0,0,0,0,0,0,0,0,0,0,0,0,0,0,0,0,0,0,0,0,0,0,0,0,0,0,0,0,0,0,0,0,0,0,0,0,0,0,0,0,0,0,0,0,0,0,0,0,0,0,0,0,0,0,0,0,0,0,0,0,0,0,0,0,0,0,0,0,0,0,0,0,0,0,0,0,0,0,0,0,0,0,0,0,0,0,0,0,0,0,0,0,0,0,0,0,0,0,0,0,0,0,0,0,0,0,0,0,0,0,0,0,0,0,0,0,0,0,0,0,0,0,0,0,0,0,0,0,69.0443,0,0,0,0,0,0,0,0,0,0,0,0,0,0,0,0,0,0,0,0,0,0,0,5.15645,3.46779,0,0,0,0,0,0,0,0,4.31787,0,9.13276,0,2.10262,0,0,0,0,4.74917,0,0,9.88382,0,20.2649,8.93646,6.12154,56.4202,24.2841,32.7307,30.7155,107.628
TP6L20,15.39692172,0,0,0,0,0,0,0,0,0,0,0,0,0,0,0,0,0,0,0,0,0,0,0,0,0,0,0,0,0,0,0,0,0,0,0,0,0,0,0,0,0,0,0,0,0,0,0,0,0,0,0,0,0,0,0,0,0,0,0,0,0,0,0,0,0,0,0,0,0,0,0,0,0,0,0,0,0,0,0,0,0,0,0,0,0,0,0,0,0,0,0,0,0,0,0,0,0,0,0,0,0,0,0,0,0,0,0,0,0,0,0,0,0,0,0,0,0,0,0,0,0,0,0,0,0,0,0,0,0,0,0,0,0,0,0,0,0,0,0,0,0,0,0,0,0,0,0,0,0,0,0,0,0,0,0,0,0,0,0,0,0,0,0,0,0,0,0,0,0,0,0,0,0,0,0,0,0,0,0,0,0,0,0,0,0,0,0,0,0,0,0,0,0,0,0,0,0,0,0,0,0,0,0,0,0,0,0,0,0,0,0,0,0,0,0,0,0,0,0,0,0,0,0,0,0,0,0,0,0,0,0,0,0,0,0,0,0,0,0,0,0,0,0,0,0,0,0,0,0,0,0,0,0,0,0,0,0,0,0,0,0,0,0,0,0,0,0,0,0,0,0,0,0,0,0,0,0,0,0,0,0,0,0,0,0,0,0,0,0,0,0,0,0,0,0,0,0,0,0,0,0,0,0,0,0,0,0,0,0,0,0,0,0,0,0,0,0,0,0,0,0,0,0,0,0,0,0,0,11.1171,0,0,0,0,0,0,0,0,0,0,0,0,0,0,0,0,0,0,0,0,0,0,0,0,0,0,0,0,0,0,0,0,0,0,0,0,0,0,0,0,0,0,0,0,0,0,0,0,0,0,0,0,0,0,0,0,0,0,0,0,0,0,0,0,0,0,0,0,0,0,0,0,0,0,0,0,0,0,0,0,0,0,0,0,0,0,0,0,0,0,0,0,0,0,0,0,0,0,0,0,0,0,0,0,0,0,0,0,0,0,0,0,0,0,0,0,0,0,0,0,0,0,0,0,0,0,0,0,0,0,0,0,7.0423,0,0,0,35.8907,0,0,0,0,0,0,0,0,0,0,0,0,0,0,0,0,0,0,0,0,0,0,0,0,0,0,0,0,0,0,0,0,0,0,0,0,0,0,0,0,0,0,0,0,0,0,0,0,0,0,39.116,0,0,0,13.442,0,0,0,0,0,0,0,0,0,0,0,0,0,0,0,0,0,0,0,5.38497,1.88074,0,11.1522,0,0,0,0,0,0,9.01845,0,0,0,10.979,0,0,0,0,2.29846,6.72098,5.05033,25.8046,9.42729,22.5519,0,36.7588,202.013,20.2883,27.2841,30.3819,108.157
TP6L1,7.717756906,0,0,0,0,0,0,0,0,0,0,0,0,0,0,0,0,0,0,0,0,0,0,0,0,0,0,0,0,0,0,0,0,0,0,0,0,0,0,0,0,0,0,0,0,0,0,0,0,0,0,0,0,0,0,0,0,0,0,0,0,0,0,0,0,0,0,0,0,0,0,0,0,0,0,0,0,0,0,0,0,0,0,0,0,0,0,0,0,0,0,0,0,0,0,0,0,0,0,0,0,0,0,0,0,0,0,0,0,0,0,0,0,0,0,0,0,0,0,0,0,0,0,0,0,0,0,0,0,0,0,0,0,0,0,0,0,0,0,0,0,0,0,0,0,0,0,0,0,0,0,0,0,0,0,0,0,0,0,0,0,0,0,0,0,0,0,0,0,0,0,0,0,0,0,0,0,0,0,0,0,0,0,0,0,0,0,0,0,0,0,0,0,0,0,0,0,0,0,0,0,0,0,0,0,0,0,0,0,0,0,0,0,0,0,0,0,0,0,0,0,0,0,0,0,0,0,0,0,0,0,0,0,0,0,0,0,0,0,0,0,0,0,0,0,0,0,0,0,0,0,0,0,0,0,0,0,0,0,0,0,0,0,0,0,0,0,0,0,0,0,0,0,0,0,0,0,0,0,0,0,0,0,0,0,0,0,0,0,0,0,0,0,0,0,0,0,0,0,0,0,0,0,0,0,0,0,0,0,0,0,0,0,0,0,0,0,0,0,0,0,0,0,0,0,0,0,0,0,0,0,0,0,0,0,0,0,0,0,0,0,0,0,0,0,0,0,0,0,0,0,0,0,0,0,0,0,0,0,0,0,0,0,0,0,0,0,0,0,0,0,0,0,0,0,0,0,0,0,0,0,0,0,0,0,0,0,0,0,0,0,0,0,0,0,0,0,0,0,0,0,0,0,0,0,0,0,0,0,0,0,0,0,0,0,0,0,0,0,0,0,0,0,0,0,0,0,0,0,0,0,0,0,0,0,0,0,0,0,0,0,0,0,0,0,0,0,0,0,0,0,0,0,0,0,0,0,0,0,0,0,0,0,0,0,0,0,0,0,0,0,0,0,0,0,0,0,0,0,0,0,0,0,0,0,0,0,0,0,0,0,0,0,0,0,0,0,0,0,0,0,0,0,0,0,0,0,0,0,0,0,0,0,0,0,0,0,109.266,0,0,0,0,0,0,0,0,0,0,0,0,0,0,0,0,0,0,0,0,0,0,0,6.45773,1.79216,0,0,0,0,0,0,0,0,10.8151,0,7.625,0,0,0,0,3.36385,0,6.30468,8.05989,0,0,11.3053,30.2899,7.51685,15.3327,80.7524,0,15.7686,17.4885,53.407
TP7L12,18.10344828,0,0,0,0,0,0,0,0,0,0,0,0,0,0,0,0,0,0,0,0,0,0,0,0,0,0,0,0,0,0,0,0,0,0,0,0,0,0,0,0,0,0,0,0,0,0,0,0,0,0,0,0,0,0,0,0,0,0,0,0,0,0,0,0,0,0,0,0,0,0,0,0,0,0,0,0,0,0,0,0,0,0,0,0,0,0,0,0,0,0,0,0,0,0,0,0,0,0,0,0,0,0,0,0,0,0,0,0,0,0,0,0,0,0,0,0,0,0,0,5.70863,0,0,0,0,0,0,0,0,0,0,0,0,0,0,0,0,0,0,0,0,0,0,0,0,0,0,0,0,0,0,0,0,0,0,0,0,0,0,0,0,0,0,0,0,0,0,0,0,0,0,0,0,0,0,0,0,0,0,0,0,0,0,0,0,0,0,0,0,0,0,0,0,0,0,0,0,0,0,0,0,0,0,0,0,0,0,0,0,0,0,0,0,0,0,0,0,0,0,0,0,0,0,0,0,0,0,0,0,0,0,0,0,0,0,0,0,0,0,0,0,0,0,0,0,0,0,0,0,0,0,0,0,0,0,0,0,0,0,0,0,0,0,0,0,0,0,0,0,0,0,0,0,0,0,0,0,0,0,0,0,0,0,0,0,0,0,0,0,0,0,0,0,0,0,0,0,0,0,0,0,0,0,0,0,0,0,0,0,0,0,0,0,0,0,0,0,0,0,0,0,0,0,0,0,0,0,0,0,0,0,0,0,0,0,0,0,0,0,0,0,0,0,0,0,0,0,0,0,0,0,0,0,0,0,0,0,6.9455,0,0,0,0,0,0,0,0,0,0,0,0,0,0,0,0,0,0,0,0,0,0,0,4.55087,0,0,0,0,0,0,0,0,0,0,0,0,0,0,0,0,0,0,70.2267,0,0,0,0,0,0,0,0,0,0,0,0,0,0,0,0,0,0,0,0,0,0,0,0,2.64664,0,0,3.95809,0,129.498,0,0,0,0,0,0,0,0,0,0,0,0,0,0,0,0,0,0,0,0,0,0,0,0,0,0,0,0,0,0,0,81.3537,0,0,0,14.8077,0,0,0,0,0,0,0,0,0,0,0,0,0,0,0,0,0,0,0,0,0,0,0,0,0,0,0,0,0,0,0,0,0,0,0,0,0,0,0,0,0,0,0,0,0,0,0,0,0,0,71.5657,0,0,0,0,0,0,0,0,0,0,0,0,0,0,0,0,0,0,0,0,0,0,0,6.66514,0,0,0,0,0,0,4.01253,0,0,0,0,0.000464,0,148.573,0,0,34.5916,4.70502,0,0,16.6692,42.5855,7.77896,34.2401,20.6887,34.2879,173.637,16.7409,26.8812,29.215,59.1952
TP8L20,30.76238835,0,0,0,0,0,0,0,0,0,0,0,0,0,0,0,0,0,0,0,0,0,0,0,0,0,0,0,0,0,0,0,0,0,0,0,0,0,0,0,0,0,0,0,0,0,0,0,0,0,0,0,0,0,0,0,0,0,0,0,0,0,0,0,0,0,0,0,0,0,0,0,0,0,0,0,0,0,0,0,0,0,0,0,0,0,0,0,0,0,0,0,0,0,0,0,0,0,0,0,0,0,0,0,0,0,0,0,0,0,0,0,0,0,0,0,0,0,0,0,0,0,0,0,0,0,0,0,0,0,0,0,0,0,0,0,0,0,0,0,0,0,0,0,0,0,0,0,0,0,0,0,0,0,0,0,0,0,0,0,0,0,0,0,0,0,11.5192,0,0,0,0,0,0,0,0,0,0,0,0,0,0,0,0,0,0,0,0,0,0,0,0,0,0,0,0,0,0,0,0,0,0,0,0,0,0,0,0,0,0,0,0,0,0,0,0,0,0,0,0,0,0,0,0,0,0,0,0,0,0,0,0,0,0,0,0,0,0,0,0,0,0,0,0,0,0,0,0,0,0,0,0,0,0,0,0,0,0,0,0,0,0,0,0,0,0,0,0,0,0,0,0,0,0,0,0,0,0,0,0,0,0,0,0,0,0,0,0,0,0,0,0,0,0,0,0,0,0,0,0,0,0,0,0,0,0,0,0,0,0,0,0,0,0,0,0,0,0,0,0,0,0,0,0,0,0,0,0,0,0,0,0,0,0,0,0,0,0,0,0,0,0,0,0,0,0,0,0,0,0,0,0,0,0,0,0,0,0,0,0,0,0,0,0,0,0,0,0,0,0,0,0,0,0,0,0,0,0,0,0,0,0,0,0,0,0,0,0,0,0,0,0,0,0,0,0,0,0,0,0,0,0,0,0,0,0,0,0,0,0,0,0,0,0,0,0,0,0,0,0,0,0,0,0,0,0,4.32925,0,0,0,0,0,0,0,0,0,0,0,0,0,0,0,0,0,0,0,0,0,0,0,0,0,0,0,0,0,0,0,0,0,0,0,0,0,0,3.34358,0,0,0,0,0,0,0,0,0,0,0,0,0,0,0,0,0,0,0,0,0,0,0,0,0,0,0,0,0,0,0,0,0,0,0,0,0,0,0,0,0,0,0,0,0,0,0,0,0,0,0,0,0,4.30753,0,0,0,0,0,0,0,0,0,0,0,0,0,0,0,0,0,0,0,5.62353,0,0,0,0,0,0,0,0,0,0,0,47.7718,9.10955,3.76682,8.5548,10.0307,15.5258,3.45687,2.65695,0,0,5.85434,6.78887,0,5.21306,66.6576,15.4902,6.33146,100.09,123.283,112.713,18.2813,28.2337,107.107
TP8L12,22.46940148,0,0,0,0,0,0,0,0,0,0,0,0,0,0,0,0,0,0,0,0,0,0,0,0,0,0,0,0,0,0,0,0,0,0,0,0,0,0,0,0,0,0,0,0,0,0,0,0,0,0,0,0,0,0,0,0,0,0,0,0,0,0,0,0,0,0,0,0,0,0,0,0,0,0,0,0,0,0,0,0,0,0,0,0,0,0,0,0,0,0,0,0,0,0,0,0,0,0,0,0,0,0,0,0,0,0,0,0,0,0,0,0,0,0,0,0,0,0,0,0,0,0,0,0,0,0,0,0,0,0,0,0,0,0,4.87396,0,0,0,50.4173,0,0,0,0,0,0,0,0,0,0,0,0,0,0,0,0,387.098,0,0,0,0,0,0,0,0,0,62.8427,0,0,0,0,0,0,0,0,0,0,0,0,0,0,0,0,0,0,0,0,0,0,0,0,0,0,0,0,0,0,0,0,0,0,0,0,0,0,0,0,0,0,0,0,0,0,0,0,0,0,0,0,0,0,0,0,0,0,0,0,0,0,0,0,0,0,0,0,0,0,0,0,0,0,0,0,0,0,0,0,0,0,0,0,0,0,0,0,0,0,0,0,0,0,0,0,0,0,0,0,0,0,0,0,0,0,0,0,0,7.28543,0,0,0,0,0,0,0,0,0,0,0,0,0,0,0,0,0,0,0,0,0,0,0,0,0,0,0,0,0,0,0,0,0,0,0,0,0,0,0,0,0,0,0,0,0,0,0,0,0,0,0,0,0,0,0,0,0,0,0,0,0,0,9.56369,0,0,0,0,0,0,0,0,0,0,0,0,0,0,0,0,0,0,0,0,0,0,0,0,0,0,0,0,0,0,0,0,0,0,0,0,0,0,0,0,0,0,0,0,0,0,0,0,0,0,0,0,0,0,0,0,0,0,0,0,20.6151,0,0,0,0,0,0,0,0,0,0,0,0,0,0,0,0,0,0,0,0,0,0,0,0,5.05088,0,0,0,0,32.5121,0,0,0,0,0,0,0,0,0,0,0,0,0,0,0,0,0,0,0,0,0,0,0,0,0,0,0,0,0,0,0,0,14.0913,0,0,21.1906,0,0,0,0,0,0,0,0,0,0,0,0,0,0,0,0,0,0,0,0,0,0,0,3.62374,0,0,0,0,0,0,0,0,0,0,0,0,0,0,0,0,0,0,0,0,0,0,0,0,0,0,10.1741,0,0,0,10.5819,2.13915,0,0,0,0,0,0,0,0,0,0,0,10.4625,0,0,20.447,0,0,0,2.1196,0,0,8.77929,0,0,5.85902,0,0,0,0,0,0,7.81751,29.3861,0,0,39.4309,0,0,0,47.7091,40.6282,45.5825,14.9129,9.86891,81.7799,278.303,43.9216,11.3981,22.9607,140.183
TP8L1,20.61092908,0,0,0,0,0,0,0,0,0,0,0,0,0,0,0,0,0,0,0,0,0,0,0,0,0,0,0,0,0,0,0,0,0,0,0,0,0,0,0,0,0,0,0,0,0,0,0,0,0,0,0,0,0,0,0,0,0,0,0,0,0,0,0,0,0,0,0,0,0,0,0,0,0,0,0,0,0,0,0,0,0,0,0,0,0,0,0,0,0,0,0,0,0,0,0,0,0,0,0,0,0,0,0,0,0,0,0,0,0,0,0,0,0,0,0,0,0,0,0,0,0,0,0,0,0,0,0,0,0,0,0,0,0,0,0,0,0,0,0,0,0,0,0,0,0,0,0,0,0,0,0,0,0,0,0,0,0,0,0,0,0,0,0,0,0,0,0,0,0,0,0,0,0,0,0,9.88249,0,0,0,7.59508,0,0,0,0,0,0,0,0,0,0,0,0,0,0,0,0,0,0,0,0,0,0,0,0,0,0,0,0,0,0,0,0,0,0,0,0,0,0,0,0,0,0,0,0,0,0,0,0,0,0,0,0,0,0,0,0,0,0,0,0,0,0,0,0,0,0,0,0,0,0,0,0,0,0,0,0,0,0,0,0,0,0,0,0,0,0,0,0,2.55466,0,0,0,0,0,0,0,0,0,0,0,0,0,0,0,0,0,0,0,0,0,0,0,0,0,0,0,0,0,0,0,0,0,0,0,0,0,0,0,0,0,0,0,0,0,0,0,0,0,0,0,0,0,0,0,0,0,0,0,0,0,0,0,0,0,0,0,0,0,0,0,0,0,0,0,0,0,0,0,0,0,0,0,0,0,0,0,0,0,0,0,0,0,0,0,0,0,0,0,0,0,0,0,0,0,0,0,0,0,0,0,0,0,0,0,0,0,0,0,0,0,0,0,0,0,0,0,0,0,0,0,0,0,0,0,0,0,0,0,0,0,0,0,0,0,0,0,0,0,0,0,0,0,0,0,0,0,0,0,0,0,0,0,0,0,0,0,0,0,0,0,0,0,0,0,0,0,0,0,0,0,0,0,0,0,0,0,0,0,0,0,0,0,0,0,0,0,0,0,0,0,0,0,0,0,0,0,0,0,0,0,0,0,0,0,0,0,0,0,0,0,0,0,0,0,0,0,0,0,11.1178,0,0,12.5178,0,0,0,0,0,0,0,0,0,0,0,0,0,0,0,0,3.75118,0,12.851,0,0,0,0,10.7981,0,0,0,0,0,0,0,12.7061,0,0,0,0,0,0,0,3.1041,0,0,0,0,7.1154,0,0,11.3037,0,0,18.2364,18.9877,20.9926,0,0,50.8276,5.45131,6.89894,0,0,24.6702,45.0642,28.4598,11.9852,113.068,229.344,96.9817,28.3831,18.9833,135.841
TP9L12,63.64998777,0,0,0,0,0,0,0,0,0,0,0,0,0,0,0,0,0,0,0,0,0,0,0,0,0,0,0,0,0,0,0,0,0,0,0,0,0,0,0,0,0,0,0,8.52195,0,0,0,0,0,0,0,0,0,0,0,0,0,0,0,0,0,0,0,0,0,0,0,0,0,0,0,0,0,0,0,0,0,0,0,0,0,0,0,0,0,0,0,0,0,0,0,0,0,0,0,0,0,0,0,0,0,0,0,0,0,0,0,0,0,0,0,0,0,0,0,0,0,0,0,0,0,0,0,0,0,0,0,0,0,0,0,0,0,0,72.7127,0,0,0,32.2352,0,0,0,0,0,0,0,0,0,0,0,0,0,0,0,0,164.999,0,0,0,0,0,0,0,0,0,57.3995,0,0,0,0,0,0,0,11.7219,0,0,0,10.9839,0,0,0,0,0,0,0,9.91853,0,0,0,0,0,0,0,0,0,0,0,0,0,0,11.3626,0,0,0,0,0,0,0,0,0,9.59754,0,0,0,0,0,0,0,0,0,0,0,0,0,0,0,0,0,0,0,0,0,0,0,0,0,0,0,0,0,0,0,0,0,0,0,0,0,0,0,0,0,0,0,0,0,0,0,0,0,0,0,0,0,0,0,0,0,0,0,0,0,0,0,0,0,0,0,0,0,0,0,0,0,0,0,0,0,0,0,0,0,0,0,17.6526,0,0,0,0,9.91853,0,0,0,0,0,0,0,0,0,0,0,0,0,0,0,0,0,0,0,0,0,0,0,0,0,0,0,0,0,0,0,0,0,0,0,0,0,0,0,0,0,7.39561,0,0,0,0,0,0,0,0,0,0,0,5.0956,0,0,0,0,0,0,0,0,0,0,0,0,0,0,9.82,0,0,0,0,0,0,0,0,0,0,0,0,0,0,0,1.27566,0,0,0,0,0,0,0,0,0,0,0,0,0,0,60.4112,0,0,0,0,0,0,0,0,0,0,0,0,0,0,0,0,0,0,0,0,0,5.71414,0,0,0,0,0,4.02393,4.15356,20.7872,0,0,0,0,6.0155,0,0,0,0,0,0,0,0,0,0,0,0,0,11.4947,0,0,0,0,0,0,0,0,0,0,0,0,35.4459,0,0,5.8036,37.635,7.683,0,0,6.56115,0,0,0,0,0,0,7.61397,0,0,0,6.75544,0,16.2501,0,0,3.3893,0,0,0,0,0,0,0,0,0,25.2753,0,0,0,3.19229,0,0,0,3.87412,0,0,0,17.1822,11.1911,13.3889,0,0,3.79238,0,8.29936,0,0,7.15474,3.2915,0,22.5524,0,8.70966,0,4.09336,0,11.4503,4.04038,0,46.1578,8.82631,4.91814,6.04616,40.7084,6.61095,31.8361,0,14.0109,13.5541,6.49647,0,0,0,28.066,16.2057,33.4214,43.7042,19.5525,13.4192,50.1441,18.9135,25.0265,18.6686,124.502,36.8402,8.6127,11.0329,0,47.8329,3.87058,5.6381,114.389,34.6352,281.844,16.6481,10.5165,38.8804,112.977,110.626,14.1703,15.2921,99.8919
TP9L20,46.94466931,0,0,0,0,0,0,0,0,0,0,0,0,0,0,0,0,0,0,0,0,0,0,0,0,0,0,0,0,0,0,0,0,0,0,0,0,0,0,0,0,0,0,0,0,0,0,0,0,0,0,0,0,0,0,0,0,0,0,0,0,0,0,0,0,0,0,0,0,0,0,0,0,0,0,0,0,0,0,0,0,0,0,0,0,0,0,0,0,0,0,0,0,0,0,0,0,0,0,0,0,0,0,0,0,0,0,0,0,0,0,0,0,0,0,0,0,0,0,0,0,0,0,0,0,0,0,0,0,0,0,0,0,0,0,0,0,0,0,9.43354,0,0,0,0,0,0,0,0,0,0,0,0,0,0,0,0,0,0,0,0,0,0,0,0,0,0,16.7978,0,0,0,0,0,0,0,0,0,0,0,0,0,0,0,0,0,0,0,0,0,0,0,0,0,0,0,0,0,0,0,0,0,0,0,9.60759,0,0,0,0,0,0,0,0,0,0,0,0,0,0,0,0,0,0,0,0,0,0,0,0,0,0,0,0,0,0,0,0,0,0,0,0,0,0,0,0,0,0,0,7.05598,0,0,0,0,0,0,0,0,0,0,0,0,0,0,0,0,0,0,0,0,0,0,0,0,0,0,0,0,0,0,0,0,0,0,0,0,0,0,0,0,0,0,0,0,0,0,0,0,30.9959,0,0,0,0,0,0,0,0,0,0,0,0,0,0,0,0,0,0,0,0,0,0,0,0,5.68484,0,0,0,0,0,0,0,0,0,0,0,0,0,0,0,0,0,0,8.94728,0,0,6.49291,0,0,0,0,0,0,0,0,0,0,0,0,0,0,0,0,0,0,0,0,0,0,0,0,0,0,0,0,0,0,0,0,0,0,0,0,0,0,0,0,0,0,0,0,0,0,0,0,0,0,0,0,0,0,0,0,0,14.4648,0,0,0,0,0,0,0,0,0,0,0,0,0,0,0,0,0,8.37189,0,0,0,0,0,0,14.176,6.18446,0,7.06556,0,0,0,0,0,0,0,0,0,0,0,0,0,7.33425,0,0,0,6.59154,0,8.53659,10.0917,0,0,0,4.07458,0,0,0,0,0,0,0,0,15.5597,0,0,0,19.8248,0,0,11.3697,11.5206,0,0,7.47462,0,0,8.11108,0,0,0,0,5.93088,0,0,0,0,0,0,0,5.50456,0,0,0,0,0,0,0,0,0,0,0,0,0,0,0,0,9.43354,0,0,2.45628,0,0,0,0,0,2.42879,8.85598,44.7364,3.14072,2.88974,6.47676,128.698,2.00128,5.32446,0,3.59373,0,0,0,2.53274,0,0,4.31784,7.96226,0,0,12.5176,46.5763,8.2005,0,5.70352,9.91492,1.45255,7.59084,0,9.48509,10.3183,21.9255,13.6857,35.3438,47.753,3.32099,3.73017,0,53.3052,35.5779,2.52048,9.68623,16.3109,67.1912,5.01917,14.8498,18.5976,117.83,322.967,16.6092,11.541,80.0401,173.577,134.479,20.9231,19.6908,78.0092
TP9L1,47.88604879,0,0,0,0,0,0,0,0,0,0,0,0,0,0,0,0,0,0,0,0,0,0,0,0,0,0,0,0,0,0,0,0,0,0,0,0,0,0,0,0,0,0,0,0,0,0,0,0,0,0,0,0,0,0,0,0,0,0,0,0,0,0,0,0,0,0,0,0,0,0,0,0,0,0,0,0,0,0,0,0,0,0,0,0,0,0,0,0,0,0,0,0,0,0,0,0,0,0,0,0,0,0,0,0,0,0,0,0,0,0,0,0,0,0,0,0,0,0,0,0,0,0,0,0,0,0,0,0,2.90594,0,0,0,0,0,0,0,0,0,0,0,0,0,0,0,0,0,0,0,0,0,0,0,0,0,0,7.16486,0,0,0,0,0,0,0,0,0,0,0,0,0,0,0,0,0,0,0,0,0,0,0,0,0,0,0,0,0,0,0,0,0,0,0,0,0,0,0,0,0,0,0,0,0,0,0,0,0,0,0,0,0,0,0,0,0,0,0,0,0,0,0,1.8836,0,0,0,0,0,0,0,0,0,0,0,0,0,0,0,0,0,0,0,0,0,0,0,0,0,0,0,0,0,0,0,0,0,0,0,0,0,0,0,0,0,0,0,0,0,0,0,0,1.84943,0,0,0,0,0,0,0,0,0,0,0,0,0,0,0,0,0,0,0,0,0,0,0,0,0,0,0,0,0,0,0,0,0,0,0,0,0,0,0,0,0,0,0,0,0,0,0,0,0,0,0,0,0,0,0,0,0,0,0,0,0,0,0,0,0,0,0,0,0,10.2392,0,0,0,0,0,0,0,0,0,0,0,0,0,0,0,0,0,0,0,0,0,0,0,0,0,0,0,0,0,0,0,0,0,0,0,0,0,0,0,0,0,0,0,0,0,0,0,0,0,0,0,0,0,0,0,0,0,0,0,0,45.3111,0,0,0,0,0,0,0,0,0,0,0,0,0,0,0,0,0,0,0,0,0,0,0,0,6.6811,0,0,0,0,68.6019,0,0,0,0,0,0,0,0,0,0,0,0,0,0,7.26054,0,0,0,0,0,0,0,0,0,0,0,0,0,0,0,0,9.74821,0,0,0,149.044,0,0,0,0,0,0,0,0,0,0,0,3.0585,0,0,0,0,0,0,0,0,0,0,2.58647,0,0,0,0,0,0,0,0,5.11883,0,0,0,0,0,0,0,0,0,0,0,0,0,0,0,0,0,8.32245,13.0027,0,5.4313,12.1731,18.6069,0,2.50184,0,0,0,0,6.66703,2.38016,0,7.28214,0,0,0,0,23.5269,0,7.70646,2.23656,2.67996,1.86352,3.12149,0,0,8.91366,0,10.3023,8.77444,5.53575,8.18328,6.24184,12.9051,13.1822,65.8225,57.7506,2.36864,7.28214,15.5712,15.7858,5.13946,4.65171,34.9543,92.8713,135.113,26.2224,15.184,19.9107,104.863,49.1466,25.6155,9.25225,87.9872
TP10L20,90.44287468,0,0,0,0,0,0,0,0,0,0,0,0,0,0,0,0,0,0,0,0,0,0,0,0,0,0,0,0,0,0,0,0,0,0,0,0,0,0,0,0,0,0,0,0,0,0,0,0,0,0,0,0,0,0,0,0,0,0,0,0,0,0,0,0,0,0,0,0,0,0,0,0,0,0,0,0,0,0,0,0,0,0,0,0,0,0,0,0,0,0,0,0,0,0,0,0,0,0,0,0,0,0,0,0,0,0,0,0,0,0,0,0,0,0,0,0,0,0,0,0,0,0,0,0,0,0,0,0,0,0,0,0,0,0,0,0,0,0,0,0,0,0,0,0,0,0,0,0,0,0,0,0,0,0,0,0,0,0,0,0,0,0,0,0,0,4.42676,0,0,0,0.729557,0,0,0,0,0,0,0,0,0,0,0,0,0,0,0,0,0,0,0,0,0,0,0,0,0,0,0,0,0,0,0,5.06383,0,0,0,0,0,0,0,5.19809,0,0,0,0,0,0,0,0,0,0,0,0,0,5.17848,0,0,4.95414,4.27507,0,0,0,0,0,0,2.04211,0,0,0,0,0,0,0,0,0,0,18.5948,0,0,0,0,0,0,0,0,4.7158,0,0,0,0,0,0,0,0,0,0,0,0,0,0,0,0,0,0,0,0,10.7772,0,1.19747,0,0,0,0,2.84709,0,0,0,4.73206,0,0,0,0,0,0,0,4.08422,3.43074,0,0,0,0,0,0,0,0,0,0,0,0,0,0,0,0,0,0,0,0,0,0,0,0,0,0,3.51871,0,0,1.43396,0,6.35323,0,0,0,7.70953,0,0,0,0,0,0,0,4.08422,0,6.84437,0,0,0,20.9511,0,0,5.08258,0,0,0,2.49508,2.3579,0,0,0,0,0,0,0,0,0,0,6.96597,0,0,9.63015,0,0,9.05806,4.76492,0,0,0,8.79677,0,0,0,0,0,0,0,0,0,21.1774,0,0,0,2.56504,0,0,4.54403,2.84709,11.1267,0,5.16548,9.59648,0,10.1652,0,1.45679,0,2.73911,0,0,1.05318,0,4.81508,3.82255,7.95534,0,3.33082,0,1.1902,0,0,4.41253,0,2.32199,0,13.2206,8.88218,0,6.8355,0,0,0,5.76595,16.0315,6.03207,0,0,0,0,0,0,2.65435,0,0,0,3.86563,1.86961,2.08556,8.14419,10.4225,0,0,15.9569,0,0,0,6.44271,6.77677,1.62981,0,0,0,0,2.30638,3.63042,13.6683,4.39549,0,0,17.4149,0,0,0,3.03606,6.33855,0,6.55625,0,0,23.172,3.52323,6.86148,0,0,28.1336,0,0,4.58196,12.8492,6.27336,0,5.16873,2.90126,3.57369,2.88298,3.25189,0,0,0,14.0755,0,8.61274,2.25707,8.86306,0,12.1452,2.89514,0.89634,0,0,9.46412,1.59015,1.29462,3.09774,5.57844,11.7794,0,10.1777,3.84038,4.66768,0,0,4.56925,3.41367,198.279,3.1644,5.61267,5.97517,2.84119,21.9217,13.2461,9.34807,21.3587,74.7555,77.6001,20.482,19.5843,63.5172,11.9538,50.0547,82.0489,4.32219,27.2911,13.5276,0,0.694386,236.051,102.914,24.0947,36.6316,63.559,31.1061,105.561,99.8065,7.00151,31.8465,16.6735,121.148,16.1948,15.9415,34.6105,0.001019,66.4015,2.0863,5.21786,33.3272,232.389,328.763,14.7069,2.43315,12.4077,49.0106,57.097,16.7115,8.01961,32.1369
TP10L12,89.14550335,0,0,0,0,0,0,0,0,0,0,0,0,0,0,0,0,0,0,0,0,0,0,0,0,0,0,0,0,0,0,0,0,0,0,0,0,0,0,0,0,0,0,0,0,0,0,0,0,0,0,0,0,0,0,0,0,0,0,0,0,0,0,0,0,0,0,0,0,0,0,0,0,0,0,0,0,0,0,0,0,0,0,0,0,0,0,0,0,0,0,0,0,0,0,0,0,0,0,0,0,0,0,0,0,0,0,0,0,0,0,0,0,0,0,0,0,0,0,0,0,0,0,0,0,0,0,0,0,0,0,0,0,0,0,0,0,0,0,0,0,0,0,0,0,0,0,0,0,0,0,0,0,0,0,0,0,0,0,0,0,0,0,0,0,0,0,0,0,0,0,0,0,0,0,0,0,0,0,0,0,22.2104,0,0,0,0,0,0,0,0,0,0,0,0,0,0,0,0,0,0,0,0,0,0,0,0,0,0,0,0,0,0,0,0,0,0,0,0,0,0,0,0,0,0,11.1052,0,0,0,9.16785,0,0,0,0,0,0,4.37929,0,0,0,0,0,0,0,0,0,0,15.9506,0,0,0,0,0,0,0,0,0,0,0,0,0,0,0,0,0,0,0,0,0,0,2.2244,0,19.6848,0,0,5.5526,0,0,0,0,0,0,0,0,0,0,0,0,0,0,0,0,6.2748,0,0,0,0,7.3572,0,0,0,0,0,0,0,0,0,0,11.5861,5.09149,0,0,0,0,0,0,0,0,0,10.2898,0,0,7.43152,0,0,0,0,0,0,6.81222,0,0,0,0,0,21.6388,0,0,0,0,0,0,0,22.0166,0,0,0,0,7.7854,0,0,0,0,0,0,0,0,0,0,0,0,9.74464,0,0,0,0,0,0,0,10.3259,0,0,0,0,0,0,0,0,0,9.11108,0,0,0,0,0,11.0635,0,0,0,0,0,0,0,0,0,18.3167,7.95373,0,7.38489,10.2898,0,5.44978,0,3.12408,0,0,0,0,2.25854,4.12746,0,0,0,0,0,0,0,0,0,28.3879,0,4.97949,0,11.3406,9.52388,0,0,6.99022,0,0,12.365,0,12.9357,0,0,0,5.96933,0,0,11.3844,0,0,0,49.7388,0,0,0,0,0,0,11.4065,0,0,2.44832,4.60545,0,3.49511,3.92908,0,0,0,4.94602,7.7854,11.7246,16.9814,16.533,5.75906,0,7.62404,3.04331,6.4255,13.0216,20.3895,0,0,0,0,9.16785,0,3.6786,6.98192,3.49926,0,11.4956,0,0,16.533,10.0899,4.22828,5.54215,3.11087,0,12.365,0,0,1.56287,0,25.0814,9.55481,6.15665,0,6.33559,12.024,0,31.043,3.84439,0,10.6626,0,0,0,19.9292,7.17776,16.8405,22.5796,10.913,0,20.0196,18.9998,0,0,9.5396,111.897,4.52403,15.0454,8.54247,4.06195,28.2065,11.3625,0,25.7645,11.4509,70.0686,14.6412,5.99976,76.9636,11.1012,29.8769,73.3384,27.8067,5.38004,16.1165,4.48268,0,223.075,0,16.0813,23.4676,130.106,21.3938,73.2391,127.246,7.50735,24.8344,7.93943,134.53,10.9673,28.4887,52.5514,0,118.665,6.70209,11.1897,8.40823,180.439,439.742,18.0222,10.4357,3.99125,45.5446,63.3332,19.0835,12.8743,93.2634
TP10L1,78.8660257,0,0,0,0,0,0,0,0,0,0,0,0,0,0,0,0,0,0,0,0,0,0,0,0,0,0,0,0,0,0,0,0,0,0,0,0,0,0,0,0,0,0,0,0,0,0,0,0,0,0,0,0,0,0,0,0,0,0,0,0,0,0,0,0,0,0,0,0,0,0,0,0,0,0,0,0,0,0,0,0,0,0,0,0,0,0,0,0,0,0,0,0,0,0,0,0,0,0,0,0,0,3.28097,0,0,0,0,0,0,0,0,0,0,0,0,0,0,0,0,0,0,0,0,0,0,0,0,0,0,0,0,0,0,0,0,0,0,0,0,0,16.4161,0,0,14.1543,0,0,0,0,0,0,0,0,0,0,0,0,0,0,0,0,26.6133,0,0,22.3229,0,0,0,0,0,0,2.53966,4.46875,0,0,0,0,0,0,0,0,0,0,0,4.08298,0,0,0,0,0,0,0,0,0,0,0,0,0,0,0,0,0,0,0,0,0,0,0,0,0,0,0,0,0,0,0,0,0,0,0,0,0,0,0,0,0,0,0,0,0,0,0,0,0,0,0,0,0,0,0,0,0,0,0,0,0,0,0,0,0,0,0,0,0,0,0,0,0,0,0,0,0,0,0,0,0,0,0,0,0,0,0,0,0,0,0,0,0,0,0,0,0,0,0,0,0,0,0,0,0,0,0,0,0,0,0,0,0,0,0,0,7.98845,0,0,0,0,0,0,0,0,0,0,0,0,0,0,0,0,0,0,0,0,0,0,0,0,0,0,0,0,0,0,0,6.7094,0,0,0,0,0,0,41.0399,0,0,0,0,0,0,0,0,0,0,0,0,0,0,0,0,0,0,10.9818,0,0,0,0,29.1286,0,0,0,0,0,7.90909,0,0,0,0,0,0,0,0,0,0,0,0,63.4127,0,0,0,0,0,0,0,0,0,0,0,0,0,0,5.99384,0,0,97.3111,0,2.53561,0,0,0,0,0,0,0,0,0,0,0,0,0,0,0,0,0,0,0,4.60221,0,0,0,0,0,3.2409,0,94.8721,0,0,0,0,0,0,0,13.86,0,0,0,0,0,0,0,0,0,0,0,0,0,1.98714,0,0,0,0,0,0,0,0,0,61.8548,12.0939,0,18.697,333.426,0,0,0,21.1376,0,0,0,0,0,0,0,0,0,0,0,0,0,0,0,0,0,0,0,0,0,0,7.57067,0,0,0,7.75502,4.99696,0,0,0,0,0,0,0,8.65415,0,0,0,5.39175,1.94191,0,0,0,0,8.1243,19.014,0,0,0,27.2458,0,0,0,0,0,4.61109,0,0,0,14.2175,7.92221,9.73923,0,5.83283,11.4834,34.9408,0,6.54994,5.2323,5.45745,0,13.9274,7.53484,4.35072,0,0,18.1509,48.6355,15.9769,3.04661,7.55869,4.29594,1.9354,118.685,36.9959,3.55438,0.026732,77.0499,0,4.54096,27.2977,76.7124,136.244,21.3317,15.8142,6.47888,90.9922,13.7076,9.78244,3.86835,32.9553
TP11L20,93.2095607,0,0,0,0,0,0,0,0,0,0,0,0,0,0,0,0,0,0,0,0,0,0,0,0,0,0,1.05416,0,0,0,0,0,0,0,0,0,0,0,0,0,0,0,0,0,0,0,0,0,0,0,0,0,0,1.21433,0,0,0,0,0,0,0,0,0,0,0,0,0,0,0,0,0,0,0,0,0,0,0,0,0,0,0,0,0,0,0,0,0,0,0,0,0,0,1.67002,0,0,0,0,0,0,0,0,0,0,0,0,0,0,0,0,0,0,0,0,0,0,0,0,0,0,0,2.50237,0,0,0,0,0,0,0,0,0,0,0,0,0,0,0,0,2.03439,0,0,0,0,0,0,0,0,0,0,0,0,0,0,0,1.32978,0,0,0,0,0,0,0,0,0,0,0,0,0,2.67318,1.58231,0,0,0,0,0,0,4.58036,0,0,0,0,0,0,0,0,0,0,1.65941,4.92604,0,0,0,0,0,0,3.84885,0,0,0,0,0,0,0,0,0,0,2.52658,0,0,0,0,0,0,0,0,0,0,0,0,0,0,1.88279,0,1.0374,0,0,0,0,0,0,0,0,0,0,0,0,0,0,0,0,0,0,0,0,0,0,8.49042,14.5045,0,0,1.18673,4.71832,0,0,0,0,0,10.5133,0,0,0,0,0,0,1.00287,0,0,0,0,0.592019,0,2.61953,0,0,1.47781,0,0,0,0,1.26126,0,0,0,3.24996,0,0.942528,0,0,1.79642,0,0,0,0,0,2.0666,0,0,0,0,0,2.61953,0.957507,0,0,0,0,0,0,0,0,0,0,0,0,0,1.74053,0,0,0,0,3.42027,0,4.74692,2.00831,0,1.56336,0,0,0,2.46302,0,0,6.60034,0,0,0,5.94265,0,4.25674,0,0,0,3.90644,2.50637,4.23374,0,2.98947,0,0,0,0,2.1226,0.934655,4.27222,0,0,0,2.79729,5.40166,2.29353,0,3.4504,3.29093,4.77586,1.13349,3.97584,0,0,19.2375,2.59351,0,10.3398,8.15876,7.95168,0,0,1.67359,0,0,0,0,0,0,0,0,12.2005,0,0.619653,0,2.22196,0,0,1.61161,0,6.49993,6.3506,0,9.82736,10.9544,5.50609,2.90089,11.7958,0.831466,0,0,3.4504,1.73283,0.601106,0,8.24464,2.18173,22.7026,0,0,5.27435,0,0.369453,2.5652,20.1477,0,1.32528,1.70889,9.05481,0,4.54053,2.15149,3.72086,7.51053,3.18823,3.29093,10.98,5.16423,1.59519,2.94451,0.787969,1.58872,1.18853,1.54944,10.6048,8.01953,3.16461,1.00415,4.41263,4.26834,0,2.32416,5.94867,2.82759,17.976,21.2507,5.61463,2.18173,3.90969,9.80583,9.66964,1.86043,0,6.00952,0,0,3.94911,8.28826,3.12048,16.8904,5.86697,4.59828,0,2.02912,5.66979,10.2608,13.8627,12.6621,2.87252,4.49708,33.4718,13.8452,19.52,5.02722,7.83241,4.92334,0.931321,3.33702,3.05953,4.29173,11.7682,10.2672,5.3708,2.25069,7.37515,3.3118,4.07938,16.4546,14.3887,11.1714,3.74358,2.47079,10.2874,5.79905,8.1929,1.28822,9.27411,2.40013,21.399,11.5668,4.60429,6.95699,8.51349,6.75208,4.5379,3.69453,7.07215,5.73103,28.0129,3.00476,20.3313,5.11445,10.6563,0,17.0064,7.82372,7.39353,74.4526,14.8819,14.7147,11.3678,3.24323,40.0379,22.6807,6.40251,14.4762,39.6192,51.2836,38.9672,30.3396,75.058,20.8846,34.4145,88.0441,14.8014,27.9218,29.1678,0,0,522.922,150.678,13.4445,46.7029,117.074,26.4224,202.012,126.917,0.999032,44.615,2.09397,55.4839,4.86485,25.0212,40.7938,2.5985,141.489,1.56586,4.46715,7.83241,300.719,1034.81,6.59529,2.77745,20.5371,44.4778,22.4746,8.28685,4.84645,23.467
TP11L12,94.62422635,0,0,0,0,0,0,0,0,0,0,0,0,0,0,0,0,0,0,0,0,0,0,0,0,0,0,0,0,0,0,0,0,0,0,0,0,0,0,0,0,0,0,0,0,0,0,0,0,0,0,0,0,0,0,0,0,0,0,0,0,0,0,0,0,0,0,0,0,0,0,0,0,0,0,0,0,0,0,0,0,0,0,0,0,0,0,0,0,0,0,0,0,0,0,0,0,0,0,0,0,0,0,0,0,0,0,0,0,0,0,0,0,0,0,0,0,0,0,0,0,0,0,0,0,0,0,0,0,0,0,0,0,0,0,0,0,4.38811,0,0,0,0,0,0,0,0,0,0,0,0,0,0,0,0,0,0,0,0,0,0,0,0,0,0,0,0,0,0,0,0,0,0,0,0,0,1.31341,0,0,4.24184,0,0,0,8.00907,0,0,0,0,0,0,0,0,0,0,2.55647,0,0,0,0,0,0,0,0,0,0,0,4.09035,3.69451,0,0,0,0,0,3.55682,0,0,0,2.86324,0,0,0,0,0,0,0,0,0,0,0,0,0,0,3.92225,0,3.3197,0,1.70431,0,0,2.74652,3.01394,0,0,0,0,2.99816,0,3.10379,0,0,0,0,0,0,0,0,0,0,7.68656,2.4368,0,0,0,0,0,0,0,0,0,0,0,0,0,0,0,0,0,0,0,0,0,0,0,0,0,0,0,1.83248,0,5.25366,0,0,2.442,0,0,0,3.40862,0,0,0,0,0,4.20036,3.70647,0,0,0,0,9.01809,0,0,0,2.81344,0,0,0,5.09021,0,1.52503,0,2.37614,0,0,6.9412,0,0,0,0,0,0,3.60156,0,0,3.21713,0,0,2.06732,1.73793,0,0,0,0,0,2.8561,0,1.5477,0,0,1.51494,0,0,0,0,0,0,0,0,0,0,0,1.67686,0,2.52268,4.81217,0,1.65745,0,0,0,8.03718,3.79238,0,7.55972,11.9302,5.81369,2.34212,0,0,3.75507,3.54581,2.25635,0,0,2.02707,0,2.15281,5.1598,0,0.90609,1.37161,1.62454,0,0,2.35658,0,0,3.0954,0,1.43701,8.00907,0,0,17.2485,0,0,4.57205,5.04536,2.53384,1.75794,0,4.01859,0,29.8773,0,2.77985,4.16247,0.99332,0.540235,2.50065,14.7305,0,5.81369,0.832944,6.62022,0,13.2788,0,2.72042,0,1.554,0,2.67593,2.51714,4.66516,0,3.45663,0,0,5.66418,4.43055,3.90887,2.31373,1.46833,3.22619,1.56035,0,0,2.89949,1.37822,11.2652,17.7566,12.315,3.19024,6.66979,8.96164,5.65579,2.72042,0.764551,1.47055,0,1.82663,3.84974,24.2391,0,3.23875,6.43426,0,0,14.8355,1.18438,7.50195,22.8046,5.29006,4.20036,2.19196,45.6814,8.6765,4.5478,4.41065,1.43162,5.41504,2.72366,5.21776,2.98255,12.5512,11.4721,8.57901,5.23565,9.87326,8.62748,2.42135,2.98255,28.873,13.5699,3.6301,0.60823,10.8388,24.4583,3.7185,14.3761,1.88371,16.0268,2.33973,20.8738,9.66496,2.99229,11.0206,31.3794,5.92395,3.98134,3.24141,5.17064,9.31136,21.3002,13.1812,30.0047,4.2735,0,0,19.3416,10.1691,8.28474,21.7737,18.2458,25.3675,16.6226,1.58081,32.9319,19.899,6.2414,16.7115,62.3898,98.8501,26.5907,18.2734,52.7443,10.7214,44.0499,48.852,5.41085,20.9378,46.414,1.74455,0.494653,474.147,191.158,23.8315,32.3455,69.9234,34.0043,212.476,148.714,4.38252,49.3305,3.08983,23.5098,2.13409,51.0007,57.9466,4.1869,169.947,5.85645,4.35474,6.54456,137.101,1241.3,9.644,2.03067,20.1929,35.4497,34.5068,11.2865,4.7245,42.5966
TP11L1,99.78086194,0,0,0,0,0,0,0,0,0,0,0,0,0,0,0,0,0,0,0,0,0,0,0,0,0,0,0,0,0,0,0,0,0,0,0,0,0,0,0,0,0,0,0,0,0,0,0,0,0,0,0,0,0,0,0,0,0,0,0,0,0,0,0,0,0,0,0,0,0,0,0,0,0,0,0,0,0,0,0,0,0,0,0,0,0,0,1.64562,0,0,0,0,0,0,0,0,0,0,0,1.20949,0,3.0263,0,0,0,0,0,0,0,0,0,0,0,0,0,0,0,0,0,0,0,0,0,0,0,0,0,0,0,0,0,0,0,0,0,0,0,0,0,0,0,0,0,0,0,0,0,0,0,0,0,0,0,0,0,0,0,0,0,0,0,0,0,0,0,0,0,0,4.85448,0,0,0,0,0,0,0,0,0,0,0,0,0,0,0,0,0,0,0,0,0,0,0,0,0,0,6.98949,0,0,0,0,0,0,0,0,3.32328,0,0,0,0,0,0,4.60311,0,0,0,0,0,0,0,0,1.09497,0,0,0,0,0,0,0,0,0,0,0,0,0,0,0,0,0,0,0,0,24.6938,0,0,0,0,0,0,0,0,0,0,0,0,0,0,4.96461,0,0,0,3.78417,0,0,0,0,0,0,0,0,0,0,0,0,0,0,0,0,0,0,0,0,0,0,0,0,1.71163,0,0,0,0,6.74105,0,0,0,0,4.23322,0,0,0,0,27.0257,3.47766,0,0,0,0,0,0,4.92167,0,0,3.52943,0,0,0,0,0,1.89396,0,2.95096,0,0,0,0,0,0,0,0,0,0,0,0,3.9954,0,0,0,0,0,2.57674,0,0,3.78288,0,2.27578,0,0,0,0,0,0,0,0,0,2.58611,0,0,0,0,3.2698,4.16504,0,0,2.98815,0,2.05841,0,0,8.26954,0,0,0,0,0,10.8302,0,0,6.07847,0,4.4036,0,3.30014,0,0,8.20913,8.02084,7.63799,13.17,1.12529,0,8.07014,0,5.9931,0,4.70981,0,0,0,1.78464,0,0,10.536,0,0,1.49408,2.83905,0,12.5873,2.18321,3.98979,9.98148,0,20.6139,4.38324,3.45233,0,1.23362,0,1.5528,4.57351,0,4.81341,1.03445,2.74058,4.60311,12.3684,0,6.75706,1.94844,1.92993,1.9921,3.32328,9.37821,0,1.78241,4.50465,2.88511,6.47509,2.81377,22.0095,0,0,0,16.0266,7.75129,0,8.44131,3.60092,6.84651,32.6444,0,10.1961,3.96201,1.18333,8.90367,14.048,0,0,1.81888,6.08714,2.26852,2.39052,3.76286,2.83339,20.8142,25.9283,0,10.8302,11.0546,4.4127,0,18.8809,0,0,1.66073,8.10462,3.59182,13.2931,7.30352,1.77795,18.8309,1.69127,16.2,9.26017,11.6906,9.49824,7.9908,3.25111,8.17449,0,9.02132,1.85203,5.97631,30.3347,2.25414,3.02148,11.2174,29.5065,4.61806,11.9026,10.6718,8.32636,4.35862,8.94427,30.0076,3.71616,5.26411,41.2279,7.35704,9.88896,2.6837,16.0537,9.25113,12.2091,12.7321,5.27452,6.63415,43.5417,0,10.2945,1.57865,10.7047,59.4904,5.46642,18.0415,0,2.94485,40.8986,16.4752,23.2539,12.4526,38.7414,59.2651,25.9469,14.4991,85.1897,35.605,23.3135,127.914,20.1595,29.9034,40.5054,0,0.984072,252.956,128.397,55.7086,40.9546,59.8889,36.7641,222.043,64.8841,7.25695,21.0053,16.6283,78.9316,8.83454,52.3231,29.6325,23.0705,75.7063,0,0,18.2875,93.4398,743.306,0.244553,3.78288,14.7895,88.8559,32.6511,11.2606,7.32255,26.101
TP12L20,98.75509766,0,0,0.262465,0,0,0,0,0,0,0,0,0,0,0,0,0,0,0,0,0,0,0,0,0,0,0,0,0,0,0,0,0,0,0,0,0,0,0,0,0,0,0,0,0,0,0,0,0,0,0,0,0,0,0,0,0,0,0,0,0,0,0,0,0,0,0,0,0,0,0,0,0,0,0,0,0,0,0,0,0,0,0,0,0,0,0,0,0,0,0,0,0,0,0,0,0,0,0,0,13.0844,0,0,0,0,2.2828,0,0,0,0,0,0,0,0,0,0,0,0,0,0,0,0,0,0,0,0,0,0,0,0,0,0,2.32206,0,1.40515,0,0,0,0,0,0,0,0,0,0,0,0,0,0,0,0,0,0,0,0,0,0,0,0,0,0,0,0,0,0,0,0,0,0,0,0,0,5.36054,0,0,0,0,0.790329,2.52629,0,0,0,0,1.19886,0,0,0,2.9936,0,0,0,0,0,0,0,0,0,0,0,0,0,0,0,0,0,4.90568,2.24418,0,0,0,0,0,0,0,0,0,1.7671,3.60417,0,0,43.3949,0,0,0,0,0,0,0,2.17446,3.63529,0,2.36681,3.66708,2.03392,0,1.0374,0,0,1.69611,0,2.11354,0,0,0,0,0,1.90903,3.26619,0,0,1.05713,0,2.77526,0,0,0,0,6.9757,0,0,0,0,0,0,0,2.15581,0,3.13648,0,28.221,0,0,0,0,1.32824,0,0,0,0,0,0,0,2.02841,1.46512,0,0,0,0,6.48881,0,0,15.0666,0,0,3.7222,0,0,1.02312,7.59763,2.48543,0,0.841662,6.75229,1.58214,0,0,0,5.29657,1.21397,1.35458,0,0,1.7888,0,1.52311,6.28595,1.64981,2.77122,0,1.46512,0,0,2.11954,3.62171,1.09165,1.40804,2.13198,0,1.63741,6.58024,0,0,1.97483,1.34665,0,0,0,6.30009,0,0,2.08451,0,1.76283,1.11902,0,1.62098,0,1.83413,0,0,3.92339,1.90903,0.819915,0,0,0,0,0,0,0,0,1.5576,2.96813,2.13155,0,5.37963,0,0,14.4992,6.89358,0,2.29096,0,0,1.44367,0,3.01996,2.27735,0,0,4.9236,1.08987,0,3.04009,1.32306,4.66406,0,1.05771,6.58484,0,1.31536,1.95367,0,2.29786,10.2558,1.90421,13.3139,0,9.63696,0,0,4.21514,0.722801,0,1.40804,4.67279,4.69352,1.53663,1.95084,0,0,14.2374,0,1.71653,12.4928,0,10.2674,0,8.95071,0.665222,1.18617,0.968162,8.14447,4.50152,8.13568,4.38255,11.7605,0.951691,2.82651,3.89602,3.30548,1.55414,0,2.59378,1.04314,10.0208,2.11763,12.0625,5.45115,4.71957,1.42558,0.886329,0,1.89246,4.24207,6.23655,1.7888,4.13699,13.6641,0,0,4.84183,3.34601,3.2803,5.23712,8.157,0.885122,2.65158,2.97844,3.34596,0,18.6587,2.81031,1.7888,0.930024,5.51787,0,7.31579,0.702791,6.1749,4.69352,1.63361,5.04997,7.76297,32.0215,10.7065,0,4.43784,5.17347,7.33188,8.98425,4.3795,23.4373,48.2196,3.50891,7.90746,4.69506,5.00094,6.62826,5.75618,4.50718,29.6813,26.818,8.86364,2.09336,15.4343,42.6698,22.574,16.515,3.45451,1.46733,6.93574,19.2551,7.45191,2.16303,12.3277,12.4111,2.41913,0.794262,3.18586,1.59644,7.61988,10.9534,10.6063,26.7976,4.40711,16.4693,25.868,17.4208,9.85666,0,7.73656,22.1551,15.2753,12.1291,4.12396,6.67461,25.8416,3.78492,13.8248,39.3792,54.1972,27.8771,17.9936,30.1835,7.1934,14.1406,130.452,9.90557,13.5551,22.4247,22.8649,136.613,548.056,33.9034,17.9275,12.4857,53.54,21.5402,89.6034,18.5475,10.5769,26.5621,213.172,11.1479,3.284,18.9928,30.7399,7.28246,116.226,12.7638,1.33871,0,91.5191,351.986,25.379,58.8653,4.72729,0.817802,10.9858,29.6415,12.2175,24.1502
TP12L1,95.32183403,0,0,0,0,0,0,0,0,0,0,0,0,0,0,0,1.74606,0,0,0,0,0,0,0,0,0,0,0,0,0,0,0,0,0,0,0,0,0,0,0,0,0,0,0,0,0,0,0,0,0,0,0,0,0,0,0,0,0,0,0,0,0,0,0,0,0,0,0,0,0,0,0,0,0,0,0,0,0,0,0,0,0,0,0,0,0,0,0,0,0,0,0,0,0,0,0,0,0,0,0,0,0,0,0,0,0,0,0,0,0,0,0,0,0,0,0,0,0,0,0,0,0,0,0,0,0,0,0,0,0,0,0,0,0,0,0,0,0,0,0,0,0,0,0,0.623717,0,0,1.93182,0,0,0,0,0,0,0,0,0,0,0,0,0,0,3.92326,0,0,0,0,0,0,0,0,0,0,0,2.51212,0.728862,0,0,4.70791,0,0,0,2.22226,0,6.67262,0,0,0,0,1.7224,0,0,0,0,0,0,0,0,0.574135,0,0,0,0,0,0,2.26988,0,0,0,0,0,0,17.7643,0,0,0,1.58892,0,0,6.37693,0,3.05561,0,0,2.39837,0,0,0,0,0,0,0,0,0,0,3.78314,0.745971,1.68139,0,0,0,22.0683,0,0,0,0,5.16721,0,0,0,0,1.91436,0,2.13996,1.38167,0,0,4.26555,0,0,0,0,0,0,0,0,0.952875,0.952875,0,0,0,0,0,0,0,0,0,0,0,0,0,0,0,3.95581,0,1.52964,1.01691,0,0,3.36279,0,0,0,0,0,1.89157,0,0,0,0,0,0.776977,6.17056,1.42185,2.8437,0,0,2.50223,1.0996,0,1.31861,0,0,4.75487,0,2.82474,0,3.38518,2.22226,2.63721,0,2.65062,0,1.62966,0,5.07439,0,0,1.47122,3.99728,1.48845,0,8.92651,0,2.33664,0,0.964442,0,3.45417,4.36816,0,1.69034,0,1.01691,1.71775,0,0,0.840698,0,2.35395,1.18135,0,0,0,4.36816,0,4.65617,0,0,6.51387,4.20906,1.39993,1.33523,3.87541,0.919779,0,1.36534,3.69516,0,4.20906,2.55248,0,4.41366,0,1.29973,0,1.35805,0,3.9354,0,0,0,0,1.36681,1.19468,9.03624,9.80814,0.502822,1.52232,5.40908,0,1.7853,0,0,7.91163,1.71775,2.35221,3.1898,4.44453,7.81893,0,1.91436,0.6747,2.67045,2.5372,2.79986,8.43674,1.95109,2.6742,4.46012,8.85191,14.7378,5.05168,0,4.82382,3.8586,3.29775,6.24466,12.2617,1.24866,2.15082,1.38669,8.5722,6.17056,9.21112,0,7.54831,3.05719,1.72474,3.58246,2.96994,2.7937,6.47217,8.76095,5.11523,5.15673,8.35885,3.77191,8.60536,15.1842,3.85192,2.44449,5.37099,8.65896,10.625,3.77191,4.82709,22.9447,16.6706,22.171,4.55604,15.9334,3.70131,11.9355,20.4009,6.79348,1.69711,5.71928,5.43995,10.1366,4.80681,1.68139,1.26607,4.34852,5.95101,6.44188,1.61312,16.4655,4.48294,2.7754,11.249,8.80694,3.88489,3.22521,7.24293,14.4447,3.28468,2.44763,2.38338,38.7532,8.31301,17.3731,6.62049,17.4128,9.54943,14.2824,5.08454,10.9581,0,4.83092,9.10318,5.3409,16.3857,8.05791,4.72541,8.01978,12.7121,20.428,30.0435,8.28424,9.62935,26.8315,17.6204,2.68172,2.49079,11.2906,35.6335,12.0539,13.9928,7.79469,8.60814,10.8512,23.6406,9.75295,14.1552,5.33592,17.2944,14.9235,15.3334,7.05402,7.56385,12.083,20.8583,20.5272,3.6898,8.33387,24.3668,13.4966,4.32948,17.3112,39.5684,32.1567,20.0262,15.549,49.2558,24.7715,20.5198,84.9029,9.00804,37.0253,43.8562,1.45217,0.303433,266.827,99.6875,45.1496,36.3412,70.9159,26.5237,251.639,45.0627,8.9174,34.8623,0.571553,63.8974,1.97381,32.609,44.4519,13.9455,91.2347,2.45554,3.62491,1.81591,60.3093,921.725,6.00051,1.86872,17.5269,32.4682,10.0305,3.41761,4.01599,21.2771
TP12L12,96.85984604,0,0,0,0,0,0,0,0,0,0,0,0,0,0,0,0,0,0,0,0,0,0,0,0,0,0,0,0,0,0,0,0,0,0,0,0,0,0,1.4327,0,0,0,0,0,0,0,0,0,0,0,0,0,0,0,0,0,0,0,0,0,0,0,0,0,0,0,0,0,0,0,0,0,0,0,0,0,0,0,0,0,0,0,0,0,0,0,0,0,0,3.99839,0,0,0,0,0,0,0,0,0,0,0,0,0.880545,0,0,0,0,0,0,0,0,0,0,0,0,0,0,0,0,0,0,0,0,0,0,0,0,0,0,7.88945,0,0,0,0,0,0,0,6.10664,0,0,0,2.90254,0,0,0,1.60921,0,0,0,0,0,0,0,0,0,0,0,0,0,0,0,0,0,0,0,0,0,0,0,0,0,0,0,0,0,0,0,0,0,0,2.9573,0,0,0,0,0,0,0,0,0,0,0,0,0,0,0,0,0.707936,0,0,0,0,0,0,2.79887,0,2.56946,0,0,0,0,0,0,0,0,0,0,0,0,0,0,0,0,5.9146,3.38525,0,0,0,0,0,0,2.03554,4.5431,0,5.83099,2.75945,0,1.87934,0,0,0,0,0,0,0,0,4.76887,0,0,0,0,0,0,0,0,4.10306,10.5193,0,0,2.60324,0,0,0,0,0,1.17494,0,0,0,0,0,8.51831,2.28813,0,0,2.05153,0,0.683844,0,0,0,4.52997,0,0,1.88613,0,2.70236,0,0,0,0,0,0,4.13554,0,0,0,0,0,0,1.9161,0,0,0,1.90678,2.86016,3.08537,0,1.5658,0,0,3.96802,3.90865,1.19282,0,1.28684,2.08704,0,4.87771,0,1.979,0,10.0472,0,4.69273,0,4.5431,0,2.46442,3.67066,1.52172,4.40273,5.99377,0,0,1.1892,0,1.41972,0,0,0,0,0,0,2.77574,0,1.03662,2.57829,0,0,6.37142,0.935185,1.42488,0,3.48821,0,0,0,3.44225,0,3.45236,0,4.77857,0,5.96715,0,0,2.74977,12.9749,1.04911,7.75926,16.3268,0,4.80788,1.08095,1.67454,2.56946,0,2.43825,5.45488,2.4452,12.4835,1.30944,0,3.53066,0,0,5.63127,0,2.92966,0,1.61252,0,0,14.8265,6.96093,3.93317,8.22047,11.0184,2.90254,7.08149,0,0.823199,3.12848,0,0,3.00723,1.09914,0,0,18.1724,1.20753,6.53193,27.8374,0.679692,0,5.98886,17.6392,0,0,0.569953,1.50999,0,11.3578,0,5.58445,15.6725,3.19003,0,3.66208,6.88954,3.1922,3.92825,5.05797,1.58963,4.75681,6.69474,10.6108,2.67469,0,1.00472,6.62269,2.13538,23.8202,2.32547,3.96802,0.943063,0,12.1502,5.61781,4.36593,11.7357,2.45285,21.2853,5.58445,4.70839,4.00862,11.1795,7.49938,7.24415,2.07324,4.68338,5.42006,5.8703,7.01469,9.94524,18.2724,5.20789,5.13331,5.20145,9.04948,0.95805,4.04254,15.629,15.832,0,8.04811,0,5.90502,9.31849,0,7.14296,40.5799,7.84993,2.93515,3.58256,11.2598,4.4276,14.9116,13.2655,13.1712,40.7243,23.5975,7.9076,13.5971,46.6938,17.811,42.6272,2.57791,3.37432,23.5354,37.8113,8.26672,2.55939,18.5625,28.3944,13.5118,4.54047,9.61123,5.30712,11.4686,19.0596,1.00215,30.5437,2.9242,26.656,0.183664,41.5949,5.21877,11.9193,8.93937,20.6905,17.358,9.09939,3.24507,20.0303,18.1549,12.8123,17.5338,45.7404,83.9663,28.5922,25.401,83.4267,15.8227,28.6292,85.6584,16.0439,29.2056,47.2099,0.596866,0,383.846,113.567,50.5731,39.3139,44.5463,22.4874,97.5174,53.1431,4.99799,54.4709,2.81901,71.3158,2.92056,32.6219,41.9831,0.043847,194.657,1.63271,0,11.1955,149.873,844.393,4.39935,4.86329,1.77144,21.2552,7.87058,6.15179,5.93493,14.4693
TP13L20,98.55584209,0,0,0,0,0,0,0,0,0,0,0,0,0,0,0,0,0,0,0,0,0,0,0,0,0,0,0,0,0,0,0,0,0,2.75672,0,0,0,0,0,0,0,0,0,0,0,0,0,0,0,0,0,0,0,0,0,0,0,0,0,0,0,0,0,0,0,0,0,0,0,0,0,0,0,0,0,0,0,0,0,0,0,0,0,0,0,2.8483,0,0,0,0,0,0,0,0,0,0,0,0,0,0,0,0,0,0,0,0,0,0,0,0,0,0,0,0,0,0,0,0,0,0,0,0,0,1.74967,0,0,2.16227,0,0,0,2.48504,0.318294,0,0,0,0,0,0,0,0,0,0,0,0,0,0,0,0,0,0,0,0,0,0,0,0,0,0,0,0,0,0,0,0,0,0,0,0,0,0,0,0,0,0,0,0,0,0,3.05103,1.9266,0,0,0,0,0,0,1.8164,0,0,0,0,0,0,3.42936,0,0,0,0,0,0,0,0,0,0,0,5.53122,0,1.55315,0,0,0,0,0,0,2.68758,0,2.18709,30.2947,0,0,0,0,1.13555,0,1.8517,0,0,2.67084,0,0,0,0,0,0,0,0,9.07237,2.05597,0,2.59015,0,6.25795,1.0359,13.4661,0,0,0,0,1.854,0,0,1.14312,0,0,2.94618,0,2.87698,1.82413,10.2064,0,0,0,1.20244,0,5.29222,0,1.88213,0,0,1.80492,2.86735,27.9567,2.50318,1.61762,20.6944,2.24434,0,0,11.0446,9.42131,13.2408,0,7.11485,0,1.0317,2.74349,0,0,0,0,1.82801,1.12512,0,2.26211,0,0,0,11.5544,1.03294,0,0,0,3.83597,1.91799,2.08598,0,10.1261,2.96657,2.17181,3.55742,2.12739,2.17048,0,1.95739,1.9052,2.11167,1.1416,5.99538,1.77871,5.47003,3.46009,3.03223,4.39661,2.67918,5.13377,4.47931,7.45512,9.92291,2.69604,12.0469,4.99421,2.40826,8.19636,0,0,0,35.3398,0,0,0,4.56031,0,0,0,3.03662,3.27229,0,1.80113,3.17533,0,2.32341,0,1.5588,0,0,0,1.02064,3.94179,3.76577,0,3.77682,4.36403,5.22768,2.48144,0,0,0,6.01642,8.51661,2.29542,0,2.97687,2.17599,1.75325,0,0,2.81095,0,0,13.9243,4.01251,0,1.84374,6.44616,7.77915,2.64611,2.7131,28.7491,0,4.80751,6.02064,1.76407,2.83887,3.55742,4.63427,24.1146,2.15142,0,1.50675,4.763,25.8235,0.910126,1.80113,1.71126,9.44206,0,0.657973,4.80976,3.00821,4.77626,9.94016,2.76096,14.5664,23.2928,2.23072,2.42643,3.74384,13.7836,3.36872,1.45066,0,1.65191,5.54912,14.9102,0,10.1822,1.22377,3.48985,4.80302,2.00313,3.76852,3.49222,9.66924,2.58754,1.73903,1.30097,20.8033,3.31659,5.85214,15.588,1.09915,4.83008,0,9.12063,19.7662,10.8524,2.06339,5.6219,13.2921,24.5832,22.6083,1.42652,1.34169,25.4026,32.583,1.14464,9.86707,12.3254,8.2042,4.32272,15.8766,0,2.52419,0,8.38884,2.17599,11.1054,7.97937,11.2315,7.58707,0,3.14427,10.2477,63.5066,6.49499,18.1133,9.90507,6.43004,16.5548,5.09714,9.76468,16.2728,46.9775,15.7441,9.63302,0,8.62266,8.07287,8.1565,6.69796,16.2102,27.5855,38.0436,4.55305,14.875,27.5977,40.4541,20.1027,7.85368,5.93437,27.9077,67.8722,9.04366,2.79993,20.9417,50.615,13.3035,5.96064,8.08811,9.67651,13.2434,22.0774,3.28903,35.4491,11.9963,23.329,0,35.1623,4.75771,14.5778,3.25984,36.0724,15.1701,21.1535,4.73341,8.21731,33.1019,5.84018,9.17386,70.0549,53.5837,31.2794,35.8317,70.6034,19.2053,24.7309,131.868,6.7507,35.2653,33.8053,0,0,564.894,147.906,22.4515,30.1501,68.5871,15.3279,135.778,46.8795,3.28063,52.1256,1.54198,59.558,1.59753,23.2386,51.6023,8.36428,159.023,0.566696,0,1.22477,103.882,1039.67,6.78171,2.28016,2.32551,27.1709,17.2206,4.68171,4.80312,19.0291
TP13L1,99.13083847,0,0,0,0,0,0,0,0,0,0,0,0,0,0,0,0,0,0,0,0,0,0,0,0,0,0,0,0,0,0,0,0,0,0,0,0,0,0,0,0,0,0,0,0,0,0,0,0,0,0,0,0,0,0,0,0,0,0,0,0,0,0,0,0,0,0,0,0,0,0,0,0,0,0,0,0,0,0,0,0,0,0,0,0,0,0,0,0,0,0,0,0,0,0,1.63535,0,0,0,0,0,0,0,0,0,0,0,0,0,0,0,0,0,0,0,0,0,3.88002,0,0,0,0,0,0,0,0,0,0,0,0,0,0,0,0,0,0,0,0,0,0,0,0,0,0,0,0,0,0,0,0,0,0,0,0,0,0,0,0,0,0,0,0,0,0,0,0,0,0,0,0,0,0,8.83092,0,0,0,0,0,0,0,12.403,0,0,0,0,0,0,0,0,0,0,0,0,0,0,0,0,0,0,0,0,0,0,0,0,0,0,0,0,0,4.18131,0,0,0,0,0,0,5.63196,0,7.38371,1.69956,5.30704,0,1.46207,0,0,2.23454,0,3.43883,0,0,0,5.73436,6.39921,0,0,0,0,0,0,0,0,0,0,0,2.1602,5.98301,0,6.79301,0,0,19.9494,7.3591,0,0,3.79335,1.92647,3.70424,0,4.38042,0,0,3.85967,1.5482,1.4134,20.4419,0,1.65497,1.35444,0,6.97178,0,3.99951,4.83444,0,3.80643,5.7794,0,2.8897,0,8.08692,8.52405,6.38072,6.87053,13.0378,0,0,0,0,0,1.74386,0,0,0,0,0,2.75966,0,2.97538,2.65991,3.69185,0,7.14475,2.4695,2.4695,0,0,0,0,4.41105,0,0,8.38378,2.75278,2.52024,0,5.43776,0,0,2.29018,4.82037,0,0,0,6.89915,2.20332,2.30693,12.7984,0,0,12.9258,2.14343,3.10074,12.6638,0,0,0,17.2095,1.99975,0,0,6.88767,0,0,0,9.12285,0,0,2.31904,4.08839,6.15538,5.98301,0,2.00703,1.89667,1.63778,0,0,5.07524,1.6162,0,0,0,3.36544,0,8.40506,0,2.13927,0,0,0,14.5725,15.3315,0,0,1.52257,0,0,3.41754,0,2.56117,0,3.90748,4.7478,0,33.9909,0,1.74662,13.2199,3.13153,8.25319,1.55037,4.54265,0,11.4509,0,21.2439,5.5401,3.85967,0,6.13258,6.64979,0,2.31904,15.4233,0,4.88436,3.38869,0,7.74642,6.14966,25.5969,5.10261,5.35856,27.2727,0,1.56207,6.02546,21.2964,13.0122,5.60337,0,0,0,15.998,0,2.62201,0,0,2.44231,7.73737,0,0,16.5995,1.11053,11.1954,8.3753,21.8371,29.8919,3.76745,2.23003,0,0,4.51171,3.35521,3.27556,2.79459,15.9403,7.23846,8.55709,0,15.3742,2.75507,1.72749,19.0791,2.62201,2.21068,8.46955,0,10.5633,2.78285,8.76083,0,0,0,5.32419,11.2067,8.57926,4.56614,12.0509,7.32653,5.09868,9.44627,2.11266,28.3042,33.4504,4.32843,5.66811,4.13949,7.32765,5.25025,0,11.4986,24.1943,7.37138,16.5373,5.04624,0,14.5519,5.83438,8.62394,51.0189,59.4145,22.7421,8.7934,10.4467,32.9304,23.7622,51.6597,9.17352,8.25498,13.5305,8.13984,2.32883,3.60504,28.5975,34.0286,3.80643,21.7447,7.28967,19.9343,17.0516,55.2722,5.64637,53.4498,0,11.2639,24.685,34.6206,3.67546,6.52099,0,51.3241,12.2515,20.8276,3.80906,10.5802,27.7032,3.0078,24.6974,81.6087,121.557,75.0555,48.3855,42.5072,15.6716,37.1493,82.6428,8.69185,31.2795,15.7177,1.68144,0,447.339,109.118,38.203,56.4323,48.8024,17.7771,74.9229,39.3504,2.81598,47.741,5.9561,62.0745,10.9701,52.3614,40.2451,7.22526,162.019,0.823312,4.1972,0,104.746,1121.85,12.9568,0.978603,1.99614,21.026,0,15.0698,4.17412,13.7563
TP13L12,96.34108163,0,0,0,0,0,0,0,0,0,0,0,0,0,0,0,0,0,0,0,0,0,0,0,0,0,0,0,0,0,0,0,0,0,0,0,0,0,0,0,0,0,0,0,0,0,0,0,0,0,0,0,0,0,0,0,0,0,0,0,0,0,0,0,0,0,0,0,0,0,0,0,0,0,0,0,0,0,0,0,0,0,0,0,0,0,0,0,0,0,0,0,0,0,0,0,0,0,0,0,0,0,0,0,0,0,0,1.00083,0,0,0,0,0,0,0,0,0,0,3.32894,0,0,0,0,0,0,0,0,0,0,0,2.60283,0,0,0,0,0,0,0,0,0,0,0,0,1.1491,0,0,0,2.35758,0,0,0,0,0,1.79132,1.31688,0,3.40692,0,0,0,0,0.820786,0,4.83266,0,0,10.0083,0,5.29449,0,0.412357,0,0,0,0,0,0,0,0,0,6.97207,0,2.71204,2.65177,0,0,0,0,4.87826,2.10201,0,0,0,1.73134,0,3.19508,0,0,4.20402,0,0,0,0,0,0,2.77015,2.50207,2.54309,0,2.25477,0,5.02034,0,0,0,0,0,0,0,0,0,0,0,0,0,0,4.71038,2.80015,0,0,0,0,8.05862,0,2.48603,1.52757,0.910379,0,0,0,0,0,5.66162,0,8.12191,1.51789,0,0,0,0,0,4.67255,0,0,0,0,0,2.60283,3.30061,6.15589,0,0,0,1.19085,0,14.3638,3.48865,2.32577,2.85513,0,0,0,19.6721,1.13233,0,5.34926,0,0,2.7073,1.24902,14.2059,8.98428,8.96697,0,0,1.86677,0,0,1.779,0,1.22534,0,2.03581,0,0,4.61692,0,2.38064,22.9975,3.73804,0,0,5.02034,0,0,0,0,0,4.02583,4.64921,0,0,9.81826,0,2.95146,5.17095,7.00498,0,5.42407,3.21843,0,0,0,0,20.603,3.09638,1.62099,15.7377,0,0,21.7979,1.5061,0,13.3476,0,1.40008,1.177,50.5457,2.8103,0,2.30846,2.06288,0,0,1.04817,2.74726,14.8023,0,3.259,5.7455,0,2.10201,0,7.0513,0,5.75403,0,0,0,0,5.13671,0,11.4065,4.72953,2.24499,3.93727,2.49939,3.00637,0,2.56835,1.03834,2.55988,13.466,0,0,4.27941,0,5.08618,2.40137,3.2499,3.59927,10.8905,19.2195,0,0,2.92687,7.18188,0,56.6637,0,5.7992,8.71509,0,5.13671,1.60922,2.09633,61.4314,5.83922,8.13611,10.9053,0,14.0176,0.8234,1.6295,1.54819,0,8.58012,2.3811,2.17572,2.72155,4.32113,17.9859,3.58541,7.53051,9.33515,8.74532,0.731738,18.629,19.9522,0,1.31242,1.69231,1.49449,0,38.2201,0,3.68476,11.12,5.26216,13.036,1.81225,3.40942,1.57972,6.80388,0.780325,23.5997,4.708,18.201,15.0028,5.29449,10.9687,4.97207,15.2944,3.1702,15.3242,11.5081,0,3.73354,7.62927,9.0191,22.2406,40.8884,7.09823,3.64152,19.1517,18.1378,4.66007,5.97477,16.8483,16.0819,0,2.05197,0,8.20825,4.35754,15.088,1.96864,36.1699,4.05858,3.38709,15.4442,5.37397,13.2751,2.96897,41.9864,13.7109,4.83266,18.9181,5.34075,22.8324,5.53372,7.06736,7.06966,38.2509,5.17958,13.0726,2.65935,22.2886,5.84288,9.83902,13.1294,6.518,51.2678,17.2092,10.6164,28.1385,29.0268,16.0492,26.9804,2.81778,10.6797,84.4051,40.9911,3.27275,1.01325,9.76012,36.6736,20.0597,28.7608,15.3665,5.25266,15.7651,25.5219,18.8455,31.231,2.89419,6.80103,0,38.3611,6.88695,20.0644,11.7968,23.1628,21.3177,14.6348,4.28236,9.91237,13.4764,5.28367,18.8629,42.2529,39.2438,45.0207,28.4639,53.3996,12.5469,31.41,140.158,8.55039,34.0319,39.929,0.590741,0,350.509,123.102,35.3207,34.502,80.0137,10.4847,112.31,70.3655,6.92538,49.0913,2.09256,85.3219,2.89059,34.5397,51.3394,0,117.597,3.63334,0,2.21612,127.953,871.365,6.33339,1.02566,2.80522,12.9274,22.2566,6.88284,3.46626,18.1464
TP14L12,98.40424655,0,0,0,0,0,0,0,0,0,1.35821,0,0,0,0,0,0,0,0,0,0,0,0,0,0,0,0,0,0,0,0,0,0,0,0,0,0,0,0,0,0,0,0,0,0,0,0,0,0,0,0,0,0,0,0,0,0,0,0,0,0,0,0,0,0,0,0,0,0,0,0,0,0,0,0,0,0,0,0,0,0,0,0,0,0,0,0,0,0,0,0,0,0,0,0,0,0,0,0,0,0,0,0,0,0,0,0,0,0,0,1.16887,0,1.89413,0,0,0,0,0,0,0,0,0,0,0,0,0,0.390107,0,0,0,0,0,0,0,0,0,0,0,0,0,0,0,11.6454,1.86326,0,0,0,1.9114,0,0,0,0,4.4918,0,0,0,0,0,0,0,1.75168,0,0,0,0,0,0,0,0,1.27041,0.397002,0,0,0,2.48558,0,0,1.50623,0,8.95162,0,0,0,0,3.30106,2.00271,0,0,1.97752,1.7042,0,0,0,1.40369,0,0,9.45642,0,0,3.65611,0,0,0,0,0,2.2459,2.02855,4.12362,0,0,0,0,0,4.95159,2.43741,0,0,0,2.22209,0,0,0,2.11735,0,2.37303,0,5.09192,0,0,0,2.17596,6.4608,6.53352,1.82276,0,0,0.738089,0,0,0,0,0,2.29508,1.28939,8.23104,2.46126,0,0,0,0,0.952806,0,3.35388,0,0,0,2.19495,0,5.35193,22.459,0,0,0,0,0,3.8818,0,5.65684,0,0,1.3239,0,6.83534,2.75409,0,15.1792,1.64621,0,1.64621,1.01264,9.21394,9.71199,16.3574,5.21869,0,0,0,0,1.44232,0,0,0,0.825265,0,1.65924,0,3.14426,0.923424,6.78007,5.30357,0,0.768767,4.07024,0,1.40683,0,2.29508,9.90318,1.08798,6.91046,0,3.12085,9.55218,0,5.74294,0,10.326,1.67471,10.9939,2.60934,0,0,3.81122,0,8.84323,3.76558,1.31421,12.7593,1.45568,7.91008,20.6181,1.22107,1.76644,15.6311,2.31196,1.13511,1.9085,37.8151,1.13922,0,0,1.67248,0,0,0.8498,5.93957,4.80039,1.66363,1.32112,30.278,1.16887,1.7042,2.25126,0,3.2415,4.66507,0,0,0,0,12.4937,2.77027,4.69172,1.91723,2.73018,0,2.70183,2.43741,0,2.08229,0.841836,6.22625,6.55054,0,1.28599,0,0,0,7.78764,2.26786,5.83621,3.92419,0,0,0,5.53547,1.9409,2.48755,69.2867,1.78398,2.35085,4.41609,6.46967,5.29545,2.60934,1.6996,54.4601,0.789023,6.59635,5.52594,5.8227,9.47066,2.00271,1.98168,3.76558,8.31081,0,0.482618,0.88198,2.2065,8.75838,7.29103,3.93846,5.56289,8.62199,8.72648,0.889884,14.4169,8.08812,2.47093,2.12809,1.37204,0,6.10536,14.5821,2.28943,10.456,4.4962,4.26629,5.82845,5.87712,4.14628,2.56151,0.788035,1.89794,6.37781,2.86275,22.7512,7.29809,32.1938,45.7347,3.22488,5.31424,2.57024,6.68991,1.86603,3.18406,2.27022,2.06181,14.6245,11.2697,25.8517,6.80122,1.96824,9.31632,23.8994,5.03753,8.04158,7.17662,14.0413,2.64223,13.309,1.25269,6.43639,6.47694,2.76939,6.38428,37.4704,8.29123,0,8.34759,11.6185,13.8378,2.08508,41.2068,11.1161,6.83804,16.9524,1.59939,4.47581,9.72066,12.8922,20.8378,30.5045,19.9469,9.421,1.43738,17.1669,20.1327,17.2834,15.5575,25.1012,35.2372,27.9047,5.3434,31.7401,7.38136,10.2086,6.57795,10.343,12.8613,56.9859,44.5242,7.96015,2.87522,8.84395,18.2276,11.9265,9.47285,7.71233,11.3562,12.7815,23.3908,32.1663,18.1415,7.03939,12.8337,0,69.0296,14.6569,22.7185,9.56428,21.5528,25.3249,13.6905,11.7177,14.0638,21.852,1.71349,11.011,41.5972,28.0737,39.6291,30.1285,61.5432,28.1647,59.7157,100.697,15.8451,34.4891,73.0102,0.957885,0.523127,313.509,78.5725,40.6525,34.6099,59.5754,32.4699,125.201,36.1116,0,79.6015,1.12425,110.301,1.95296,18.6993,81.8817,0,184.598,3.10226,5.97768,7.18688,48.6557,972.902,3.69063,0.557493,2.27433,13.4754,6.31558,5.16836,4.41506,23.3886
TP15L20,97.1650109,0,0,0,0,0,0,1.03544,0,0,0,0,0,0,0,0,0,0,0,0,0,0,0,0,0,0,0,0,0,0,0,0,0,0,0,0,0,0,0,0,0,0,0,2.33272,0,0,0,0,0,0,0,0,0,0.738525,0,0,0,0,0,0,0,0,0,0,0,0,0,0,0,0,0,0,0,0,0,0,1.92915,0,0,0,0,0,0,0,0,0,0,0,0,0,0,2.34349,2.9159,0,0,0,0,0,0,0,0,0,0,0,0,0,0,0,0,0,0,0,0,0,0,0.532948,0,0,1.08877,0.415874,0,0,0,0,0,0,0,0,0,0,0,0,0,0,0,0,0,0,0,0,0,7.7579,0,0,1.49372,0,0,0,0,0,0,0,4.83206,0,0,0,1.4857,0,0,0,0,0,0,0,0,0,0,0,0,0,0.269732,0,0,0,0,0,0,0,1.87914,10.8335,2.2803,0,1.77401,0.867293,0,0,0,0,1.59549,0,0,0,1.01271,3.39755,0,11.9025,19.0739,0,0,1.96654,0,0,0,2.60188,0,1.81202,4.91,19.962,0,5.89961,0,0,1.57567,3.99501,3.93308,0,0,0,0,0,0,0,0,0,0,1.09582,20.2198,0,0,0,0,12.1629,2.63567,1.47063,0,4.87138,0,2.68448,0,10.6814,1.53283,0,12.9619,4.97418,5.31274,10.9218,5.49991,0,1.56113,0,1.53747,3.05643,5.41191,1.7083,0,0,0,1.70257,15.113,116.775,0,0,0,1.93117,0,26.6211,2.28201,30.4268,1.24507,0.766994,0,0,68.0165,12.5916,1.91459,19.2449,0,0,0.885457,0,53.8961,37.2199,27.8612,0,3.20751,0,0,0,1.16369,7.53049,2.40458,0,0.665836,0,0,0,0,0,34.1891,8.55799,0,1.86076,0,0,2.2701,0,11.1102,9.98753,0,15.7127,2.10526,3.60235,46.241,0,16.2172,0,38.7398,0,7.09604,7.3684,2.21557,0,0,0,26.9539,5.06354,0.530164,72.0608,1.17446,0,111.692,6.89625,0,72.7581,1.86532,0,0,125.337,3.67657,0,0,0,0,0,1.37126,14.9754,0,0.67112,0,5.63741,0.943061,1.37498,1.2109,0,3.48706,15.0554,9.29243,0,1.16636,2.22855,0,1.11755,9.59307,3.0937,0.73425,0,4.35976,2.94981,0,0,2.71682,1.67448,5.28507,0,7.26292,1.39963,0,4.99049,12.5664,0,22.3665,37.9931,4.48997,0,0,3.86845,0,0.401398,121.525,0,11.3802,20.6652,8.35172,8.40011,5.26314,5.48505,194.534,1.90979,3.54802,10.7002,0,9.16928,0.538606,0,2.02542,12.293,3.36748,0.778767,2.13478,3.56047,4.23983,0,4.6906,6.15736,36.4719,17.6016,1.43594,26.5869,13.0512,1.49519,1.71698,0.737988,0,0,25.0007,0,4.82059,4.23464,6.88422,2.17588,0,1.11509,1.03333,6.35798,0.510429,7.20399,11.5486,76.8299,4.90684,23.5504,11.2748,4.80672,0,0.691235,22.3611,0,10.2758,6.71605,11.6445,19.6654,25.4593,61.7551,2.95471,10.322,11.2748,10.8463,2.03218,0.648807,10.1329,33.1771,7.67445,9.39568,0,1.6189,2.08754,3.97156,10.3019,65.7211,5.77149,5.53894,0,3.51524,16.7468,7.55291,72.2745,3.84369,0.527981,12.3748,1.26842,0.774073,11.4625,3.4672,27.7466,35.1818,5.92916,9.50125,2.89924,32.0749,8.59943,6.43594,17.1765,7.46127,41.9487,51.4603,2.15557,28.0092,11.1377,20.9175,23.9913,5.84139,4.36914,87.0179,19.6195,4.28158,0,23.284,36.4573,9.62247,21.1648,17.71,5.72649,13.1998,14.5169,33.7379,45.5563,6.15277,5.17721,0,29.3771,5.06804,13.4366,0,48.6345,10.7572,30.928,8.75374,8.1049,8.81525,2.76494,9.3774,142.142,19.6303,31.9734,43.4442,57.5031,10.7646,50.0922,103.364,45.5432,140.021,39.4557,0,0,316.549,111.132,19.4075,31.0683,52.3389,16.1687,183.662,31.8511,0,64.9424,4.10639,101.639,0.945404,15.2259,98.4658,0,184.125,1.05951,0,0.72481,63.6986,851.588,2.33034,0.449793,0,1.81202,0.727929,4.84856,2.61619,4.93624
TP15L12,96.23548842,0,0,0,0,0,0,0,0,0,0,0,0,0,0,0,0,0,0,0,0,0,0,0,0,0,0,0,0,0,0,0,0,0,0,0,0,0,0,0,0,0,0,0,0,0,0,0,0,0,0,0,0,0,0,0,0,0,0,0,0,0,0,0,0,0,0,0,0,0,0,0,0,0,0,0,0,0,0,0,0,0,0,0,0,0,0,0,0,0,0,0,0,0,0,0,0,0,0,0,0,0,0,0,0,0,0,0,0,0,0,0,0,0,0,0,0,0,0,0,1.20373,0,0,0,0,0,0,0,0,0,0,0,5.38576,0,0,0,0,0,0,0,0,7.52424,0,0,0,1.43048,0,0,0,0,0,0,0,0,0,0,9.90654,0,0,0,0,0,0,0,0,1.46803,0,0,0,1.24264,0,0,0,0,2.43125,0,0,0.368327,2.27817,6.56697,0,0,4.30144,0,0,0,0,0,0,0,0,0,0,0,0,0,18.4994,0,0,0,0,0,0,0,0,0,1.98421,10.0837,0,0,0,0,1.91027,0,0,0,0,1.56915,0,0,0,0,2.07106,3.25884,0,0,9.96124,0,0,1.06236,0,14.7457,1.59768,1.78292,0,1.83067,0,1.62727,1.47507,0,1.85833,0,22.4491,0,14.492,14.4448,0,0,0,0,0,9.26365,4.10071,0,0,0,1.07348,0,7.85242,90.3132,1.26826,0,0,0,0.787588,11.3909,0,12.9108,0,0.464933,1.29496,2.05721,64.6307,16.1634,0,10.6053,0,0,0,2.97153,45.0627,49.8735,17.7776,1.27615,0,0,0,0,0,11.3909,0,0,1.61445,0,0,0,1.53777,0,26.5275,14.0807,0,0,1.99064,2.75215,2.75215,0,0,0,2.1284,12.2898,3.82846,0,28.6302,3.06786,5.61741,1.3669,48.4813,0,0,0,0,1.5533,7.45584,1.5772,20.1832,2.45551,0,45.6688,1.42386,0,83.5507,1.19438,5.18348,50.5728,2.26142,0,0,49.3181,1.11432,0,0,0,0,0,1.66245,25.4176,4.69547,0,1.29224,9.11269,0,0,0.734017,2.23675,0,6.38835,9.01255,1.46454,1.41404,0.900595,0,0,0,1.87532,0,3.12237,1.32139,3.5762,2.15827,4.07355,4.11718,4.06011,4.27157,0,0,0.848423,0,0,0,0,1.42716,37.4246,0,2.64562,3.46864,7.70515,5.69543,0,70.7188,0,1.14973,5.18348,3.79695,4.07355,1.27615,0,159.809,0.771777,8.60289,15.1344,0,9.26365,1.30596,0.64612,1.22776,5.41944,0,0.472069,2.58811,2.15827,10.2803,3.56583,1.89555,5.97191,4.80038,8.53574,0.870434,27.5321,13.8448,1.81269,1.04079,2.23675,2.37035,3.98127,7.13167,0,1.46106,12.6392,5.00765,3.78333,0,0,11.2749,6.16648,0,12.4768,6.53376,77.8525,4.75904,16.7947,16.1543,5.52018,6.93078,2.51406,6.54368,5.47572,4.67169,1.4804,12.1005,4.76827,6.61405,39.1921,3.07042,5.77565,9.11269,10.958,6.98051,0,3.50988,17.6586,9.30413,13.0181,0,1.93212,1.15189,1.51864,0,35.0579,4.28627,6.71514,9.52598,0,10.5275,2.58759,57.8305,7.76649,1.91622,11.0545,5.38218,0,7.31399,4.20346,9.61104,28.1551,0,8.06319,7.02979,33.5834,2.31678,11.0537,16.8193,9.04568,26.7888,23.3955,3.59329,35.8974,16.3142,21.9681,12.8683,2.02338,7.28328,67.2282,15.8482,11.6792,2.00884,10.4718,39.4638,10.6053,18.5316,1.74087,4.16551,9.00156,14.0797,24.384,26.826,4.59035,10.461,3.233,25.2275,7.50962,8.52406,0,26.1929,17.7863,33.9246,15.2821,5.89559,8.31225,4.1901,8.97529,47.8682,36.6135,37.7428,28.8429,66.4131,17.449,38.6231,110.66,23.2481,128.155,58.6136,0.468474,2.00197,304.863,105.062,22.4082,46.5136,40.1438,21.9495,178.13,10.9889,3.92287,51.6402,1.65946,82.2203,0.764107,10.1228,79.6343,0,151.792,2.32009,1.1694,5.27234,35.0207,982.31,5.02256,0.545307,0.556154,24.1649,1.76501,7.66575,3.80609,10.5758
TP16L12,96.04813549,0,0,0,0,0,0,0,0,0,0,0,0,0,0,0,0,0,0,0,0,0,0,0,0,0,0,0,0,0,0,0,0,0,0,0,0,0,0,0,0,0,0,0,0,0,0,0,0,0,0,0,0,0,0,0,0,0,0,0,0,0,0,0,0,1.5556,0,0,0,0,0,0,0,0,0,0,0,0,0.62027,0,0,0,0,0,0,0,0,0,0,0,0,0,0,0,0,0,0,0,0,0,0,0,0,0,0,0,0,0,0,0,0,0,0,0,0,0.411776,0,0,0,0,0,0,0,0,0,0,0,0.988678,0,0,0,0,0,0,0,0,0,0,0,0,0,5.99405,5.80757,0,0.384701,0,0,2.38304,0.360968,0,0,0,2.80008,0.905337,0,0,0,0,0,0,1.09195,0,0,0,0,0,0,0,0,0.791941,0,0,1.56804,0,1.54945,0,0,0.234737,2.90378,6.97528,0,1.47929,0,0.670104,0,2.49688,0,0.830531,0,0,0.549805,0,0.782457,0,0,3.4934,7.36862,0,0,0,0,0,0,0,0.915913,0,1.26455,6.42641,0,1.13957,0,0,2.43485,6.1734,1.51942,0,0,2.00006,8.31118,0,0,0,0,0,0,1.69335,1.58709,0,0,0,6.78219,6.71251,2.03642,1.13626,1.25645,0.800954,0,0,0.940074,0,0,0,17.1684,0,2.05241,2.30143,0,15.9031,0,0,0,2.36151,3.13609,0,0.852197,0,1.36827,0,2.5022,31.112,1.23512,5.24429,2.74133,0,1.5058,15.7288,4.11406,3.52633,1.44298,0,0,1.31107,45.4505,4.57823,0,5.40705,1.02621,0.742445,1.02621,0,35.8984,22.7033,18.1277,0,1.54335,0,0,2.70352,3.59643,1.03706,3.71574,0,0.51445,1.17251,0,0,1.96005,0,20.076,6.61223,0,0,1.26864,0,0,1.90759,1.4307,3.0867,0,4.69943,0,1.14019,11.9092,1.95517,4.77334,0,12.8739,0.521985,1.37067,0.8133,0.197249,1.97985,2.37582,3.01547,23.2756,1.56491,0,17.0439,0.907432,1.23274,39.4765,1.52237,0,20.2376,0,1.4152,0,75.2966,0,0,0,2.68721,0,0,1.05949,24.9924,4.48867,0,0.823552,7.25946,0,1.06236,0.935587,1.42549,0,14.5405,5.74375,0,4.50587,1.72186,1.29805,0.86346,13.1737,4.78062,0.567309,0.994951,5.05277,5.31797,5.5019,2.5961,2.6239,5.17506,2.7223,0.994951,0,0,0,0,6.06828,4.44652,5.45723,21.4046,9.71354,0,0.736862,1.87753,0,0,74.1769,0,5.12911,7.1575,2.41982,7.78829,0,7.41642,61.5146,1.96743,4.112,13.7789,1.45189,0,3.32918,0,1.56491,6.90768,0.86728,0.902557,3.84863,0,2.1839,10.2264,10.8724,7.61186,8.62913,15.2996,0.924554,53.9229,3.78145,1.54032,0,1.42549,0.755319,5.25756,22.7253,0,0.931142,25.7061,12.7656,10.5602,3.66365,0,3.99196,0.491242,3.54939,2.38546,1.18971,27.5474,3.03296,54.6491,8.71135,0.535274,13.2511,2.67037,13.1067,0,0.992432,0,0,3.03884,11.2405,59.4634,2.60906,14.1099,36.7813,10.7081,3.14027,4.52423,3.22643,30.0104,4.94131,19.7042,0.780898,1.21684,6.60692,4.26109,0,19.2959,3.42372,3.42367,2.60184,13.58,10.0638,1.79977,15.6358,5.93956,3.66365,15.0967,5.39015,5.05366,26.103,0,13.2731,72.3528,16.361,3.67051,2.24006,36.047,14.0267,2.07194,16.8442,4.11776,67.6746,35.4114,6.87008,32.7706,25.4971,12.5669,12.714,3.86853,7.59547,240.304,11.768,4.13513,1.02419,10.736,11.3626,10.1382,7.69256,11.8343,2.6547,10.1987,2.80408,35.0905,32.9733,1.82841,0,0,16.5505,7.83151,8.87775,2.98107,20.8022,11.4547,8.53434,23.8469,14.7143,7.56778,4.94093,6.10133,39.6587,30.3342,31.2048,38.7615,68.1604,15.9202,56.2391,69.8387,29.015,139.561,58.3937,0.298561,0,173.719,81.6245,19.2792,19.9144,41.2643,12.986,103.768,3.88655,2.00006,76.1554,1.05758,98.0982,0.48697,12.1436,77.5855,0,122.661,1.18218,0,1.68005,62.3784,652.32,0.800226,0.347527,0.53166,6.59527,5.06183,2.00688,2.15613,5.78408
TP17L1,95.21606119,0,0,0,0,0,0,0,0,0,0,0,0,0,0,0,0,0,0,0,0,0,0,0,0,0,0,0,0,0,0,0,0,0,0,0,0,0,0,0,0,0,0,0,0,0,0,0,0,0,0,0,0,0,0,0,0,0,0,0,0,0,0,0,0,0,0,0,0,0,0,0,0,0,0,0,0,0,0,0,0,0,0,0.630968,0,0,0,0,0.806445,0,0,0,0,0,0,0,0,0,0,0,0,0,0,0,0,0,0,0,0,0,0,0,0,0,0,0,0,0,1.16986,0,0,0,0,0,0,0,0.338186,0,0,0,0,0,0,0,0,0,0,0,0,0,0,0,0,0,0,0,0,0,0,0,0,0,0,0,1.85113,0,0,0,0,4.58115,0,0,0,1.69831,0,1.30109,0,3.17876,0,0,0,0,0,0,2.15477,1.25036,0,0.326441,0,13.5804,0,0,0,0,0,8.68084,0,0,0,0,0,2.84925,1.08814,2.43373,0,0,0,0,0,0,2.04946,0,0,1.39784,1.27373,0,0,7.14959,1.97521,1.58476,2.06499,0,5.0791,0,0,0,0,0,11.5581,1.82327,0.839348,1.31047,1.83554,1.44412,4.11439,1.17744,3.31067,1.96807,0,2.82464,3.77271,0,0,1.58016,1.7473,0,0.639855,2.88443,0,2.86924,1.647,39.2797,5.96887,0,5.70845,4.26737,0,0,3.35481,8.01347,0,0,2.18063,0.917772,2.37025,1.87339,0.951408,0,4.63963,23.7965,2.24807,0,5.71842,8.61354,4.88617,1.68258,2.45198,6.53861,0.668904,0,2.2954,1.82327,9.87603,6.36679,0,1.87985,0,0,0,5.26721,15.9753,8.41941,4.72679,0,4.56577,2.6241,6.978,0,0,0,1.72245,0,6.43886,4.89173,1.43841,0,0,2.08711,4.40827,5.25452,2.59758,0.666451,0,3.65877,7.31754,1.32641,13.9274,0,0,4.3569,2.26206,3.74767,8.28086,5.43797,2.4893,2.42292,9.84683,0.725908,5.71842,2.26206,6.56925,0,8.25995,1.39784,14.4807,2.17627,1.70896,13.182,1.26194,0,10.2137,8.46845,1.53134,4.16946,2.68488,9.00232,1.6545,20.6407,0.987602,8.79191,4.86747,1.88822,1.35949,3.489,0.736698,7.07995,0,1.44221,1.37016,12.1146,6.07981,5.90956,1.95163,1.98239,2.81008,14.5591,7.98764,0,2.50647,0.798179,12.6361,2.63518,1.14529,1.66206,5.52257,1.38365,2.9278,2.11301,3.82566,1.80515,10.2171,1.7992,1.89291,1.38365,8.91872,10.5272,0,3.5748,10.1267,11.5074,1.26486,10.2057,2.89464,8.20666,4.09892,37.028,5.04775,1.29388,35.2556,0.773272,2.03797,29.0954,3.36516,7.22062,1.13103,1.4734,47.6155,0.684011,0,18.2038,2.0191,3.28408,4.62978,10.3076,6.52882,10.8071,16.8854,6.27578,12.2335,5.73849,18.2225,3.16033,13.4399,17.9609,9.73881,18.9126,9.51453,88.0821,5.25875,13.3879,5.22133,2.37886,1.0504,15.8783,9.48098,0,10.3593,25.9966,0.739697,5.4224,5.09492,2.39629,3.33089,15.7125,15.455,39.8086,23.9902,8.04752,3.16338,45.3823,23.1279,2.09676,0,9.65536,65.4519,7.49169,4.14043,45.9217,16.0866,4.22602,1.95397,141.721,2.72125,3.41256,17.4989,9.71181,4.00315,8.51762,44.3271,79.9911,4.58115,11.5377,6.51581,8.96064,15.8484,15.6704,4.15094,84.7394,7.89265,4.76119,0,11.3312,31.9896,5.08852,4.65946,13.7666,19.1895,18.1952,6.81446,92.6285,21.3914,17.3854,7.09839,13.4422,16.382,15.3134,1.24607,20.365,51.8442,9.22041,15.6165,18.3246,6.39861,45.7897,37.0579,29.2355,27.2259,4.12517,12.5454,16.1395,15.8442,198.344,41.2313,4.60048,6.40942,6.05281,65.1818,18.7985,44.219,24.172,23.3814,6.20503,38.9955,49.4963,13.7685,8.64521,53.3187,5.38291,82.2009,4.84046,22.6847,2.07284,8.35189,51.1863,10.286,15.4254,41.8011,29.4679,15.5971,6.36369,25.4548,8.11245,49.7241,60.0172,109.539,22.4376,67.9635,51.5913,14.5947,84.908,62.0989,0.415199,0.252627,98.5414,95.969,73.1641,74.3775,49.351,38.9118,173.907,47.8292,6.25817,71.8059,1.961,177.156,4.74049,39.5806,94.9157,2.6593,226.855,1.20641,1.03642,1.55759,12.7336,483.057,3.8584,2.41647,0.985817,18.3453,4.69288,7.03157,2.50804,15.3617
TP17L20,98.77844868,0,0,0,0,0,0,0,0,0,0,0,0,0,0,0,0,0,0,0,0,0,0,0,0,0,0,0,0,0,0,0,0,0,0,0,0,0,0,0,0,0,0,0,0,0,0,0,0,0,0,0,0,0,0,0,0,0,0,0,0,0,0,0,0,0,0,0,0,0,0,0,0,0,0,0,0,0,0,0,0,0,0,0,0,0,0,0,0,0,0,0,0,0,0,0,0,0,0,0,0,0,0,0,0,0,0,0,0,0,0,0,0,0,0,0,0,0,0,0,0,0,0,0,0,0,0,0,0,0,0,0,0,0,0,0,1.85206,0,0,0,0,2.01065,2.43512,0,0,0,0,0,0,0,0,0,0,0,0,1.51494,0,0,0,0,0,0,0,0,0,0,0,1.91686,0,0,0,0,0,0,0,2.26198,0,0,0,4.67959,0,0,0,1.1239,0,0,0,0,0,0,0,0,0,0,0,3.23087,4.94347,0,0,0,2.47174,0,0,1.68585,0,0,6.36273,2.15568,1.19109,1.91128,0,0,0,0,5.09676,0,0,3.3545,9.29303,0,0,0,0,0,0,0,2.66187,0,0,1.13555,2.27502,6.75495,3.41549,0,8.42926,0,1.54339,0,1.5767,3.46043,1.98635,0,2.39957,2.64505,3.44231,1.28666,0,0,2.02302,1.65526,0.996185,0,1.75328,0,11.4345,4.51878,4.58975,0,1.3989,41.7449,0,0,0,0,0,10.1463,1.97146,3.94292,0,0.496963,2.76835,0,38.1149,1.91966,0,11.3359,3.44231,0,2.29488,9.52872,16.8585,5.07708,1.90024,0,12.9426,0,0,2.26718,7.53993,1.73937,0,0,5.17702,1.31103,1.73478,0,0,0,1.77219,0.792147,3.57364,0,2.12777,11.767,2.94175,0,4.79914,2.58851,0,1.97048,2.72814,6.0622,4.99353,1.63961,4.5033,0,9.71648,1.75095,0,2.72814,1.3233,4.98093,9.96185,0,24.6556,15.7481,5.49619,11.4345,0,0,23.0966,10.2133,0,12.5714,0,9.49433,2.99309,24.8935,4.76436,6.77817,0,0,1.63961,3.15591,0,6.98623,0,0,1.38126,9.74047,3.66626,3.56359,3.13834,1.19542,0,26.3383,0,0,7.55727,0,0,0,0,0,0.951494,3.33747,2.11863,7.64514,9.22782,0,10.562,0,0,0,1.34454,11.7893,1.40488,2.15568,0,7.48374,6.10192,18.4628,4.65474,8.48364,0,8.19268,6.0878,1.04032,44.0946,0,1.22894,26.7795,0,4.35419,5.45628,3.55396,33.0931,0,2.29889,34.6651,3.65268,9.90184,3.48982,3.45316,0,10.1374,17.4553,1.00918,12.9099,11.5348,43.9542,7.62298,13.4666,3.19166,0,23.3797,3.41146,61.7287,4.22818,12.9171,6.67495,1.43451,0,19.15,13.3402,0.596468,4.68515,16.5968,2.67632,6.83785,0,0,6.69534,14.8304,7.93741,16.0036,15.9631,25.0849,0,53.1349,13.2825,3.3717,14.8165,2.68726,57.9543,7.80394,4.99353,27.6918,12.9341,5.09676,11.7828,152.153,3.28194,1.02892,21.1044,18.7406,1.75563,16.7714,21.6455,97.5213,3.86754,6.95748,7.85835,9.47785,6.65845,8.07658,0,103.903,4.57098,5.7422,4.36382,12.1475,24.113,10.3725,28.0975,13.2825,6.6274,10.9721,1.6437,17.0843,11.7268,25.4606,6.84877,14.4106,5.48816,13.5436,3.00563,25.5058,33.4313,6.25511,17.978,1.38126,27.0662,45.8466,20.7628,24.8889,36.0766,2.13468,12.3794,8.90738,5.49411,216.438,38.196,8.32256,4.29446,6.81328,52.408,18.1374,32.7598,20.4688,11.8733,10.1562,22.5745,42.0385,27.4417,6.13323,17.8907,0,100.724,6.56752,9.76104,0,12.2472,35.1593,14.3138,6.35248,14.7041,22.8469,15.2278,5.75617,33.2578,33.2655,55.6079,49.596,86.0928,19.795,59.5796,63.1584,12.4249,63.7048,41.0476,0,0,155.265,88.6418,51.5275,51.5008,53.9827,42.3138,220.152,28.6133,2.51587,67.8607,0.000157,151.242,3.67537,24.8227,114.962,0,152.706,3.18279,0,5.63556,18.2367,402.548,2.18098,1.16575,3.26958,23.9974,14.1495,3.14155,3.38512,17.3541
TP17L12,98.47721592,0,0,0,0,0,0,0,0,0,0,0,0,3.3098,0,0,0,0,0,0,0,0,0,0,0,0,0,0,0,0,0,0,0,0,0,0,0,0,0,0,0,0,0,0,0,0,0,0,0,0,0,0,0,0,0,0,0,0,0,0,0,0,0,0,0,0,0,0,0,0,0,1.77126,0,0,0,0,0,0,0,0,0,0,0,0,0,0,0,0,0,0,0,0,0,0,0,0.671767,0,0,0,0,0,0,0,0,0,0,0,0,0,0,0,0,0,0,1.75074,0,0,0,0,0,0,0,0,0,1.85079,0,0,0,0,0,0,0,0,0,0,0,0,0,0,0,0,0,0,0,0.444988,0,0.931095,0,0,0,0,0,2.15925,1.04721,0.769852,0,0,0,0,0,1.26307,0,0,0,0,0,0,0,0,0,0,0,0,1.23554,0,1.56001,0,0.543046,0,3.22735,1.01897,5.13332,1.58546,0,0,2.88817,0,0,0,0,0,0,0.905076,0,0,0,8.52337,0,0,0,0,0,0,10.4641,0,0,8.77632,2.9734,1.64291,0,0,5.86981,0,0,0,1.42145,0,1.15674,1.60227,3.03306,0,0,0,1.20117,0,0.979359,6.42531,1.63698,0,0.783149,0,1.55289,3.53332,2.62866,1.45334,2.0243,0,3.59875,9.78654,2.38654,1.36992,10.0765,1.6549,1.35059,4.7481,2.66209,0,0,0,1.16705,0,12.2921,1.20918,0,0,1.55822,0,0,3.85909,32.3888,0,3.03306,0,0,0.580593,4.19855,1.35965,2.7193,1.11274,1.02822,2.86385,1.51653,16.4291,3.3098,0.855553,21.8904,1.18702,0,0,0,21.5925,14.006,3.93159,1.88151,1.78521,0.545659,0,0,3.12002,1.19958,6.44706,0,2.97535,1.35626,0,5.39813,0,0,4.88887,4.37054,2.11449,0,0,3.04324,0,2.20654,0,0,0,4.98289,1.88151,1.12517,13.7755,0,6.55663,1.00765,9.30712,0,3.17093,1.88151,0,0,1.50114,0,14.8786,4.52538,1.42145,23.6579,1.04964,0,15.9289,2.64142,1.27372,17.3401,0,0.818489,0.688077,20.1979,0.821455,6.23289,2.69907,4.82386,1.13078,0.725509,1.83828,13.9191,0,1.19958,2.08621,10.0765,1.68566,1.22884,0,0.824442,0,6.72764,11.6267,0.539813,5.21199,1.3278,1.50147,1.99755,1.90522,6.91224,1.96864,2.30174,2.43525,1.75753,0,0,5.46317,2.99302,0,1.15087,0,0,0,1.4867,2.8077,1.75978,12.6249,14.8554,1.60511,6.82602,1.70467,8.08699,12.5956,2.15242,56.4767,0.643182,6.78046,16.5583,1.86602,6.00587,1.88151,2.45104,45.982,0,1.58546,102.802,0,28.6816,2.88817,1.90522,1.81015,6.99141,5.01596,3.47999,2.54386,3.18206,6.31536,14.4576,4.20723,7.09112,13.8451,19.2703,1.71111,59.898,10.2061,4.89968,0,0.98933,0.873686,5.86981,14.4576,0,5.38531,96.5027,8.61357,8.82213,1.05945,0.996578,12.9291,2.2729,4.5618,18.3953,1.37616,24.9971,1.75413,66.1639,16.4888,1.74401,22.9915,7.41324,16.539,10.7642,2.29591,4.91094,22.3005,8.31671,11.3767,120.397,2.64068,4.25768,20.153,11.8477,3.93509,6.54117,16.1713,73.7659,7.62089,4.79834,9.936,11.1729,2.54743,10.6484,4.60348,50.5131,9.92538,6.93035,6.01915,18.8498,11.0866,3.71033,10.3349,13.7407,6.91312,9.31334,9.06886,10.0411,15.636,9.2961,10.0372,33.3007,13.626,13.5863,1.03644,13.03,12.9799,16.7764,12.3988,2.85783,31.76,52.4585,8.90993,20.0259,24.2176,12.8671,9.22853,14.1842,13.6575,189.723,66.2519,10.5229,5.92349,9.39778,73.0338,17.9814,13.1357,5.56109,12.2829,6.63575,20.1098,30.7321,39.0705,8.03677,21.5925,1.5694,61.8083,3.52286,12.1814,1.72412,20.4787,35.5629,13.8205,14.395,17.3844,6.12761,7.41324,9.26294,35.2874,18.8935,60.1583,59.3433,74.1493,32.6752,48.6336,49.2088,13.5676,82.4031,55.625,0,0,136.165,49.3617,59.8676,43.9603,36.2754,32.5844,242.11,26.0787,3.47023,55.469,1.22332,102.545,2.81642,30.8574,93.785,0.000789,174.064,1.19297,0,0,62.2243,437.294,4.05967,0.935649,3.48487,19.0331,5.20451,4.33324,2.02639,12.2405
TP3L6,4.043969342,0,0,0,0,0,0,0,0,0,0,0,0,0,0,0,0,0,0,0,0,0,0,0,0,0,0,0,0,0,0,0,0,0,0,0,0,0,0,0,0,0,0,0,0,0,0,0,0,0,0,0,0,0,0,0,0,0,0,0,0,0,0,0,0,0,0,0,0,0,0,0,0,0,0,0,0,0,0,0,0,0,0,0,0,0,0,0,0,0,0,0,0,0,0,0,0,0,0,0,0,0,0,0,0,0,0,0,0,0,0,0,0,0,0,0,0,0,0,0,0,0,0,0,0,0,0,0,0,0,0,0,0,0,0,0,0,0,0,0,0,0,0,0,0,0,0,0,0,0,0,0,0,0,0,0,0,0,0,0,0,0,0,0,0,0,0,0,0,0,0,0,0,0,0,0,0,0,0,0,0,0,0,0,0,0,0,0,0,0,0,0,0,0,0,0,0,0,0,0,0,0,0,0,0,0,0,0,0,0,0,0,0,0,0,0,0,0,0,0,0,0,0,0,0,0,0,0,0,0,0,0,0,0,0,0,0,0,0,0,0,0,0,0,0,0,0,0,0,0,0,0,0,0,0,0,0,0,0,0,0,0,0,0,0,0,0,0,0,0,0,0,0,0,0,0,0,0,0,0,0,0,0,0,0,0,0,0,0,0,0,0,0,0,0,0,0,0,0,0,0,0,0,0,0,0,0,0,0,0,0,0,0,0,0,0,0,0,0,0,0,0,0,0,0,0,0,0,0,0,0,0,0,0,0,0,0,0,0,0,0,0,0,0,0,0,0,0,0,0,0,0,0,0,0,0,0,0,0,0,0,0,0,0,0,0,0,0,0,0,0,0,0,0,0,0,0,0,0,0,0,0,0,0,0,0,0,0,0,0,0,0,0,0,0,0,0,0,0,0,0,0,0,0,0,0,0,0,0,0,0,0,0,0,0,0,0,0,0,0,0,0,0,0,0,3.42769,0,0,0,0,0,0,0,0,0,0,0,0,0,0,0,0,0,0,0,0,0,0,0,0,0,0,0,0,0,0,0,0,0,0,0,0,0,0,0,0,0,0,0,0,0,0,0,0,0,0,0,0,0,0,0,0,0,0,0,0,0,0,0,0,0,0,0,0,0,0,0,0,0,0,0,0,0,0,0,0,0,0,0,0,0,0,0,0,0,0,0,0,0,0,0,0,0,0,0,0,0,0,0,0,0,0,0,0,0,0,0,0,0,0,8.27452,0,5.51406,0,0,0,0,0,0,0,0,0,0,0,0,0,0,0,18.4259,0,0,0,5.39617,0,0,14.2998,10.0461,119.535,49.4649,27.097,49.2397,5.29305,203.934
TP3L14,16.07072948,0,0,0,0,0,0,0,0,0,0,0,0,0,0,0,0,0,0,0,0,0,0,0,0,0,0,0,0,0,0,0,0,0,0,0,0,0,0,0,0,0,0,0,0,0,0,0,0,0,0,0,0,0,0,0,0,0,0,0,0,0,0,0,0,0,0,0,0,0,0,0,0,0,0,0,0,0,0,0,0,0,0,0,0,0,0,0,0,0,0,0,0,0,0,0,0,0,0,0,0,0,0,0,0,0,0,0,0,0,0,0,0,0,0,0,0,0,0,0,0,0,0,0,0,0,0,0,0,0,0,0,0,0,0,0,0,0,0,0,0,0,0,0,0,0,0,0,0,0,0,0,0,0,0,0,0,0,0,0,0,0,0,0,0,0,0,0,0,0,0,0,0,0,0,0,0,0,0,0,0,0,0,0,0,0,0,0,0,0,0,0,0,0,0,0,0,0,0,0,0,0,0,0,0,0,0,0,0,0,0,0,0,0,0,0,0,0,0,0,0,0,0,0,0,0,0,0,0,0,0,0,0,0,0,0,0,0,0,0,0,0,0,0,0,0,0,0,0,0,0,0,0,0,0,0,0,0,0,0,0,0,0,0,0,0,0,0,0,0,0,0,0,0,0,0,0,0,0,0,0,0,0,0,0,0,0,0,0,0,0,0,0,0,0,0,0,0,0,0,0,0,0,0,0,0,0,0,0,0,0,0,0,0,0,0,0,0,0,0,0,0,0,0,0,0,0,0,0,0,0,0,0,0,0,0,0,0,0,0,0,0,0,0,0,0,0,0,0,0,0,0,0,0,0,0,0,0,0,0,0,0,0,0,0,0,0,0,0,0,0,0,0,0,0,0,0,0,0,0,0,0,0,0,0,0,0,0,0,0,0,0,0,0,0,0,0,0,0,0,0,0,0,0,0,0,0,0,0,0,0,0,0,0,0,0,0,0,0,0,0,0,0,0,0,0,0,0,0,0,0,0,0,0,0,0,0,0,0,0,0,0,0,0,0,0,0,0,0,0,0,0,0,0,0,0,0,0,0,0,0,0,0,0,0,0,0,0,0,0,0,0,0,0,0,0,0,0,0,0,0,0,0,0,0,0,0,0,0,0,0,0,0,0,0,0,0,0,0,0,0,0,0,0,0,0,0,0,0,0,0,0,0,0,0,0,0,0,0,0,0,0,0,0,0,0,0,0,0,0,0,0,0,0,0,0,0,0,0,0,0,0,2.09851,0,0,0,0,0,0,0,0,0,0,3.3915,0,0,0,0,73.587,0,0,7.16987,0,0,0,0.510377,3.3434,180.725,58.3662,5.41084,44.4703,24.8559,219.449
TP3L17,6.719256797,0,0,0,0,0,0,0,0,0,0,0,0,0,0,0,0,0,0,0,0,0,0,0,0,0,0,0,0,0,0,0,0,0,0,0,0,0,0,0,0,0,0,0,0,0,0,0,0,0,0,0,0,0,0,0,0,0,0,0,0,0,0,0,0,0,0,0,0,0,0,0,0,0,0,0,0,0,0,0,0,0,0,0,0,0,0,0,0,0,0,0,0,0,0,0,0,0,0,0,0,0,0,0,0,0,0,0,0,0,0,0,0,0,0,0,0,0,0,0,0,0,0,0,0,0,0,0,0,0,0,0,0,0,0,0,0,0,0,0,0,0,0,0,0,0,0,0,0,0,0,0,0,0,0,0,0,0,0,0,0,0,0,0,0,0,0,0,0,0,0,0,0,0,0,0,0,0,0,0,9.47777,0,0,0,0,0,0,0,0,0,0,0,0,0,0,0,0,0,0,0,0,0,15.5631,0,0,0,0,0,0,0,0,0,0,0,0,0,0,0,0,0,0,0,0,0,0,0,0,0,0,0,0,0,0,0,0,0,0,0,0,0,0,0,0,0,0,0,0,0,0,0,0,0,0,0,0,0,0,0,0,0,0,0,0,0,0,0,0,0,0,0,0,0,0,0,0,0,0,0,0,0,0,0,0,0,0,0,0,0,0,0,0,0,0,0,0,0,0,0,0,0,0,0,0,0,0,0,0,0,0,0,0,0,0,0,0,0,0,0,0,0,0,0,0,0,0,0,0,0,0,0,0,0,0,0,0,0,0,0,0,0,0,0,0,0,0,0,0,0,0,0,0,0,0,0,0,0,0,0,0,0,0,0,0,0,0,0,0,0,0,0,0,0,0,0,0,0,0,0,0,0,0,0,0,0,0,0,0,0,0,0,0,0,0,0,0,0,0,0,0,0,0,0,0,0,0,0,0,0,0,0,0,0,0,0,0,0,0,0,0,0,0,0,0,0,0,0,0,0,0,0,0,0,0,0,0,0,0,0,0,0,0,0,0,0,0,0,0,0,0,0,0,0,0,0,0,0,0,0,0,0,0,0,0,0,0,0,0,0,0,0,0,0,0,0,0,0,0,0,0,0,0,0,0,0,0,0,0,0,0,0,0,0,0,0,0,0,0,0,0,0,0,0,0,0,0,0,0,0,0,0,0,0,0,0,0,0,0,0,0,0,0,0,0,0,0,0,0,0,0,0,0,0,0,0,0,0,0,0,0,0,0,6.42438,3.97624,0,0,0,0,0,0,0,0,0,0,0,0,2.61963,4.08287,0,0,0,0,24.0548,0,0,0,0,18.6951,13.3469,55.2306,24.2043,74.1927,26.0973,177.104
TP4L6,32.29236222,0,0,0,0,0,0,0,0,0,0,0,0,0,0,0,0,0,0,0,0,0,0,0,0,0,0,0,0,0,4.24093,0,0,0,0,0,0,0,0,0,0,0,0,0,0,0,0,0,0,0,0,0,0,0,0,0,0,0,0,0,0,0,0,0,0,0,0,0,0,0,0,0,0,0,0,0,0,0,0,0,0,0,0,0,0,0,0,0,0,0,0,0,0,0,0,0,0,0,0,0,0,0,0,0,0,0,0,0,0,0,0,0,0,0,0,0,0,0,0,2.11003,0,0,0,0,0,0,0,0,0,0,0,0,0,0,0,0,0,0,0,0,0,0,0,0,0,0,0,0,0,0,0,0,0,0,4.37053,0,0,0,0,0,0,0,0,0,0,0,0,0,0,0,0,0,0,0,0,0,0,0,0,0,0,0,0,0,0,0,0,0,0,0,0,0,0,0,0,0,0,0,0,0,0,0,0,0,0,0,0,0,0,0,0,0,0,0,0,0,0,0,0,0,0,0,0,0,0,0,0,0,0,0,0,0,0,0,0,0,0,0,0,0,0,0,0,0,0,0,0,0,0,0,0,0,0,0,0,0,0,0,0,0,0,0,0,0,0,0,0,0,0,0,0,0,0,0,0,0,0,0,0,0,0,0,0,0,0,0,0,0,0,0,0,0,0,0,0,0,0,0,0,0,0,0,0,0,0,0,0,0,0,0,0,0,0,0,0,0,0,0,0,0,0,0,0,0,0,0,0,0,0,0,0,0,0,0,0,0,0,0,0,0,0,0,0,0,0,0,0,0,0,0,0,0,0,0,0,0,0,0,0,0,0,0,0,0,0,0,0,0,0,0,0,0,0,0,0,0,0,0,0,0,0,0,0,0,0,0,0,0,0,0,0,0,0,0,0,0,0,0,0,0,0,0,0,0,0,0,0,0,0,0,0,0,0,0,0,0,0,0,0,0,0,0,0,0,0,2.33597,0,0,0,0,0,0,0,0,0,0,0,0,0,0,0,0,0,0,0,0,0,0,0,0,0,0,0,0,0,0,0,0,0,0,0,0,0,0,0,0,0,0,0,0,0,0,0,2.46339,0,0,0,0,0,0,0,0,0,0,0,0,0,0,0,0,0,0,0,0,0,0,0,0,0,0,0,0,0,0,0,0,0,0,0,0,0,0,0,0,0,0,0,0,0,0,0,19.576,0,0,0,0,0,0,0,0,0,0,0,0,0,0,0,0,0,0,0,9.8029,1.18899,0,0,0,0,0,0,0,0,0,0,0,0,0,0,0,0,0,2.01242,24.47,14.71,86.4344,0,0,0,13.9651,21.452,40.6265,27.9352,17.888,128.172
TP4L14,9.513803972,0,0,0,0,0,0,0,0,0,0,0,0,0,0,0,0,0,0,0,0,0,0,0,0,0,0,0,0,0,0,0,0,0,0,0,0,0,0,0,0,0,0,0,0,0,0,0,0,0,0,0,0,0,0,0,0,0,0,0,0,0,0,0,0,0,0,0,0,0,0,0,0,0,0,0,0,0,0,0,0,0,0,0,0,0,0,1.45862,0,0,0,0,0,0,0,0,0,0,0,0,0,0,0,0,0,0,0,0,0,0,0,0,0,0,0,0,0,0,0,0,0,0,0,0,0,0,0,0,0,0,0,0,0,0,0,0,0,0,0,0,0,0,0,0,0,0,0,0,0,0,0,0,0,0,0,0,0,0,0,0,0,0,0,0,0,0,0,0,0,0,0,0,0,0,0,0,0,0,0,0,0,0,0,0,0,0,0,0,0,0,0,0,0,0,0,0,0,0,0,0,0,0,0,0,0,0,0,0,0,0,0,0,0,0,0,0,0,0,0,0,0,0,0,0,0,0,0,0,0,0,0,0,0,0,0,0,0,0,0,0,0,0,0,0,0,0,0,0,0,0,0,0,0,0,0,0,0,0,0,0,0,0,0,0,0,0,0,0,0,0,0,0,0,0,0,0,0,0,0,0,0,0,0,0,0,0,0,0,0,0,0,0,0,0,0,0,0,0,0,0,0,0,0,0,0,0,0,0,0,0,0,0,0,0,0,0,0,0,0,0,0,0,0,0,0,0,0,0,0,0,0,0,0,0,0,0,0,0,0,0,0,0,0,0,0,0,0,0,0,0,0,0,0,0,0,0,0,13.5079,0,0,0,0,0,0,0,0,0,0,0,0,0,0,0,0,0,0,0,0,0,0,0,0,0,0,0,0,0,0,0,0,0,0,0,0,0,0,0,0,0,0,0,0,0,0,0,0,0,0,0,0,0,0,0,0,0,0,0,0,0,0,0,0,0,0,0,0,0,0,0,0,0,0,0,0,0,0,0,0,0,0,0,0,0,0,0,0,0,0,0,0,0,0,0,0,0,0,0,0,0,0,0,0,0,0,0,0,0,0,0,0,0,0,0,0,0,0,0,0,0,0,0,0,0,0,0,0,0,0,0,0,0,0,0,0,0,0,0,0,0,0,0,0,0,0,0,0,0,0,0,0,0,0,0,0,0,0,0,150.473,0,0,0,0,0,0,0,0,0,0,0,0,0,0,0,0,0,0,0,0,0,0,0,0,0,0,0,0,0,0,0,0,0,0,0,0,0,0,0,0,6.90802,0,6.21461,7.19052,0,0,0,1.00E-06,0,15.3887,9.00527,43.4113,52.9252,20.5546,213.274
TP4L17,4.799258361,0,0,0,0,0,0,0,0,0,0,0,0,0,0,0,0,0,0,0,0,0,0,0,0,0,0,0,0,0,0,0,0,0,0,0,0,0,0,0,0,0,0,0,0,0,0,0,0,0,0,0,0,0,0,0,0,0,0,0,0,0,0,0,0,0,0,0,0,0,0,0,0,0,0,0,0,0,0,0,0,0,0,0,0,0,0,0,0,0,0,0,0,0,0,0,0,0,0,0,0,0,0,0,0,0,0,0,0,0,0,0,0,0,0,0,0,0,0,0,0,0,0,0,0,0,0,0,0,0,0,0,0,0,0,0,0,0,0,0,0,0,0,0,0,0,0,0,0,0,0,0,0,0,5.68966,0,0,0,0,0,0,0,0,0,0,0,0,0,0,0,0,0,0,0,0,0,0,0,0,0,0,0,0,0,0,0,0,0,0,0,0,0,0,0,0,0,0,0,0,0,0,38.5197,0,0,0,0,0,0,0,0,0,0,0,0,0,0,0,0,0,0,0,0,0,0,0,0,0,0,0,0,0,0,0,0,0,0,0,0,0,0,0,0,0,0,0,0,0,0,0,0,0,0,0,0,0,0,0,0,0,0,0,0,0,0,0,0,0,0,0,0,0,0,0,0,0,0,0,0,0,0,0,0,0,0,0,0,0,0,0,0,0,0,0,0,0,0,0,0,0,0,0,0,0,0,0,0,0,0,0,0,0,0,0,0,0,0,0,0,0,0,0,0,0,0,0,0,0,0,0,0,0,0,0,0,0,0,0,0,0,0,0,0,0,0,0,0,0,0,0,0,0,0,0,0,0,0,0,7.97908,0,0,0,0,0,0,0,0,0,0,0,0,0,0,0,0,0,0,0,0,0,0,0,0,0,0,0,0,0,0,0,0,0,0,0,0,0,0,0,0,0,0,0,0,0,0,0,0,0,0,0,0,0,0,0,0,0,0,0,0,0,0,0,0,0,0,0,0,0,0,0,0,0,0,0,0,0,0,0,0,0,0,0,0,0,0,0,0,0,0,0,0,0,0,0,0,0,0,0,0,0,0,0,0,0,0,0,0,0,0,0,0,0,0,0,0,0,0,0,0,0,0,0,0,0,0,0,0,0,0,0,0,0,0,0,0,0,0,0,0,0,0,0,0,0,0,0,0,0,0,0,0,0,0,0,0,0,0,0,3.80E-05,0,0,0,0,0,0,0,0,0,0,0,0,0,0,0,0,0,0,0,0,0,0,0,2.55233,4.55955,0,0,0,0,0,0,0,0,0,0,0,0,2.0815,0,0,0,0,0,12.7423,14.3623,0,0,31.3996,5.94187,18.1802,19.9477,38.4644,37.1184,21.0096,144.743
TP5L6,10.15024422,0,0,0,0,0,0,0,0,0,0,0,0,0,0,0,0,0,0,0,0,0,0,0,0,0,0,0,0,0,0,0,0,0,0,0,0,0,0,0,0,0,0,0,0,0,0,0,0,0,0,0,0,0,0,0,0,0,0,0,0,0,0,0,0,0,0,0,0,0,0,0,0,0,0,0,0,0,0,0,0,0,0,0,0,0,0,0,0,0,0,0,0,0,0,0,0,0,0,0,0,0,0,0,0,0,0,0,0,0,0,0,0,0,0,0,0,0,0,0,0,0,0,0,0,0,0,0,0,0,0,0,0,0,0,0,0,0,0,0,0,0,0,0,0,0,0,0,0,0,0,0,0,0,0,0,0,0,0,0,0,0,0,0,0,0,0,0,0,0,0,0,0,0,0,0,0,0,0,0,0,0,0,0,0,0,0,0,0,0,0,0,0,0,0,0,0,0,0,0,0,0,15.5118,0,0,0,0,0,0,0,0,0,0,0,0,0,0,0,0,0,0,0,0,0,0,0,0,0,0,0,0,0,0,0,0,0,0,0,0,0,0,0,0,0,0,0,0,0,0,0,0,0,0,0,0,0,0,0,0,0,0,0,0,0,0,0,0,0,0,0,0,0,0,0,0,0,0,0,0,0,0,0,0,0,0,0,0,0,0,0,0,0,0,0,0,0,0,0,0,0,0,0,0,0,0,0,0,0,0,0,0,0,0,0,0,0,0,0,0,0,0,0,0,0,0,0,0,0,0,0,0,0,0,0,0,0,0,0,0,0,0,0,0,0,0,0,0,0,0,0,0,0,0,0,0,0,0,0,0,0,0,0,0,0,0,0,0,0,0,0,0,0,0,0,0,0,0,0,0,0,0,0,0,0,0,0,0,0,0,0,0,0,0,0,0,0,0,0,0,0,0,0,0,0,0,0,0,0,0,0,0,0,0,0,0,0,0,0,0,0,0,0,0,0,0,0,0,0,0,0,0,0,0,0,0,0,0,0,0,0,0,0,0,0,0,0,0,0,0,0,0,0,0,0,0,0,0,0,0,0,0,0,0,0,0,0,0,0,0,0,0,0,0,0,0,0,0,0,0,0,0,0,0,0,0,0,0,0,0,0,0,0,0,0,0,0,0,0,0,0,0,0,0,0,0,0,0,0,0,0,0,0,0,0,0,0,0,45.448,0,0,0,0,0,0,0,0,0,0,0,0,0,0,0,0,0,0,0,0,0,0,0,0,2.20259,0,0,0,0,0,0,0,0,0,0,0,0,0,0,0,41.0116,0,6.75032,0,18.0158,0,22.4197,15.8269,7.45336,7.60162,5.0044,12.0623,33.9079,19.6525,255.011
TP5L14,11.15253447,0,0,0,0,0,0,0,0,0,0,0,0,0,0,0,0,0,0,0,0,0,0,0,0,0,0,0,0,0,0,0,0,0,0,0,0,0,0,0,0,0,0,0,0,0,0,0,0,0,0,0,0,0,0,0,0,0,0,0,0,0,0,0,0,0,0,0,0,0,0,0,0,0,0,0,0,0,0,0,2.51591,0,0,0,0,0,0,0,0,0,0,0,0,0,0,0,0,0,0,0,0,0,0,0,0,0,0,0,0,0,0,0,0,0,0,0,0,0,0,0,0,0,0,0,0,0,0,0,0,0,0,0,0,0,0,0,0,0,0,0,0,0,0,0,0,0,0,0,0,0,0,0,0,0,0,0,0,0,0,0,0,2.70759,0,0,0,0,0,0,0,0,0,0,0,0,0,0,0,0,0,0,0,0,0,0,0,0,0,0,0,0,0,0,0,0,0,0,0,0,0,0,0,0,0,0,0,0,0,0,0,0,0,0,0,0,0,0,0,0,0,0,0,0,0,0,0,0,0,0,0,0,0,0,0,0,0,0,0,0,0,0,0,0,0,0,0,0,0,0,0,0,0,0,0,0,0,0,0,0,0,0,0,0,0,0,0,0,0,0,0,0,0,0,0,0,0,0,0,0,0,0,0,0,0,0,0,0,0,0,0,0,0,0,0,0,0,0,0,0,0,0,0,0,0,0,0,0,0,0,0,0,0,0,0,0,0,0,0,0,0,0,0,0,0,0,0,0,0,0,0,0,0,0,0,0,0,0,0,0,0,0,0,0,0,0,0,0,0,0,0,0,0,0,0,0,0,0,0,0,0,0,0,0,0,0,0,0,0,0,0,0,0,0,0,0,0,0,0,0,0,0,0,0,0,0,0,0,0,0,0,0,0,0,0,0,0,0,0,0,0,0,0,0,0,0,0,0,0,0,0,0,0,0,0,0,0,0,0,0,0,0,0,0,0,0,0,0,0,0,0,0,0,0,0,0,0,0,0,0,0,0,0,0,0,0,0,0,0,0,0,0,0,0,0,0,0,0,0,0,0,0,0,0,0,0,0,0,0,0,0,0,0,0,0,0,0,0,0,0,0,0,0,0,0,0,0,0,0,0,0,0,0,0,0,0,0,0,0,0,0,0,0,0,0,0,0,0,0,0,0,0,0,0,0,0,0,0,0,26.619,0,0,0,0,0,0,0,0,0,0,0,0,0,0,0,0,0,0,0,0,0,0,0,3.89745,2.75237,0,0,0,0,0,0,0,0,0,0,0,0,0,0,0,0,4.1269,9.6618,19.4576,29.242,0,0,9.29885,2.26833,2.31345,0,25.6969,24.6224,17.7915,169.77
TP5L17,10.34105815,0,0,0,0,0,0,0,0,0,0,0,0,0,0,0,0,0,0,0,0,0,0,0,0,0,0,0,0,0,0,0,0,0,0,0,0,0,0,0,0,0,0,0,0,0,0,0,0,0,0,0,0,0,0,0,0,0,0,0,0,0,0,0,0,0,0,0,0,0,0,0,0,0,0,0,0,0,0,0,0,0,0,0,0,0,0,0,0,0,0,0,0,0,0,0,0,0,0,0,0,0,0,0,0,0,0,0,0,0,0,0,0,0,0,0,0,0,0,0,0,0,0,0,0,0,0,0,0,0,0,0,0,0,0,0,0,0,0,0,0,0,0,0,0,0,0,0,0,0,0,0,0,0,0,0,0,0,0,0,0,0,0,0,0,0,0,0,0,0,0,0,0,0,0,0,0,0,0,0,0,0,0,0,0,0,0,0,0,0,0,0,0,0,0,0,0,0,0,0,0,0,0,0,0,0,0,0,0,0,0,0,0,0,0,0,0,0,0,0,0,0,0,0,0,0,0,0,0,0,0,0,0,0,0,0,0,0,0,0,0,0,0,0,0,0,0,0,0,0,0,0,0,0,0,0,0,0,0,0,0,0,0,0,0,0,0,0,0,0,0,0,0,0,0,0,0,0,0,0,0,0,0,0,0,0,0,0,0,0,0,0,0,0,0,0,0,0,0,0,0,0,0,0,0,0,0,0,0,0,0,0,0,0,0,0,0,0,0,0,0,0,0,0,0,0,0,0,0,0,0,0,0,0,0,0,0,0,0,0,0,0,0,0,0,0,0,0,0,0,0,0,0,0,0,0,0,0,0,0,0,0,0,0,0,0,0,0,0,0,0,0,0,0,0,0,0,0,0,0,0,0,0,0,0,0,0,0,0,0,0,0,0,0,0,0,0,0,0,0,0,0,0,0,0,0,0,0,0,0,0,0,0,0,0,0,0,0,0,0,0,0,0,0,0,0,0,0,0,0,0,0,0,0,0,0,0,0,0,0,0,0,0,0,0,0,0,0,0,0,0,0,0,0,0,0,0,0,0,0,0,0,0,0,0,0,0,0,0,0,0,0,0,0,0,0,0,0,0,0,0,0,0,0,0,0,0,0,0,0,0,0,0,0,0,0,0,0,0,7.34705,0,0,0,0,0,3.30644,0,0,0,0,0,0,0,0,0,0,0,107.743,0,0,0,0,0,0,0,0,0,0,0,0,0,0,0,0,0,0,7.92022,0,0,0,0,0,0,0,0,0,0,0,0,0,0,0,0,4.01709,0,0,0,0,21.7903,7.20485,3.54838,0,146.773,0,0,0,5.90689,2.01944,0,83.3157,32.0161,16.6534,296.389
TP6L6,15.71409697,0,0,0,0,0,0,0,0,0,0,0,0,0,0,0,0,0,0,0,0,0,0,0,0,0,0,0,0,0,0,0,0,0,0,0,0,0,0,0,0,0,0,0,0,0,0,0,0,0,0,0,0,0,0,0,0,0,0,0,0,0,0,0,0,0,0,0,0,0,0,0,0,0,0,0,0,0,0,0,0,0,0,0,0,0,0,0,0,0,0,0,0,0,0,0,0,0,0,0,0,0,0,0,0,0,0,0,0,0,0,0,0,0,0,0,0,0,0,0,0,0,0,0,0,0,0,0,0,0,0,0,0,0,0,0,0,0,0,0,0,0,0,0,0,0,0,0,0,0,0,0,0,0,0,0,0,0,0,0,0,0,0,0,0,0,0,0,0,0,0,0,0,0,0,0,0,0,0,0,0,0,0,0,0,0,0,0,0,0,0,0,0,0,0,0,0,0,0,0,0,0,0,0,0,0,0,0,0,0,0,0,0,0,0,0,0,0,0,0,0,0,0,0,0,0,0,0,0,0,0,0,0,0,0,0,0,0,0,0,0,0,0,0,0,0,0,0,0,0,0,0,0,0,0,0,0,0,0,0,0,0,0,0,0,0,0,0,0,0,0,0,0,0,0,0,0,0,0,0,0,0,0,0,0,0,0,0,0,0,0,0,0,0,0,0,0,0,0,0,0,0,0,0,0,0,0,0,0,0,0,0,0,0,0,0,0,0,0,0,0,0,0,0,0,0,0,0,0,0,0,0,0,0,0,0,0,0,0,0,0,0,0,0,0,0,0,0,0,0,0,0,0,0,0,0,0,0,0,0,0,0,0,0,0,0,0,0,0,0,0,0,0,0,0,0,0,0,0,0,0,0,0,0,0,0,0,0,0,0,0,0,0,0,0,0,0,0,0,0,0,0,0,0,0,0,0,0,0,0,0,0,0,0,0,0,0,0,0,0,0,0,0,0,0,0,0,0,0,0,0,0,0,0,0,0,0,0,0,0,0,0,0,0,0,0,0,0,0,0,0,0,0,0,0,0,0,0,0,0,0,0,0,0,0,0,0,0,0,0,0,0,0,0,0,0,0,0,0,0,0,0,0,0,0,0,0,0,0,0,0,0,0,0,0,0,0,0,0,0,0,0,0,0,0,0,0,0,0,0,0,0,0,0,0,0,0,19.1529,0,0,0,0,0,0,0,0,0,0,0,0,0,0,0,0,0,0,0,0,0,0,0,8.26332,0,0,0,0,0,0,0,0,0,0,0,0,0,0,0,0,13.4542,0,0,6.87563,5.16655,0,0,0,3.20619,4.90495,4.30545,25.9439,27.1552,21.3704,149.697
TP6L14,6.215437339,0,0,0,0,0,0,0,0,0,0,0,0,0,0,0,0,0,0,0,0,0,0,0,0,0,0,0,0,0,0,0,0,0,0,0,0,0,0,0,0,0,0,0,0,0,0,0,0,0,0,0,0,0,0,0,0,0,0,0,0,0,0,0,0,0,0,0,0,0,0,0,0,0,0,0,0,0,0,0,0,0,0,0,0,0,0,0,0,0,0,0,0,0,0,0,0,0,0,0,0,0,0,0,0,0,0,0,0,0,0,0,0,0,0,0,0,0,0,0,0,0,0,0,0,0,0,0,0,0,0,0,0,0,0,0,0,0,0,0,0,0,0,0,0,0,0,0,0,0,0,0,0,0,5.64399,0,0,0,0,0,0,3.51779,0,0,0,0,0,0,0,0,0,0,0,0,0,0,0,0,0,0,0,0,0,0,0,0,0,0,0,0,0,0,0,0,0,0,0,0,0,0,0,0,0,0,0,0,0,0,0,0,0,0,0,0,0,0,0,0,0,0,0,0,0,0,0,0,0,0,0,0,0,0,0,0,0,0,0,0,0,0,0,0,0,0,0,0,0,0,0,0,0,0,0,0,0,0,0,0,0,0,0,0,0,0,0,0,0,0,0,0,0,0,0,0,0,0,0,0,0,0,0,0,0,0,0,0,0,0,0,0,0,0,0,0,0,0,0,0,0,0,0,0,0,0,0,0,0,0,0,0,0,0,0,0,0,0,0,0,0,0,0,0,0,0,0,0,0,0,0,0,0,0,0,0,0,0,0,0,0,0,0,0,0,0,0,0,0,0,0,0,0,0,0,0,0,0,0,0,0,0,0,0,0,0,0,0,0,0,0,0,0,0,0,0,0,0,0,0,0,0,0,0,0,0,0,0,0,0,0,0,0,0,0,0,0,0,0,0,0,0,0,0,0,0,0,0,0,0,0,0,0,0,0,0,0,2.88318,0,0,0,0,0,0,0,0,0,0,0,0,0,0,0,0,0,0,0,0,0,0,0,0,0,0,0,0,0,0,0,0,0,0,0,0,0,0,0,0,0,0,0,0,0,0,6.62213,0,0,0,0,0,0,0,0,0,0,0,0,0,0,0,0,0,0,0,0,0,0,0,0,0,0,0,0,0,0,0,0,0,0,0,6.95462,0,0,0,0,0,0,0,0,0,0,0,0,0,0,0,0,0,0,32.8224,0,0,0,0,0,0,0,0,0,0,0,0,0,0,0,0,0,0,0,0,0,0,0,0,1.73205,0,0,0,0,0,0,0,0,0,0,0,0,2.06479,0,0,0,0,2.66786,25.2799,28.4941,0,0,0,8.84125,0,35.6176,28.6167,75.6101,21.2055,293.043
TP6L17,2.981191624,0,0,0,0,0,0,0,0,0,0,0,0,0,0,0,0,0,0,0,0,0,0,0,0,0,0,0,0,0,0,0,0,0,0,0,0,0,0,0,0,0,0,0,0,0,0,0,0,0,0,0,0,0,0,0,0,0,0,0,0,0,0,0,0,0,0,0,0,0,0,0,0,0,0,0,0,0,0,0,0,0,0,0,0,0,0,0,0,0,0,0,0,0,0,0,0,0,0,0,0,0,0,0,0,0,0,0,0,0,0,0,0,0,0,0,0,0,0,0,0,0,0,0,0,0,0,0,0,0,0,0,0,0,0,0,0,0,0,0,0,0,0,0,0,0,0,0,0,0,0,0,0,0,0,0,0,0,0,0,0,0,0,0,0,0,0,0,0,0,0,0,0,0,0,0,12.0895,0,0,0,0,0,0,0,0,0,0,0,0,0,0,0,0,0,0,0,0,0,0,0,0,0,0,0,0,0,0,0,0,0,0,0,0,0,0,0,0,0,0,0,0,0,0,0,0,0,0,0,0,0,0,0,0,0,0,0,0,0,0,0,12.4912,0,0,0,0,0,0,0,0,0,0,0,0,0,0,0,0,0,0,0,0,0,0,0,0,0,0,0,0,0,0,0,0,0,0,0,0,0,0,0,0,0,0,0,0,0,0,0,0,0,0,0,0,0,0,0,0,0,0,0,0,0,0,0,0,0,0,0,0,0,0,0,0,0,0,0,0,0,0,0,0,0,0,0,0,0,0,0,0,0,0,0,0,0,0,0,0,0,0,0,0,0,0,0,0,0,0,0,0,0,0,0,0,0,0,0,0,0,0,0,0,0,0,0,0,0,0,0,0,0,0,0,0,0,0,0,0,0,0,0,0,0,0,0,0,0,0,0,0,0,0,0,0,0,0,0,0,0,0,0,0,0,0,0,0,0,0,0,0,0,0,0,0,0,0,0,0,0,0,0,0,0,0,0,0,0,0,0,0,0,0,0,0,0,0,0,0,0,0,0,0,0,0,0,0,0,0,0,0,0,0,0,0,0,0,0,0,0,0,0,0,0,0,0,0,0,0,0,0,0,0,0,0,0,0,0,0,0,0,0,0,0,0,0,0,0,0,0,0,0,0,0,0,0,0,0,0,0,0,0,0,0,0,0,0,0,0,0,0,0,0,0,0,0,0,0,0,7.85832,0,0,0,0,0,0,6.00086,0,0,0,0,0,0,0,0,0,0,0,0,0,0,0,0,6.29793,4.17305,0,0,0,0,8.70441,0,0,0,0,0,7.43632,0,0,0,0,40.3375,13.3374,7.27986,0,76.7853,0,0,39.2162,0,3.73833,34.4549,23.7279,114.821,34.0593,415.419
TP7L6,7.352477122,0,0,0,0,0,0,0,0,0,0,0,0,0,0,0,0,0,0,0,0,0,0,0,0,0,0,0,0,0,0,0,0,0,0,0,0,0,0,0,0,0,0,0,0,0,0,0,0,0,0,0,0,0,0,0,0,0,0,0,0,0,0,0,0,0,0,0,0,0,0,0,0,0,0,0,0,0,0,0,0,0,0,0,0,0,0,0,0,0,0,0,0,0,0,0,0,0,0,0,0,0,0,0,0,0,0,0,0,0,0,0,0,0,0,0,0,0,0,0,0,0,0,0,0,0,0,0,0,0,0,0,0,0,0,0,0,0,0,0,0,0,0,0,0,0,0,0,0,4.79748,0,0,0,0,0,0,0,0,0,0,0,0,0,0,0,0,0,0,0,0,0,0,0,0,0,0,20.5366,0,0,0,15.7832,0,0,0,0,0,0,0,0,0,0,0,0,0,0,0,0,0,0,0,0,0,0,0,0,0,0,0,0,0,0,0,0,0,0,0,0,0,0,0,0,0,0,0,0,0,0,0,0,0,0,0,0,0,0,0,0,0,0,0,0,0,0,0,0,0,0,0,0,0,0,0,0,0,0,0,0,0,0,0,0,0,0,0,0,0,0,0,0,0,0,0,0,0,0,0,0,0,0,0,0,0,0,0,0,0,0,0,0,0,0,0,0,0,0,0,0,0,0,0,0,0,0,0,0,0,0,0,0,0,0,0,0,0,0,0,0,0,0,0,0,0,0,0,0,0,0,0,0,0,0,0,0,0,0,0,0,0,0,0,0,0,0,0,0,0,0,0,0,0,0,0,0,0,0,0,0,0,0,0,0,0,0,0,0,0,0,0,0,0,0,0,0,0,0,0,0,0,0,0,0,0,0,0,0,0,0,0,0,0,0,0,0,0,0,0,0,0,0,0,0,0,0,0,0,0,0,0,0,0,0,0,0,0,0,0,0,0,0,0,0,0,0,0,0,0,0,0,0,0,0,0,0,0,0,0,0,0,0,0,0,0,0,0,0,0,0,0,0,0,0,0,0,0,0,0,0,0,0,0,0,0,0,0,0,0,0,0,0,0,0,0,0,0,0,0,0,0,0,0,0,0,0,0,0,0,0,0,0,0,0,0,0,0,0,0,0,0,0,0,0,0,0,0,0,0,0,0,0,0,0,0,0,0,0,0,0,29.0358,0,0,8.73571,0,0,0,0,0,0,0,0,0,0,0,0,0,0,0,0,0,0,0,0,2.67461,0,0,0,0,0,0,0,0,0,0,0,0,0,4.36243,3.39957,2.61291,34.261,0,2.93402,6.67634,20.0672,0,0,35.8434,6.22652,3.17519,12.542,10.0768,29.9638,26.6763,202.237
TP8L14,31.28335358,0,0,0,0,0,0,0,0,0,0,0,0,0,0,0,0,0,0,0,0,0,0,0,0,0,0,0,0,0,0,0,0,0,0,0,0,0,0,0,0,0,0,0,0,0,0,0,0,0,0,0,0,0,0,0,0,0,0,0,0,0,0,0,0,0,0,0,0,0,0,0,0,0,0,0,0,0,0,0,0,0,0,0,0,0,0,0,0,0,0,0,0,0,0,0,0,0,0,0,0,0,0,0,0,0,0,0,0,0,0,0,0,0,0,0,0,0,0,0,0,0,0,0,0,0,0,0,0,0,0,0,0,0,0,0,0,0,0,0,0,0,0,0,0,0,0,0,0,0,0,0,0,0,0,0,0,0,0,0,0,0,0,0,0,0,0,0,0,0,0,0,0,0,0,0,0,0,0,0,7.59734,0,0,0,0,0,0,0,0,0,0,0,0,0,0,0,0,0,0,0,0,0,0,0,0,0,0,0,0,0,0,0,0,0,0,0,0,0,0,0,0,0,0,0,0,0,0,0,0,0,0,0,0,0,0,0,0,0,0,0,0,0,0,0,0,0,0,0,0,0,0,0,0,0,0,0,0,0,0,0,0,0,0,0,0,0,0,0,0,0,0,0,0,0,0,0,0,0,0,0,0,0,0,0,0,0,0,11.658,0,0,0,0,0,0,0,0,0,0,0,0,0,0,0,0,0,0,0,0,0,0,0,0,0,0,0,0,0,0,0,0,0,0,0,0,0,0,0,0,0,0,0,0,0,0,0,0,0,0,0,0,0,0,0,0,0,0,0,0,0,0,0,0,0,0,0,0,0,0,0,0,0,0,0,0,0,0,0,0,0,0,0,0,0,0,0,0,0,0,0,0,0,0,0,0,0,0,0,0,0,0,0,0,0,0,0,0,0,0,0,0,6.26077,0,0,0,0,0,0,0,0,0,0,0,0,0,0,0,0,0,0,0,0,0,0,0,0,3.06789,0,0,0,0,0,0,0,0,0,0,0,0,0,0,0,0,0,0,0,0,0,0,0,0,0,0,0,0,0,0,0,0,0,0,0,0,0,0,0,0,8.58075,0,0,0,0,0,0,0,0,0,0,0,0,0,0,0,0,0,0,0,0,0,0,0,0,0,0,0,0,0,0,0,0,0,0,0,0,0,0,0,24.4987,0,3.91751,0,0,0,0,0,0,0,0,10.2927,0,3.75229,10.8762,0,0,0,0,0,10.8013,0,0,0,0,0,0,0,38.1295,4.12798,11.9887,0,0,0,0,2.57488,3.30238,9.8566,0,6.15813,4.46607,0,0,0,0,0,3.56626,0,0,0,3.27281,7.54646,16.4918,16.3588,2.63566,12.8548,101.424,0,27.0465,2.00E-06,11.9887,18.3408,28.1735,72.7578,81.2936,24.0418,384.548
TP8L6,13.94525656,0,0,0,0,0,0,0,0,0,0,0,0,0,0,0,0,0,0,0,0,0,0,0,0,0,0,0,0,0,0,0,0,0,0,0,0,0,0,0,0,0,0,0,0,0,0,0,0,0,0,0,0,0,0,0,0,0,0,0,0,0,0,0,0,0,0,0,0,0,0,0,0,0,0,0,0,0,0,0,0,0,0,0,0,0,0,0,0,0,0,0,0,0,0,0,0,0,0,0,0,0,0,0,0,0,0,0,0,0,0,0,0,0,0,0,0,0,0,0,0,0,0,0,0,0,0,0,0,0,0,0,0,0,0,0,0,0,0,0,0,0,0,0,0,0,0,0,0,0,0,0,0,0,0,0,0,0,0,0,0,3.17844,0,0,0,0,0,0,0,0,0,0,0,0,0,0,17.5651,0,0,0,0,0,0,0,0,0,0,6.36362,0,0,0,0,0,0,0,0,0,0,0,0,0,0,0,0,0,0,0,0,0,0,0,0,0,0,0,0,0,0,0,0,0,0,0,0,0,0,0,0,0,0,0,0,0,0,0,0,0,0,0,0,0,0,0,0,0,0,0,0,0,0,0,0,0,5.05661,0,0,0,0,0,0,0,0,0,0,0,0,0,0,0,0,0,0,0,0,0,0,0,0,0,0,0,0,0,0,0,0,0,0,0,0,0,0,0,0,0,0,0,0,0,0,0,0,0,0,0,0,0,0,0,0,0,0,0,0,0,0,0,0,0,0,0,0,0,0,0,0,0,0,0,0,0,0,0,0,0,0,0,0,0,9.48291,0,0,0,0,0,0,0,0,0,0,0,0,0,0,0,0,0,0,0,0,0,0,0,0,0,0,0,0,0,0,0,0,0,0,0,0,0,0,0,0,0,9.3717,0,0,0,0,0,0,0,0,0,0,0,0,0,0,0,0,0,0,83.4341,0,0,0,5.99527,0,0,0,0,0,0,0,0,0,0,0,0,0,0,0,0,0,0,0,0,0,0,0,0,0,105.267,0,0,0,0,0,0,0,0,0,0,0,0,0,0,0,0,0,0,0,0,0,0,0,0,0,0,0,0,0,0,0,41.8833,0,5.62477,0,304.937,0,0,0,0,0,0,0,0,0,0,0,0,0,0,0,0,0,0,0,0,0,5.65655,0,0,0,0,0,0,0,0,0,0,0,0,0,11.1245,0,0,0,0,0,0,0,0,0,0,0,0,0,10.2164,0,0,0,0,0,0,0,0,4.14579,19.1925,0,0,0,0,0,0,3.0618,0,0,0,0,0,0,3.28985,2.28761,2.89892,0,0,0,3.9678,0,12.3946,0,10.0456,3.83116,0,0,0,151.114,8.72302,2.23484,29.3037,9.68912,2.27816,0,17.1636,4.38486,0,2.03819,7.98837,5.43152,17.8787,60.3311,47.652,20.9906,145.199
TP8L17,14.44266315,0,0,0,0,0,0,0,0,0,0,0,0,0,0,0,0,0,0,0,0,3.77329,0,0,0,0,0,0,0,0,0,0,0,0,0,0,0,0,0,0,0,0,0,0,0,0,0,0,0,0,0,0,0,0,0,0,0,0,0,0,0,0,0,0,0,0,0,0,0,0,0,0,0,0,0,0,0,0,0,0,0,0,0,0,0,0,0,0,0,0,6.17973,0,0,0,0,0,0,0,0,0,0,0,0,0,0,0,0,0,0,0,0,0,0,0,0,0,0,0,0,0,0,0,0,0,0,0,0,0,0,0,0,0,0,0,0,0,0,0,0,0,0,0,0,0,0,0,0,0,0,0,0,0,0,0,0,0,0,0,0,0,0,0,0,0,0,0,0,0,0,0,0,0,0,0,0,0,0,0,0,0,8.16557,0,0,0,0,0,0,0,0,0,0,0,0,0,0,0,0,0,0,0,0,0,0,0,0,0,0,0,0,0,0,0,0,0,0,0,0,0,0,0,0,0,0,0,0,0,0,0,0,0,0,0,0,0,0,0,0,0,0,0,0,0,0,0,0,0,0,0,0,0,0,0,0,0,0,0,0,0,0,0,0,0,0,0,0,0,0,0,0,0,0,0,0,0,0,0,0,0,0,0,0,0,0,0,0,0,0,0,0,0,0,0,0,0,0,0,0,0,0,0,0,0,0,0,0,0,0,0,0,0,0,0,0,0,0,0,0,0,0,0,0,0,0,0,0,0,0,0,0,0,0,0,0,0,0,0,0,0,0,0,0,0,0,0,0,0,0,0,0,0,0,0,0,0,0,0,0,0,0,0,0,0,0,0,0,0,0,0,0,0,0,0,0,0,0,0,0,0,0,0,0,0,0,0,0,0,0,0,0,0,0,0,0,0,0,0,0,0,0,0,0,0,0,0,0,0,0,0,0,0,0,0,0,0,0,0,0,0,0,0,0,0,0,0,0,0,0,0,0,0,0,0,0,0,0,0,0,0,0,0,0,0,0,0,0,0,0,0,0,0,0,0,0,0,0,0,0,0,0,0,0,0,0,0,0,0,0,0,0,0,0,0,0,0,0,0,0,0,0,0,0,0,0,0,0,0,0,0,0,0,0,0,0,0,0,0,0,0,0,0,0,0,0,0,0,0,0,0,0,0,0,0,0,0,0,0,0,2.31723,0,0,1.19088,0,0,0,5.27384,0,0,0,0,0,0,0,0,0,0,0,0,0,5.72233,0,0,2.76746,3.15041,0,11.4627,0,0,0,0,0,0,0,0,0,10.207,4.51389,0,2.70363,88.2479,0,12.9674,13.8163,41.5277,5.30464,0,0.000178,3.22135,8.21356,34.6065,31.2799,33.1616,30.5546,296.205
TP9L14,37.16015602,0,0,0,0,0,0,0,0,0,0,0,0,0,0,0,0,0,0,0,0,0,0,0,0,0,0,0,0,0,0,0,0,0,0,0,0,0,0,0,0,0,0,0,0,0,0,0,0,0,0,0,0,0,0,0,0,0,0,0,0,0,0,0,0,0,0,0,0,0,0,0,0,0,0,0,0,0,0,0,0,0,0,0,0,0,0,0,0,0,0,0,0,0,0,0,0,0,0,0,0,0,0,0,0,0,0,0,0,0,0,0,0,0,0,0,0,0,0,0,0,0,0,0,0,0,0,0,0,0,0,0,0,0,0,0,0,0,0,0,0,0,0,0,0,0,0,0,0,0,0,0,0,0,0,0,0,0,0,0,0,0,0,0,0,0,0,0,0,0,0,0,0,0,0,0,10.7443,0,0,0,0,0,0,0,0,0,0,0,0,0,0,0,0,0,0,0,0,0,0,0,0,0,0,0,0,0,0,0,0,0,0,0,0,0,0,0,0,0,0,0,0,0,0,0,0,0,0,0,0,0,0,0,0,0,0,0,0,0,0,0,0,0,0,0,0,0,0,0,0,0,0,0,0,0,0,0,0,0,0,0,0,0,0,0,0,0,0,0,0,0,0,0,0,0,0,0,0,0,0,0,0,0,0,0,0,0,0,0,0,0,0,0,0,0,0,0,0,0,0,0,0,0,0,0,0,0,0,0,0,0,0,0,0,0,0,0,0,0,0,0,0,0,0,0,0,0,0,0,0,0,0,0,0,0,0,0,0,0,0,0,0,0,9.16347,0,0,0,0,0,0,0,0,0,0,0,0,0,0,0,0,0,0,0,0,0,0,0,0,0,0,0,0,0,0,0,0,0,0,0,0,0,0,0,0,0,0,0,0,0,0,0,0,0,0,0,0,0,0,0,0,0,0,0,0,0,0,0,0,0,0,0,0,0,0,0,0,0,0,0,0,0,0,0,0,0,0,0,0,0,0,0,0,0,0,0,0,0,0,0,0,0,0,0,0,0,0,0,0,0,0,0,0,0,0,0,0,0,0,0,0,0,0,0,0,0,0,0,0,0,0,0,0,0,0,0,0,0,0,0,0,0,0,0,0,0,0,0,0,0,0,0,0,0,0,0,0,0,0,0,0,0,0,0,0,0,0,0,0,0,0,0,0,0,0,0,0,0,0,0,0,0,0,0,0,0,0,0,11.7398,0,0,0,0,0,6.09378,0,0,0,0,0,0,0,0,0,4.10443,0,0,0,0,0,0,0,0,9.37386,0,23.1312,20.6435,0,3.55716,0,29.6136,5.9267,8.22791,0,57.7429,37.5502,68.5916,0,6.51516,36.5462,17.4979,84.3512,90.4065,10.2971,292.571
TP9L6,10.92130518,0,0,0,0,0,0,0,0,0,0,0,0,0,0,0,0,0,0,0,0,0,0,0,0,0,0,0,0,0,0,0,0,0,0,0,0,0,0,0,0,0,0,0,0,0,0,0,0,0,0,0,0,0,0,0,0,0,0,0,0,0,0,0,0,0,0,0,0,0,0,0,0,0,0,0,0,0,0,0,0,0,0,0,0,0,0,0,0,0,0,0,0,0,0,0,0,0,0,0,0,0,0,0,0,0,0,0,0,0,0,0,0,0,0,0,0,0,0,0,0,0,0,0,0,0,0,0,0,0,0,0,0,0,0,0,0,0,0,0,0,0,0,0,0,0,0,0,0,2.72614,0,0,0,0,0,0,0,0,0,0,0,0,0,0,0,0,0,0,0,0,0,0,0,0,0,0,11.6698,0,0,0,0,0,0,0,0,0,0,0,0,0,0,0,0,0,0,0,0,0,0,0,0,0,0,0,0,0,0,0,0,0,0,0,0,0,0,0,0,0,0,0,0,0,0,0,0,0,0,0,0,0,0,0,0,0,0,0,0,0,0,0,0,0,0,0,0,0,0,0,0,0,0,0,0,0,0,0,0,0,0,0,0,0,0,0,0,0,0,0,0,0,0,0,0,0,0,0,0,0,0,0,0,0,0,0,0,0,0,0,0,0,0,0,0,0,0,0,0,0,0,0,0,0,0,0,0,0,0,0,0,0,0,0,0,0,0,0,0,0,0,0,0,0,0,0,0,0,0,0,0,0,0,0,0,0,0,0,0,0,0,0,0,0,0,0,0,0,0,0,0,0,0,0,0,0,0,0,0,0,0,0,0,0,0,0,0,0,0,0,0,0,0,0,0,0,0,0,0,0,0,0,0,0,0,0,0,0,0,0,0,0,0,0,0,0,0,0,0,0,0,0,0,0,0,0,0,0,0,0,0,0,0,0,0,0,0,0,0,0,0,0,0,0,0,0,0,0,0,0,0,0,0,0,0,0,0,0,0,0,0,0,0,0,0,0,0,0,0,0,0,0,0,0,0,0,0,0,0,0,0,0,0,0,0,0,0,0,0,0,0,0,0,0,0,0,0,0,0,0,0,0,0,0,0,0,0,0,0,0,0,0,0,0,0,0,0,0,0,0,0,0,0,0,0,0,0,0,0,0,0,0,0,0,0,0,0,0,0,8.25449,0,0,0,0,0,0,0,0,0,0,0,0,0,0,0,0,0,0,0,0,0,0,0,6.0793,0,0,0,7.26969,0,8.40223,0,0,0,0,0,7.17817,0,0,0,0,19.4686,0,0,0,34.2091,23.3055,0,47.8642,21.229,39.6941,28.5076,57.2606,38.1398,23.7351,237.022
TP9L17,26.32844761,0,0,0,0,0,0,0,0,0,0,0,0,0,0,0,0,0,0,0,0,0,3.5488,0,0,0,0,0,0,0,0,0,0,0,0,0,0,0,0,0,0,0,0,0,0,0,0,0,0,0,0,0,0,0,0,0,0,0,0,0,0,0,0,0,0,0,0,0,0,0,0,0,0,0,0,0,9.75583,0,0,0,0,0,0,0,0,0,0,0,0,0,0,0,0,0,0,0,0,0,0,0,0,0,0,0,4.24799,0,0,0,0,0,0,0,0,0,0,0,0,0,0,0,0,0,0,0,0,0,0,0,0,0,0,0,0,0,0,0,0,0,0,0,0,0,0,0,0,0,0,0,0,0,0,0,0,0,8.71234,0,0,0,0,0,0,0,0,0,0,0,0,0,0,0,0,0,0,0,0,0,22.5069,0,0,0,0,0,0,0,0,0,0,0,0,0,0,0,0,0,0,0,0,0,0,0,0,0,0,0,0,0,0,0,0,0,0,0,0,0,0,0,0,0,0,0,1.9752,0,0,0,0,0,0,0,0,0,0,0,0,0,0,0,0,0,0,0,0,0,0,0,0,0,0,0,0,0,0,0,0,0,0,0,0,0,0,0,0,0,0,0,0,0,0,0,0,0,0,0,0,0,0,0,0,0,0,0,0,0,0,0,0,0,0,0,0,0,0,0,0,0,0,0,0,0,0,0,0,0,0,0,0,0,0,0,0,0,0,6.36671,0,0,0,0,0,0,0,0,0,0,0,0,0,0,0,0,0,0,0,0,0,0,9.43303,0,0,0,0,16.7909,0,0,0,0,0,0,0,0,0,0,0,0,0,0,0,0,0,3.0545,0,0,0,0,0,0,0,0,0,0,0,0,0,0,0,0,0,0,0,0,0,0,0,0,0,0,0,0,0,0,0,0,0,0,0,0,0,0,0,0,0,0,0,0,0,0,0,0,0,0,0,0,0,0,0,0,0,0,0,0,0,0,0,0,0,0,0,0,0,0,0,0,23.9793,0,0,0,0,0,0,0,0,0,0,0,0,0,0,0,0,0,0,0,0,0,0,0,6.33527,0,0,3.28105,0,0,4.31224,0,5.11112,0,12.0121,0,6.51214,0,0,5.60215,0,0,0,0,14.6198,0,0,0,0,0,0,0,0,0,0,0,0,0,0,0,0,0,0,0,0,0,0,0,0,0,0,0,0,0,0,0,0,0,2.9731,0,0,0,0,3.28105,0,0,8.72716,7.5185,0,0,0,39.0233,0,0,0,0,0,0,0,0,0,0,0,0,0,0,4.54926,8.41653,8.08121,0,0,1.95414,1.15423,0,8.09395,0,0,10.8033,0,0,0,0,0,20.7662,0,7.96827,7.45145,3.81813,75.092,16.5534,3.93503,14.6337,10.9962,93.6417,79.3949,0,6.82389,51.0373,33.5995,99.3919,32.2494,23.1118,206.722
TP10L14,46.70169294,0,0,0,0,0,0,0,0,0,0,0,0,0,0,0,0,0,0,0,0,0,0,0,0,0,0,0,0,0,0,0,0,0,0,0,0,0,0,0,0,0,0,0,0,0,0,0,0,0,0,0,0,0,0,0,0,0,0,0,0,0,0,0,0,0,0,0,0,0,0,0,0,0,0,0,0,0,0,0,0,0,0,0,0,0,0,0,0,0,0,0,0,0,0,0,0,0,0,0,0,0,0,0,0,0,0,0,0,0,0,0,0,0,0,0,0,0,0,0,0,0,0,0,0,0,0,0,0,0,0,0,0,0,0,0,0,0,0,0,0,0,0,0,0,0,0,0,0,3.81091,0,0,0,0,0,0,0,0,0,0,0,2.95194,0,0,0,0,0,0,0,0,0,0,0,0,0,0,0,0,0,0,6.26873,0,0,0,0,0,0,0,0,0,0,0,0,0,0,0,0,0,0,0,0,0,0,0,0,0,0,0,0,0,0,0,0,0,0,0,0,0,0,0,2.14749,0,0,0,0,0,0,0,0,0,0,0,0,0,0,0,0,0,0,0,0,0,0,0,0,0,0,0,0,0,0,0,0,0,0,0,0,0,0,0,0,0,0,0,0,0,0,0,0,0,0,0,0,0,0,0,0,0,0,0,0,0,0,0,0,0,0,0,0,0,0,0,0,0,0,0,0,0,0,0,0,0,0,0,0,0,0,0,0,0,0,0,0,0,0,0,0,0,0,0,0,0,0,0,0,0,0,0,0,0,0,0,0,0,0,0,0,0,0,0,0,0,0,0,0,0,0,0,0,0,0,0,0,0,0,0,0,0,0,0,0,0,0,0,0,0,0,0,0,0,0,0,0,0,0,0,0,0,0,0,0,0,0,0,0,0,0,0,0,0,0,0,0,0,0,0,0,0,0,0,20.6636,0,0,0,0,0,0,0,0,0,0,0,0,0,0,0,0,0,0,0,0,0,0,0,0,7.10327,0,0,0,0,6.51772,0,0,0,0,0,0,0,0,0,0,0,0,0,0,0,7.06224,0,0,10.8123,0,0,0,0,0,0,0,0,0,0,0,0,5.55694,0,0,0,0,0,0,0,0,0,0,0,0,0,0,0,0,0,0,0,0,0,0,0,0,0,0,0,0,0,0,0,0,0,0,0,0,0,0,0,0,0,0,0,0,0,0,0,0,0,0,0,0,0,0,61.0726,0,0,0,31.8204,0,0,0,1.92518,0,0,0,0,0,0,0,0,0,0,0,0,0,0,0,4.24918,0,0,0,0,3.68505,0,11.5114,0,0,0,2.9426,10.5209,0,8.66331,0,0,68.0387,0,6.81535,10.6068,11.9554,69.2306,14.8778,10.138,24.7304,49.1835,9.9628,52.0296,80.9265,25.925,256.483
TP10L6,39.51850868,0,0,0,0,0,0,0,0,0,0,0,0,0,0,0,0,0,0,0,0,0,0,0,0,0,0,0,0,0,0,0,0,0,0,0,0,0,0,0,0,0,0,0,0,0,0,0,0,0,0,0,0,0,0,0,0,0,0,0,0,0,0,0,0,0,0,0,0,0,0,0,0,0,0,0,0,0,0,0,0,0,0,0,0,0,0,0,0,0,0,0,0,0,0,0,0,0,0,0,0,0,0,0,5.45684,0,0,0,0,0,0,0,0,0,0,0,0,0,0,0,0,0,0,0,0,0,0,0,0,0,0,0,0,0,0,0,0,0,0,0,0,0,0,0,0,0,0,0,0,0,0,0,0,0,0,0,0,0,0,0,0,0,0,0,0,0,0,0,0,0,0,0,0,0,0,0,0,0,0,0,0,0,0,0,0,0,0,0,0,0,0,0,0,0,0,0,0,0,0,0,0,0,0,0,0,0,0,0,0,0,0,0,0,0,0,0,0,0,0,0,0,0,0,0,0,0,0,0,0,0,0,0,0,0,0,0,0,0,0,0,0,0,0,0,0,0,0,0,0,0,0,0,0,0,0,0,0,0,0,0,0,0,0,0,0,0,0,0,0,0,0,0,0,0,0,0,0,0,0,0,0,0,0,0,0,0,0,0,0,0,0,0,0,0,0,0,0,0,0,0,11.0232,0,0,0,0,0,0,0,0,0,0,0,0,0,0,0,0,0,0,0,0,0,0,0,0,0,0,0,0,0,0,0,0,0,0,0,0,0,0,0,0,0,0,0,0,0,0,0,0,0,0,0,0,0,0,0,0,3.92373,0,0,0,0,0,0,0,0,0,0,0,0,0,0,0,0,0,0,0,0,0,0,0,0,0,0,0,0,0,0,0,0,0,0,0,0,0,8.90793,0,0,0,0,6.10358,0,0,0,0,0,0,0,0,0,0,0,0,0,0,0,0,0,0,0,0,0,0,0,0,0,0,0,0,0,0,0,0,0,0,0,0,0,0,0,0,0,0,0,0,0,0,0,0,0,0,0,0,0,0,0,0,0,0,0,2.76969,0,6.5656,0,0,0,25.0959,0,0,0,0,0,0,0,0,0,0,0,0,0,0,0,0,0,0,0,0,0,0,0,0,0,0,0,0,0,0,0,0,0,0,0,0,0,0,0,0,0,0,0,7.44003,0,0,0,0,0,11.2107,0,7.95158,0,2.16038,0,0,0,19.1346,0,10.5301,0,0,0,0,0,0,0,0,0,15.8458,0,0,0,0,0,0,0,0,0,8.70788,0,4.53361,0,16.0218,0,10.4302,8.8919,11.9289,30.7074,0,2.45233,63.135,5.31602,0,18.7981,4.70847,24.0579,26.3675,13.4562,29.2193,16.3903,35.3136,85.1173,29.2472,11.8793,189.808
TP10L17,32.64640748,0,0,0,0,0,0,0,0,0,0,0,0,0,0,0,0,0,0,0,0,0,0,0,0,0,0,0,0,0,0,0,0,0,0,0,0,0,0,0,0,0,0,0,0,0,0,0,0,0,0,0,0,0,0,0,0,0,0,0,0,0,0,0,0,0,0,0,0,0,0,0,0,0,0,0,0,0,0,0,0,0,0,0,0,0,0,0,0,0,0,0,0,0,0,0,0,0,0,0,0,0,0,0,0,0,0,0,0,0,0,0,0,0,0,0,0,0,0,0,0,0,0,0,0,0,0,0,0,0,0,0,0,0,0,0,0,0,0,0,0,0,0,0,0,0,0,0,0,0,0,0,0,0,0,0,0,0,0,0,0,0,0,0,0,0,0,0,0,0,0,0,0,0,0,0,0,0,0,0,10.9134,0,0,0,0,0,0,0,0,0,0,0,0,0,0,0,0,0,0,0,0,0,0,0,0,0,0,0,0,0,0,0,0,0,0,0,0,0,0,0,0,0,0,0,0,0,0,0,0,0,0,0,0,0,0,0,0,0,0,0,0,0,0,0,0,0,0,0,0,0,0,0,0,0,0,0,0,0,0,0,0,0,0,0,0,0,0,0,0,0,0,0,0,0,0,0,0,0,0,0,0,0,0,0,0,0,0,0,0,0,0,0,0,0,0,0,0,0,0,0,0,0,0,0,0,0,0,0,0,0,0,0,0,0,0,0,0,0,0,0,0,0,0,0,0,0,0,0,0,0,0,0,0,0,0,0,0,0,0,0,0,0,0,0,0,0,0,0,0,0,0,0,0,0,0,0,0,0,0,0,0,0,0,0,0,0,0,0,0,0,0,0,0,0,0,0,0,0,0,0,0,0,0,0,0,0,0,0,0,0,0,0,0,0,0,0,0,0,0,0,0,0,0,0,0,0,0,0,0,0,0,0,0,0,0,0,0,0,0,0,0,0,0,0,0,6.6329,0,0,0,0,0,0,0,0,0,0,0,0,0,0,0,0,0,0,0,0,0,0,0,0,17.4066,0,0,0,0,0,0,0,0,0,0,0,0,0,0,0,0,0,0,0,0,0,0,0,0,0,0,0,0,0,0,0,0,0,0,0,0,0,0,0,0,0,0,0,0,0,0,0,0,0,0,0,0,0,0,0,0,0,0,0,0,0,0,0,0,0,0,0,0,0,0,55.3967,0,0,0,0,0,0,0,0,0,0,0,0,0,0,0,0,0,0,0,0,0,0,0,0,0,0,0,0,32.4846,0,0,19.6306,0,3.01643,0,0,74.1027,0,3.69178,9.23279,6.93778,106.346,12.9505,8.00E-06,21.5268,28.5415,17.3444,41.8058,89.5045,35.1491,212.67
TP11L14,38.84054178,0,0,0,0,0,0,0,0,0,0,0,0,0,0,0,0,0,0,0,0,0,0,0,0,0,0,0,0,0,0,0,0,0,0,0,0,0,0,0,0,0,0,0,0,0,0,0,0,0,0,0,0,0,0,0,0,0,0,0,0,0,0,0,0,0,0,0,0,0,0,0,0,0,0,0,0,0,0,0,0,0,0,0,0,0,0,0,0,0,0,0,0,0,0,0,0,0,0,0,0,0,0,0,0,0,0,0,0,0,0,0,0,0,0,0,0,0,0,0,0,0,0,0,0,0,0,0,0,0,0,0,0,0,0,0,0,0,0,0,0,0,0,0,0,0,0,0,0,2.58288,0,0,0,0,0,0,0,0,0,0,0,0,0,0,0,0,0,0,0,0,0,0,0,0,0,0,33.1696,0,0,0,0,0,0,0,0,0,0,0,0,0,2.65171,0,0,0,0,0,0,0,0,0,0,0,0,0,0,0,0,0,0,0,0,0,0,0,0,0,0,0,0,0,0,0,0,0,0,0,0,0,0,0,0,0,0,0,0,0,0,0,0,0,0,0,0,0,0,0,0,0,0,0,0,0,0,0,0,0,0,0,0,0,0,0,0,0,0,0,0,0,0,0,0,0,0,0,0,0,0,0,0,0,0,0,0,0,0,0,0,0,0,0,0,0,0,0,0,0,0,0,0,0,0,0,0,0,0,0,0,0,0,0,0,0,0,0,0,0,0,0,0,0,0,0,0,0,0,0,0,0,0,0,0,0,0,0,0,0,0,0,0,0,0,0,0,0,0,0,0,5.00176,0,0,0,0,0,0,0,0,0,0,0,0,0,0,0,0,0,0,0,0,0,0,0,0,0,0,0,0,0,0,0,0,0,0,0,0,0,0,0,0,0,0,0,0,0,0,0,0,0,0,0,0,0,0,0,3.97199,0,0,0,0,0,0,0,0,0,0,0,0,0,0,0,0,0,0,0,0,0,13.7253,0,0,0,0,0,0,0,0,0,0,0,0,0,0,0,0,0,0,0,0,0,0,0,0,0,0,0,0,0,0,0,0,0,0,0,0,0,0,0,0,0,0,0,0,0,0,0,0,0,0,0,0,0,0,0,0,0,0,0,0,0,0,0,0,0,0,0,0,0,0,0,0,0,0,0,0,0,0,0,0,0,0,0,3.56729,0,0,0,0,0,0,0,0,0,0,9.4063,14.3777,0,0,10.9763,0,0,7.29987,0,0,0,0,0,7.70914,14.2155,0,18.1795,43.4093,0,0,4.14166,2.87992,1.91567,0,0,0,9.99031,0,0,34.2202,30.9259,4.82313,3.98875,0,24.3074,4.69731,10.9816,0,25.9375,42.6925,5.60944,0,43.2152,49.6817,161.864,0.000108,13.409,88.8921,54.019,54.2515,75.7289,17.6906,430.104
TP11L6,48.19885684,0,0,0,0,0,0,0,0,0,0,0,0,0,0,0,0,0,0,0,0,0,0,0,0,0,0,0,0,0,0,0,0,0,0,0,0,0,0,0,0,0,0,0,0,0,0,0,0,0,0,0,0,0,0,0,0,0,0,0,0,0,0,0,0,0,0,0,0,0,0,0,0,0,0,0,0,0,0,0,0,0,0,0,0,0,0,0,0,0,0,0,0,0,0,0,0,0,0,0,0,0,0,0,0,0,0,0,0,0,0,0,0,0,0,0,0,0,0,0,0,0,0,0,0,0,0,0,0,0,0,0,0,0,0,0,0,0,0,0,0,0,0,0,0,0,0,0,0,3.022,0,0,0,0,0,0,0,0,0,0,0,0,0,0,0,0,0,0,0,0,0,0,0,0,0,0,0,0,0,0,0,0,0,0,0,0,0,0,0,0,0,0,0,0,0,0,0,0,0,0,0,0,0,0,0,0,0,0,0,0,0,0,0,0,0,0,0,0,0,0,0,0,0,0,0,0,0,0,0,0,0,0,0,0,0,0,0,0,0,0,0,0,0,0,0,0,0,0,0,0,0,0,0,0,0,0,0,0,0,0,0,0,0,0,0,0,0,0,0,3.34408,0,0,0,0,0,0,0,0,0,0,0,0,0,0,0,0,0,0,0,0,0,0,0,0,0,0,0,0,0,0,0,0,0,0,0,0,0,0,0,0,0,0,0,0,0,0,0,0,0,0,0,0,0,0,0,0,0,0,0,0,0,0,0,0,0,0,0,0,0,0,0,0,0,0,0,0,0,0,0,0,0,0,0,0,0,0,0,0,0,0,0,0,0,0,0,0,0,0,0,0,0,0,0,0,0,0,0,0,0,0,0,0,0,0,0,0,13.655,0,0,0,0,0,0,0,0,0,0,0,0,0,0,0,0,0,0,0,0,0,0,0,0,0,0,0,0,0,0,0,0,0,0,0,0,0,0,0,0,0,0,0,0,0,0,0,0,0,0,0,0,0,0,0,12.4626,0,0,0,0,0,0,0,0,0,0,0,0,5.25441,0,0,0,0,0,11.7043,0,0,0,0,33.6869,0,0,0,0,0,0,0,0,0,0,0,0,0,0,0,0,0,0,0,0,0,8.33185,0,0,0,0,0,0,0,0,0,0,0,0,0,27.105,18.6676,0,0,0,0,0,4.17378,0,0,0,0,0,8.25413,30.0967,0,0,0,0,0,0,0,0,3.05329,0,8.54095,6.02754,0,17.2148,0,0,4.5099,0,5.40197,0,43.4327,0,0,4.8458,0,0,38.6957,18.0546,8.05867,5.8444,27.9424,0,50.0477,22.9568,5.64313,4.66689,31.8289,37.2827,0,14.3298,0,43.163,7.13583,0,0,44.2421,32.2935,76.5794,15.8048,58.8326,60.0029,52.6692,88.8651,21.1396,3.78388,285.163
TP11L17,43.8568298,0,0,0,0,0,0,0,0,0,0,0,0,0,0,0,0,0,0,0,0,0,0,0,0,0,0,0,0,0,0,0,0,0,0,0,0,0,0,0,0,0,0,0,0,0,0,0,0,0,0,0,0,0,0,0,0,0,0,0,0,0,0,0,0,0,0,0,0,0,0,0,0,71.4325,0,0,0,0,0,0,0,0,0,0,0,0,0,0,0,0,0,0,0,0,0,0,0,0,0,127.931,0,290.238,0,0,0,0,0,0,0,0,0,0,0,0,0,0,444.127,0,0,0,0,0,0,0,0,23.2292,0,0,0,0,0,0,0,0,0,0,0,0,0,0,0,0,0,0,0,0,0,0,0,0,0,0,0,0,0,0,0,0,0,0,0,0,0,0,0,0,0,0,0,0,0,0,0,0,0,0,0,189.095,0,0,0,0,0,0,0,0,0,0,0,0,0,0,0,0,0,0,0,0,0,0,0,11.4143,0,0,0,0,0,0,0,0,0,0,0,0,0,0,0,0,0,0,0,7.1614,0,0,0,0,0,0,0,0,0,0,0,0,0,0,0,0,0,0,0,0,0,0,0,0,8.07356,0,0,0,0,0,0,0,0,0,0,0,0,0,0,0,0,0,0,0,0,0,0,0,0,0,0,0,0,0,0,0,0,0,0,0,0,0,0,0,0,0,0,0,0,0,0,2.97023,0,8.8665,0,0,0,0,0,0,0,0,0,0,0,0,0,0,0,0,0,0,0,0,0,0,0,0,13.0094,0,0,0,0,0,0,0,0,0,0,0,0,0,0,5.37752,0,0,0,0,0,7.92326,0,0,0,0,0,0,0,0,0,0,0,0,0,0,0,0,0,0,0,0,0,0,0,0,0,0,0,0,0,0,0,0,0,0,0,0,0,16.6433,0,0,0,0,0,0,0,0,0,0,0,0,0,0,0,0,0,0,0,0,0,0,0,0,0,0,0,0,0,0,0,0,0,0,0,0,0,0,0,0,5.04085,0,0,0,0,5.44367,0,0,0,0,0,0,0,0,11.9885,0,4.5207,0,0,10.1677,0,0,0,0,0,0,0,0,0,0,0,0,0,0,7.35591,0,0,0,0,0,0,0,0,0,11.1578,0,0,7.71799,0,0,0,0,0,0,0,0,9.28082,3.82432,0,10.6019,0,0,0,0,0,0,0,0,5.61044,0,0,0,0,0,1.58213,0,0,0,0,0,0,0,11.0339,0,0,0,0,0,3.45208,2.81051,0,0,0,0,0,0,0,0,0,0,0,0,0,0,0,0,0,0,0,0,0,0,0,0,0,0,8.38009,13.4681,9.38313,19.0622,3.26303,4.53792,5.78093,8.68555,9.39793,0,7.87092,0,8.19572,20.2204,5.05369,7.59986,0,16.038,20.1972,1.8504,5.76795,2.21663,159.845,14.4152,0,0,4.25592,56.5385,55.6909,44.0403,26.4109,96.9703,95.7582,25.6454,43.2366,29.6761,350.155
TP12L6,82.15695782,0,0,0,0,0,0,0,0,0,0,0,0,0,0,0,0,0,0,0,0,0,0,0,0,0,0,0,0,0,0,0,0,0,0,0,0,0,0,0,0,0,0,0,0,0,0,0,0,0,0,0,0,0,0,0,0,0,0,0,0,0,0,0,0,0,0,0,0,0,0,0,0,0,0,0,0,0,0,0,0,0,0,0,0,0,0,0,0,0,0,0,0,0,0,0,0,0,0,0,0,0,0,0,0,0,0,0,0,0,0,0,0,0,0,0,0,0,0,0,0,0,0,0,0,0,0,0,0,0,0,0,0,0,0,0,0,0,0,0,0,0,0,0,0,0,0,0,0,1.72714,0,0,0,0,0,0,0,0,0,0,0,0,0,0,0,0,0,0,0,0,0,0,0,0,0,0,0,0,0,0,0,0,0,0,0,0,0,0,0,0,0,0,0,0,0,0,0,0,0,0,0,9.68788,0,0,0,0,0,0,0,0,0,0,0,0,0,0,0,0,0,0,0,0,0,0,0,0,0,0,0,0,0,0,0,0,0,0,0,0,0,0,0,0,0,0,0,0,0,0,0,0,0,0,0,0,0,0,0,0,0,0,0,0,0,0,0,0,0,0,0,0,0,0,0,0,0,0,0,0,0,0,0,0,0,0,0,0,0,0,0,0,0,0,0,0,0,0,0,0,0,0,0,0,8.18296,0,0,0,0,9.95487,0,0,0,0,0,0,0,0,0,0,0,0,5.52082,0,7.66223,0,0,0,0,0,0,0,0,0,0,0,0,0,0,0,0,0,0,0,6.30558,0,0,0,0,0,5.31205,0,0,0,0,0,0,0,0,0,0,3.7021,0,0,0,7.70895,0,0,0,9.80053,0,0,0,0,0,0,5.17083,0,0,0,0,0,0,0,8.95057,0,0,0,0,0,0,0,0,0,0,0,0,6.83388,0,0,0,0,0,0,0,2.65603,0,0,5.59411,0,0,0,0,0,0,0,34.0544,0,0,0,0,4.96765,8.55681,0,0,0,0,2.29319,0,0,0,0,0,11.1144,0,0,0,0,3.83693,0,0,0,0,6.48343,7.12264,0,0,7.50307,0,0,0,9.80053,0,0,0,3.95702,0,0,0,0,0,0,2.12482,0,0,0,0,14.8446,0,0,0,0,0,0,0,2.41965,0,0,0,3.24587,3.16067,0,0,0,0,6.9275,4.22126,0,0,0,0,2.67287,0,10.6241,5.99179,0,1.34282,7.97645,0,0,0,0,0,2.58277,46.8247,10.6689,1.65156,1.8716,0,0,0,4.77082,11.4155,0,28.9389,0,0,2.35871,17.2009,0,3.0501,0,18.8697,28.8426,1.94353,10.3417,3.66986,3.49004,0,19.5254,6.88974,0,19.6773,0,0,10.31,16.8251,22.3747,12.1564,27.4685,15.9278,16.1789,8.30844,0,0,103.206,55.9302,20.0175,16.6886,26.6162,19.003,68.648,70.0032,12.9007,5.33446,0.00129,37.562,0,24.4776,11.2881,24.6686,53.0177,0,9.61421,10.8366,151.343,326.202,13.5492,6.72483,4.5724,24.0813,54.4161,16.3967,14.5603,160.58
TP12L14,82.90450769,0,0,0,0,0,0,0,0,0,0,0,0,0,0,0,0,0,0,0,0,0,0,0,0,0,0,0,0,0,0,0,0,0,0,0,0,0,0,0,0,0,0,0,0,0,0,0,0,0,0,0,0,0,0,0,0,0,0,0,0,0,0,0,0,0,0,0,0,0,0,0,0,0,0,0,0,0,0,0,0,0,0,0,0,0,0,0,0,0,0,0,0,0,0,0,0,0,0,0,0,0,0,0,0,0,0,0,0,0,0,0,0,0,0,0,0,0,0,0,0,0,0,0,0,0,0,0,0,0,0,0,0,11.057,0,0,0,0,0,0,0,0,0,0,0,0,0,0,0,0,0,0,0,0,0,0,0,0,0,0,0,0,0,0,0,0,0,0,0,0,0,2.59618,0,0,0,0,0,0,0,0,0,0,0,0,0,0,9.28198,0,0,0,0,0,0,0,0,6.81895,0,0,0,0,0,0,0,0,0,0,0,0,0,0,0,0,0,0,0,0,0,0,0,0,0,0,0,0,0,0,0,0,0,9.58657,0,0,0,0,0,0,0,0,0,0,0,0,0,0,0,0,0,0,0,0,0,0,0,0,0,0,0,0,0,0,0,0,0,0,0,0,0,0,0,0,0,0,0,0,0,0,0,0,0,0,0,0,0,0,0,0,0,0,0,0,0,0,0,0,0,0,0,0,0,0,0,0,8.98159,0,0,0,0,0,0,0,0,0,0,0,0,0,0,0,0,0,0,0,0,0,0,0,0,0,0,0,0,0,0,0,0,0,4.2114,0,0,0,0,0,0,0,0,0,0,0,0,0,0,0,9.93548,0,0,0,0,0,0,0,0,0,0,0,0,0,8.943,10.757,0,0,0,0,0,0,0,0,0,0,0,0,12.8785,0,4.91205,0,0,0,0,0,0,0,0,0,11.421,0,0,0,4.10853,0,0,0,0,0,0,0,0,0,0,0,0,0,0,0,0,0,0,2.40704,2.61822,0,0,0,0,2.01841,0,0,0,0,0,0,0,0,0,0,5.65236,3.47783,0,0,0,5.49023,0,0,5.60669,0,23.4533,0,0,0,0,0,0,10.757,0,3.86533,0,0,0,0,0,3.54899,0,0,0,0,0,9.68851,0,10.8623,0,7.18992,0,0,18.4202,0,0,0,0,0,0,0,0,0,0,6.32189,0,0,9.26648,0,0,3.98752,0,0,7.22737,0,0,0,0,4.37746,39.422,0,0,0,0,8.50453,0,0,0,12.3256,10.0555,0,3.21589,0,0,2.25635,7.9408,0,0,0,0,117.787,6.69556,9.24077,0,0,0,2.83774,0,0,0,16.0732,0,2.69972,64.7932,57.819,9.20501,0,0,10.166,40.0285,0,39.3351,15.2211,3.03977,0,0,161.826,114.809,5.05521,29.3296,35.0566,0,18.837,117.751,24.7796,20.4928,12.4789,53.5213,0,2.68665,14.4547,54.1524,125.337,0,10.5525,7.92946,109.392,825.767,3.9634,11.4674,20.0746,33.0394,31.8544,65.3571,8.43994,84.18
TP12L17,72.02461065,0,0,0,0,0,0,0,0,0,0,0,0,0,0,0,0,0,0,0,0,0,0,0,0,0,0,0,0,0,0,0,0,0,0,0,0,0,0,0,0,0,0,0,0,0,0,0,0,0,0,0,0,0,0,0,0,0,0,0,0,0,0,0,0,0,0,0,0,0,0,0,0,0,0,0,0,0,0,0,0,0,0,0,0,0,0,0,0,0,0,0,0,0,0,0,0,0,0,0,0,0,0,0,0,0,0,0,0,0,0,0,0,0,0,0,0,0,0,0,0,0,0,0,0,0,0,0,0,0,0,0,0,0,0,0,0,0,0,0,0,0,0,0,0,0,0,0,0,0,0,0,0,0,0,0,0,0,0,0,0,0,0,0,0,0,0,0,0,0,0,0,0,0,0,0,0,0,0,0,0,0,0,0,0,0,0,0,0,0,0,0,0,0,0,0,0,0,0,0,0,0,0,0,0,0,0,0,0,0,0,0,0,0,0,0,0,0,0,0,1.45368,0,0,0,0,0,0,0,0,0,0,0,0,0,0,2.81001,0,0,0,0,0,0,0,0,0,0,5.11743,0,0,0,0,0,0,0,0,0,0,0,0,0,0,0,0,0,0,0,0,0,0,0,0,0,0,0,0,0,0,0,0,0,0,0,0,0,0,0,0,0,0,0,0,0,0,0,0,0,0,0,0,0,0,0,0,0,0,0,0,0,0,0,0,0,0,0,0,0,0,0,0,0,0,0,0,0,0,0,0,0,0,0,0,0,0,0,0,0,0,0,0,12.9782,0,0,0,0,0,0,0,0,0,0,0,0,0,0,0,0,0,0,0,0,0,0,0,0,0,0,0,0,0,0,2.52788,0,0,0,0,0,0,0,0,0,0,0,0,0,0,0,0,0,0,0,0,0,0,0,0,0,0,0,6.60255,0,6.99381,5.68774,0,0,0,0,0,0,0,6.62572,0,0,0,0,0,0,0,0,0,0,0,0,0,0,0,0,0,0,0,0,0,0,3.84589,2.36633,0,0,0,0,0,0,0,0,0,0,2.8698,5.60335,4.78058,0,0,0,0,0,0,0,0,0,1.26057,2.41474,0,0,0,0,3.76161,9.56117,0,0,0,0,0,4.12299,0,4.36104,0,0,0,0,0,0,2.36041,0,0,0,0,0,0,0,2.15809,2.71312,0,0,0,0,0,2.9926,0,8.93532,0,6.13094,0,0,0,1.92884,0,0,0,2.79546,13.6836,0,0,0,0,3.07046,2.70147,2.41474,2.33415,1.7615,0,57.2723,0,4.19163,0,7.17996,0,1.93081,0,2.60639,6.033,0,2.57266,14.6952,7.34759,0,3.13156,0,34.7477,3.39053,30.1329,54.3638,14.8687,3.45216,2.06827,0,0.885802,5.50534,5.95688,13.7583,3.81525,11.9263,4.08789,4.27224,18.9858,2.40858,5.97573,20.3777,0,3.51863,1.82801,12.6451,87.9002,39.594,7.67033,10.7699,10.7905,82.7006,367.141,7.95594,13.3924,11.0978,4.49602,27.0923,50.7704,25.5406,225.526
TP13L14,97.35356693,0,0,0,0,0,0,0,0,0,0,0,0,0,0,0,0,0,0,0,0,0,0,0,0,0.933957,0,0,0,0,0,0,0,0,0,0,0,0,0,0,0,0,0,0,0,0,0,0,0,0,0,0,0,0,0,0,0,0,0,0,0,0,0,0,0,0,0,0,0,0,0,0,0,0,0,0,0,0,0,0,0,0,0,0,0,0,0,0,0,0,0,0,0,0,0,0,0,0,0,0,0,0,0,0,0,0,0,0,0,0,0,0,0,0,0,0,0,0,0,0,0,0,0,1.51005,0,0,0,0,0,0,0,0,0,0,0,0,0,0,0,0,0,0,0,0,0,0,0,0,0,0,0,14.22,0,0,0,0,0,0,0,0,0,0,0,0,0,0,0,0,0,0,0,0,0,0,0,0,0,0,0,0,0,0,0,0,0,0,0,0,0,0,7.29613,0,0,0,0,0,0,0,5.63918,0,0,0,0,0,0,0,0,0,0,0,0,0,0,0,0,0,0,5.30831,0,0,0,0,14.0125,0,23.5569,0,0,0,0,0,0,0,0,0,0,0,0,0,0,0,0,0,0,0,0,0,0,0,0,0,0,0,0,0,0,0,0,0,0,8.25737,0,0,0,0,0,0,0,0,0,3.14566,0,0,0,6.07549,0,7.17537,0,0,0,0,0,0,6.01403,0,0,2.50404,0,0,0,0,0,0,0,0,0,0,0,0,22.4351,0,0,0,0,0,0,0,0,16.3847,3.6001,8.31511,0,0,0,0,1.5836,0,1.70842,0,0,0,0,0,0,0,3.25134,0,0,0,0,0,0,0,0,3.97869,15.3004,0,0,0,0,0,0,0,0,0,0,0,0,0,0,0,0,0,0,3.78337,7.15071,3.08732,7.62218,0,4.78358,0,0,0,0,0,6.02274,0,0,0,0,0,0,0,0,0,0,0,0,0,0,0,0,0,0,0,0,3.95066,0,1.64625,9.96817,0,0,0,0,0,0,5.62394,1.54023,0,0,10.9711,0,6.26764,0,0,8.30681,4.58338,0,0,0,0,0,12.0629,6.4125,0,0,0,0,0,6.69086,4.08813,0,0,0,0,0,0,9.8853,0,0,0,4.86181,0,4.238,33.8987,0,8.44161,0,4.11643,0,21.3057,21.0188,8.00329,0,0,6.32479,0,5.26799,12.5202,20.4674,8.06533,14.9165,2.89813,0,0,0,0,1.38909,2.66094,2.96841,3.31875,0,27.5246,0,0,0,0,0,0,0,0,4.60366,4.80567,7.6315,3.9825,11.8567,0,12.9648,0,0,7.40518,0,9.47998,5.4189,5.70098,3.47388,15.5869,0,14.9487,0,4.39927,2.70945,0,0,6.59542,3.31522,3.28211,8.81973,0,0,0,4.47978,14.8784,27.0361,17.56,0,9.2414,15.0787,0,26.5231,3.92614,4.69719,0,38.6998,5.32188,10.2885,3.88219,0,0,7.53024,0,0,0,11.196,3.05559,9.06033,5.74425,6.6481,48.2052,14.1748,6.07254,24.2902,6.19302,10.3525,21.2116,20.6567,11.5899,10.0041,179.433,16.3847,7.60825,13.6748,1.58481,2.39454,212.332,51.0094,18.9513,7.69052,70.092,6.95493,136.527,38.2241,7.96246,8.77998,24.3266,71.8273,0,18.1294,17.0308,40.1146,181.236,0,0,0,191.378,752.709,0,14.7578,38.5692,9.90884,32.8399,0,5.43503,216.961
TP13L17,92.61073421,0,0,0,0,0,0,0,0,0,0,0,0,0,0,0,0,0,0,0,0,0,0,0,0,0,0,0,0,0,0,0,0,0,0,0,0,0,0,0,0,0,0,0,0,0,0,0,0,0,0,0,0,0,0,0,0,0,0,0,0,0,0,0,0,0,0,0,0,0,0,0,0,0,0,0,0,0,0,0,0,0,0,0,0,0,0,0,0,0,0,0,0,0,0,0,0,0,0,0,0,0,0,0,0,0,0,0,0,0,0,0,0,0,0,0,0,0,0,0,0,0,0,0,0,0,0,0,0,0,0,0,0,0,0,0,0,0,0,0,0,0,0,0,0,0,0,0,0,0,0,0,0,0,0,0,0,0,0,0,0,0,0,6.54172,0,0,0,0,0,0,0,0,0,0,0,0,0,0,7.77738,0,0,0,0,0,0,0,0,0,0,0,0,0,0,0,0,0,0,0,0,0,0,0,7.74868,0,0,0,0,0,0,0,0,0,0,0,0,0,0,0,0,0,1.61655,0,0,0,0,0,0,0,0,0,0,0,0,6.08665,0,0,0,0,0,0,6.34409,0,7.66384,0,0,0,0,0,0,0,0,0,0,3.53517,0,0,0,0,0,0,0,0,0,0,0,0,3.14827,0,0,0,0,0,0,0,0,0,0,3.97707,0,0,0,0,0,0,0,0,3.35983,0,0,0,0,0,0,0,0,0,0,0,0,0,7.02305,0,0,0,0,5.10923,0,0,0,0,0,0,0,0,0,0,1.72405,0,0,0,0,5.30276,0,0,0,4.1914,0,0,0,33.0172,0,0,0,0,0,0,0,0,0,7.21613,0,0,15.7099,0,2.83769,0,0,0,0,0,3.90315,0,15.035,3.81799,3.60806,3.11557,0,0,0,0,13.9066,0,0,0,0,0,0,0,0,0,0,0,7.2913,0,0,2.89641,0,0,0,0,0,3.27596,0,9.0318,0,0,6.48115,1.66131,0,0,0,2.94929,0,0,0,0,9.32595,0,0,0,0,6.32498,0,0,0,0,0,1.61158,2.94515,0,0,0,3.23558,5.09683,36.2892,0,0,0,0,0,0,0,0,0,0,0,0,0,0,0,0,9.2303,0,31.5773,2.11257,0,6.37297,4.15409,0,0,4.24221,0,0,0,47.8699,0,0,12.6347,0,0,7.5265,14.6232,0,6.57244,15.5548,0,2.8036,0,8.98671,3.34911,0,5.55527,4.18305,0,1.96619,0,0,5.44014,2.17156,13.7548,4.64578,0,15.4026,0,5.9826,0,13.0834,0,5.24973,4.98195,4.9938,0,2.73424,17.2594,0,11.7972,2.39988,6.03418,3.9546,2.21976,0,8.82308,4.97605,9.98364,14.4974,13.2485,11.9312,18.0121,26.3585,0,4.52076,45.0437,0,4.43016,0,0,22.8249,25.3435,9.73299,3.96206,4.74017,5.12169,15.0207,10.7411,7.787,0,0,6.41265,12.6652,0,5.22361,0,10.0483,8.58852,3.04774,0,13.4178,12.1615,0,10.2135,40.854,0,3.48241,4.28113,36.3494,10.2249,15.4742,119.697,23.1484,13.4362,11.5,0,0,128.565,119.961,17.127,7.57928,79.5749,6.91737,90.2669,0,8.03531,8.86031,26.4375,99.3548,1.30428,14.2297,20.3115,50.5117,115.155,1.34755,3.99219,8.99954,202.325,880.481,7.41743,11.1696,25.6316,24.9987,36.1531,32.9676,19.1919,208.994
TP13L6,89.01295692,0,0,0,0,0,0,0,0,0,0,0,0,0,0,0,0,0,0,0,0,0,0,0,0,0,0,0,0,0,0,0,0,0,0,0,0,0,0,0,0,0,0,0,0,0,0,0,0,0,0,0,0,0,0,0,0,0,0,0,0,0,0,0,0,0,0,0,0,0,0,0,0,0,0,0,0,0,0,0,0,0,0,0,0,0,0,0,0,0,0,0,0,0,0,0,0,0,0,0,0,0,0,0,0,0,0,0,0,0,0,0,0,0,0,0,0,0,0,0,0,0,0,0,0,0,0,0,0,0,0,0,0,0,0,0,0,0,0,0,0,0,0,0,0,0,0,0,0,0,0,0,0,0,0,0,0,0,0,0,0,0,0,0,0,0,0,0,0,0,0,0,0,0,0,0,0,0,0,0,0,0,0,0,0,0,0,0,0,0,0,0,0,0,0,0,0,0,0,0,0,0,0,0,0,0,0,0,0,0,0,0,0,0,0,0,0,0,0,0,0,19.7271,0,0,0,0,0,0,0,0,0,0,0,0,0,0,0,0,0,0,0,0,0,0,0,0,0,5.54866,0,0,0,0,0,0,0,0,0,0,0,0,1.64362,0,0,0,0,25.3286,0,0,0,0,0,0,0,0,0,9.43271,0,0,0,0,0,0,0,0,0,0,0,0,0,0,4.32146,0,0,0,0,0,0,0,14.7466,0,0,0,0,0,0,0,9.98353,10.7696,14.198,5.46551,0,6.78781,6.92528,0,0,6.07886,0,0,0,0,0,6.9078,0,0,0,0,5.7168,0,0,17.2043,0,0,0,0,0,9.87541,0,0,0,18.8006,8.14133,0,0,0,0,3.22962,0,0,17.2405,0,10.1691,0,13.0572,0,0,0,10.0201,0,0,0,0,0,11.4936,0,3.95874,0,0,0,0,0,0,0,0,0,11.1881,5.53043,0,0,0,8.68846,19.0405,0,0,0,0,0,0,2.16415,3.27603,3.88012,0,11.5259,0,0,0,0,22.2727,0,28.6939,4.80753,0,0,0,2.87341,0,6.0253,6.05196,6.29813,0,9.5982,0,0,0,0,0,2.37249,0,8.95902,0,2.68712,0,0,0,26.5581,0,0,32.488,0,0,0,19.174,12.0241,0,3.42793,8.256,0,8.30193,12.399,0,84.0252,0,31.5633,0,3.72682,8.31455,0,0,18.2176,26.9064,21.2053,0,26.6691,0,8.56178,40.5257,6.49759,1.82609,17.4903,27.3158,17.4513,4.59746,0,5.44918,0,0,10.7064,0,0,0,0,12.1039,6.31752,0,9.87578,7.79341,0,0,0,0,9.73483,13.0106,0,3.56183,7.49449,18.267,30.7358,0,35.3727,15.4547,0,17.8092,5.74682,6.4822,21.6758,10.1691,43.1465,0,0,22.8911,13.4975,0,30.7358,12.6021,11.5421,10.7204,2.02479,29.7336,9.43271,25.3579,15.4839,6.17492,8.89589,43.0477,3.49806,10.144,5.10352,0,0,32.9974,3.03606,17.2095,0,12.6156,8.39106,27.7916,3.77569,8.73958,26.4043,22.3609,7.98294,63.8635,16.2827,18.1459,22.3077,22.7196,35.3928,39.4541,0,17.2314,20.0036,35.9538,0,2.09857,167.479,174.749,24.9134,23.9361,28.7946,42.8757,117.589,147.34,10.4674,28.8554,12.2999,52.7533,1.69906,39.0757,36.636,46.5183,255.9,0,0,0,119.802,1117.59,12.5641,13.5558,9.89326,13.0261,70.6439,6.53529,9.19463,129.644
TP14L6,91.17588776,0,0,0,0,0,0,0,0,0,0,0,0,0,0,0,0,0,0,0,0,0,0,0,0,0,0,0,0,0,0,0,0,0,0,0,0,0,0,0,0,0,0,0,0,0,0,0,0,0,0,0,0,0,0,0,0,0,0,0,0,0,0,0,0,0,0,0,0,0,0,0,0,0,0,0,0,0,0,0,0,0,0,0,0,0,0,0,0,0,0,0,0,0,0,0,0,0,0,0,0,0,0,0,0,0,0,0,0,0,0,16.2654,0,0,0,0,0,0,0,0,0,0,0,0,0,0,0,0,0,0,0,0,0,0,0,0,0,0,0,0,0,0,0,0,0,5.44703,0,0,0,1.59988,0,0,0,0,0,0,0,0,0,0,0,2.47854,0,0,0,0,0,0,0,0,2.4904,2.19104,0,0,0,0,0,0,0,0,0,0,49.1375,8.00759,0,0,0,44.661,0,0,4.92753,0,0,0,0,0,0,0,0,0,0,0,0,6.0057,0,16.7301,0,0,0,0,0,0,0,0,0,0,0,0,0,7.83352,3.60619,0,0,0,0,10.1176,0,16.9113,0,0,0,0,0,0,0,10.4563,0,0,0,0,0,0,0,0,0,0,0,0,0,0,10.6465,0,0,0,0,0,0,15.7196,0,0,0,0,0,0,0,14.4582,0,3.51158,0,0,4.93099,0,0,0,0,0,0,0,0,0,0,9.04332,0,0,0,2.81856,11.2427,0,0,0,0,0,0,7.00565,0,0,0,6.87877,12.6265,0,0,0,0,0,0,0,0,9.22134,0,0,0,0,0,0,0,0,0,0,0,0,6.29256,0,7.09764,0,7.31944,0,0,0,0,14.7309,0,0,0,0,8.61111,0,3.55421,10.4331,0,0,6.97089,0,5.84095,0,0,0,0,6.19635,0,0,0,6.34748,27.9501,0,0,0,0,0,0,0,0,0,0,0,0,0,0,0,0,0,0,0,8.13271,0,4.78982,0,0,7.67941,0,0,0,0,12.4366,0,0,0,7.22908,5.55907,0,0,0,6.57927,0,15.5114,9.71876,0,5.20108,2.9388,0,0,0,0,0,0,0,15.4772,15.5457,0,3.28502,16.4366,13.0486,13.5781,3.60897,0,0,0,0,2.55701,7.53126,0,3.96315,0,13.5388,0.000131,20.3671,7.65706,11.1269,6.41704,0,13.1217,0,15.4432,4.77031,32.2863,0,9.50191,17.771,2.31674,0,0,56.7811,0,0,0,21.3576,6.95021,5.92967,8.45567,7.67941,9.07837,8.39506,9.78644,0,0,0,11.1269,3.12713,0,19.2775,18.678,1.96825,12.3927,0,0,0,0,11.8894,12.1359,0,10.228,0,5.40929,22.9068,0,20.019,17.7441,21.8899,12.0268,14.6389,0,5.57008,5.33535,9.1493,0,3.91022,13.1585,0,10.0958,35.2877,4.95184,21.3484,9.84126,32.3955,11.1358,8.70714,11.0831,0,15.2092,0,15.4093,7.56368,76.5588,34.6996,4.94139,6.11945,1.73369,8.48631,20.1916,13.5702,6.62893,5.28718,5.71273,63.6655,14.9758,37.0536,6.55472,0,0,31.0789,0,0,8.90578,9.36483,9.57964,6.7989,12.9315,29.9325,27.13,6.38207,4.55685,82.0233,13.9418,23.3057,11.9379,130.267,21.3403,0,59.9571,44.2624,12.8458,38.4812,5.35161,1.4287,109.258,85.6214,21.3317,7.85275,54.2409,3.37135,68.8888,78.5464,8.96258,54.3553,5.04968,171.061,4.36439,36.2783,40.0826,34.2764,222.889,2.44097,0,13.3841,54.7088,1011.78,0,8.30575,6.35322,13.9418,30.2439,15.516,16.9084,228.672
TP15L6,82.95599675,0,0,0,0,0,0,0,0,0,0,0,0,0,0,0,0,0,0,0,0,0,0,0,0,0,0,0,0,0,0,0,0,0,0,0,0,0,0,0,0,0,0,0,0,0,3.35668,0,0,0,0,0,0,0,0,0,0,0,0,0,0,0,0,0,0,0,0,0,0.762883,0,0,0,0,0,0,0,0,0,0,0,0,0,0,0,0,0,0,0,0,0,0,0,0,0,0,0,0,0,0,0,0,0,0,0,0,0,0,0,0,0,0,0,0,0,0,0,0,0,2.12494,0,0,0,0,0,0,0,0,0,0,0,0,0,0,0,0,0,0,0,0,0,0,0,3.66749,0,0,0,0,0,0,0,3.42637,0,0,0,0,0,0,0,0,0,2.75828,0,0,4.6272,0,0,0,0,0,3.00067,0,0,0,0,0,1.70336,0,0.889421,0,1.76196,0,0,12.1181,0,1.2995,0,0,0,0,0,1.73601,0,0,5.52579,3.96089,0,0,2.74553,0,0,0,0,0,0,0,0,0,1.62331,0,0,0,0,3.07522,0,0,0,0,0,0,1.65589,0,0,5.00112,0,0,0,0,0,0,0,1.71319,1.69558,1.286,0,0,2.21032,0,0,0,3.90877,7.47902,0,0,0,0,0.968906,0,0,0,0,0,0,0,0,0,1.70141,3.45627,0,1.05343,11.7884,0,0,0,0,0,6.11248,0,1.48459,0,0,1.04234,0,10.7633,2.16837,0.934171,0,0,0.93771,0,0,1.81359,1.91162,7.15478,5.136,0,0,0.792177,0,0,5.23927,0,0,0,0,0,1.47354,0,0,2.66906,5.96519,3.31178,0.60527,3.2046,0,2.21526,0,3.61395,0,0.856593,1.48385,1.0272,0,2.50689,0,2.63758,1.10025,8.53639,1.97781,0,1.0272,0.124563,0,0,0,10.8305,3.95298,0,10.0457,0,9.34171,18.5522,5.76828,8.34456,5.68005,2.89195,0,0,17.6431,1.79388,3.40282,2.94709,0,7.40814,0,4.01441,4.67637,1.88974,0,0,3.66749,6.44196,0,7.08989,0,1.70141,7.34586,0,0,0,1.44981,1.63944,0,2.0803,1.50948,0,1.25663,0.531805,0,6.94892,0,0,0,8.59567,2.51325,3.03749,0.682911,7.4055,4.86994,9.19711,2.07449,5.74374,3.08961,2.62891,1.06475,0.930659,0,0,1.17511,24.3108,6.32056,2.77632,7.64918,3.05624,4.91832,3.0816,8.02882,26.7528,0,5.19347,0.870142,3.66749,1.4913,1.57679,2.0803,2.96474,4.36221,1.09538,1.89989,0,10.4234,1.37914,4.30531,9.91747,5.83803,16.4896,2.14705,5.13794,9.72925,11.144,1.94543,2.02002,1.44032,0,14.4207,10.0457,0,2.35207,6.16268,2.01538,4.74955,13.8816,3.26447,3.02512,14.8905,3.06539,1.00428,15.7774,9.57628,0.957661,3.3796,28.0063,0.634757,4.18403,1.34908,6.01958,1.46917,2.50689,5.36221,16.2331,13.4332,7.09836,25.5141,0.823812,6.97339,1.2225,5.88018,8.26286,0.633134,2.03749,13.4241,2.91242,10.4785,3.94511,4.89693,2.24646,10.658,1.25663,19.2401,3.58405,14.0534,4.38151,4.57377,20.5792,3.52539,38.0854,12.5028,6.1696,25.4229,3.09444,8.8098,11.7743,11.2782,9.02546,16.2776,4.95937,8.34456,5.09257,61.8888,11.1889,4.18698,21.2743,8.32119,24.0984,40.0169,6.31049,37.4847,3.41471,9.64502,2.07159,2.44298,12.7908,65.1956,15.7194,3.13361,1.94034,10.6278,6.7823,19.6337,24.0958,11.2101,5.58816,6.44047,28.3325,15.8284,29.3633,4.61857,1.68405,0,38.2233,2.19805,18.5087,1.88255,14.5106,15.1874,33.7739,2.39184,11.0728,27.7186,3.37269,13.9671,82.8395,14.7354,22.1691,27.2538,75.7337,26.2913,68.1554,150.498,36.646,71.9312,25.4876,0.754167,0.709146,304.573,127.856,38.6334,43.6386,57.3286,13.9606,129.939,86.9334,6.94671,33.4252,14.693,39.4441,10.1482,19.2768,54.4401,0,265.124,1.29739,4.70638,4.95111,44.8129,1184.78,3.66374,1.31678,1.11915,1.17884,0.710345,4.6074,2.8461,24.8729
TP15L14,94.87036001,0,0,0,0,0,0,0,0,0,0,0,0,0,0,0,0,0,0,0,0,0,0,0,0,0,0,0,0,1.59964,0,0,0,0,0,0,0,0,0,0,0,0,0,0,0,0,0,0,0,0,0,0,0,0,0,0,0,0,0,0,0,0,0,0,0,0,0,0,0,0,0,0,0,0,0,0.600081,0,0,0,0,0,0,0,0,0,0,0,0,0,0,0,0,0,0,0,0,0,0,0,0,0,0,0,0,0,0,0,0,0,0,0,0,0,0,0,0,0,0,0,0,0,0,0.960335,0,0,0,0,0,0,0,0,0,0,1.11529,0,0,0,0,0,0,0,1.71216,0,0,0,0,0,0,0.515539,0,0,1.27534,0,1.29302,0,0,0,0,0,0,0,0,0,3.48832,0,0,0,0,0,0,0.353457,0,0,0,0,0,0,0,2.07361,0,0,0,0,0,1.46949,0,0,0,0,0,0,0,0,3.74917,0,0,2.1048,0,1.51728,0,0,0,0,0,0,0,0,5.50697,0,0,0,0,1.73874,0,2.17006,0,0,0,0,0,0,0,3.7702,1.48311,4.22548,1.20923,1.13335,2.02121,0,1.93394,0,0,1.45422,0,0,0,0,0,0,0,0,0,14.3034,1.64669,0,1.09565,0,0,1.72269,0,0,6.74549,2.986,0,2.43424,0,0,0,4.7649,17.7738,0,0,0,0,0,10.3681,0,7.55454,0,0,0,3.74499,12.1712,1.63467,0,1.9306,0,0,0.488548,0,10.2541,2.16168,8.09069,0,0,0,0,0,0,5.92461,0,2.38753,0,0,2.95449,0,0,0,3.0182,9.44368,1.87249,0,0,0,0,0,0,0,0,6.15248,0,0,16.7884,0,2.55651,0,28.4994,0.745507,0,0,0,2.82765,0,0,4.37403,2.23503,0,22.972,2.59202,0,30.1572,3.26141,0,14.9871,0,0,0,29.1246,1.01427,0,1.6663,0,2.7924,0,0.756588,3.30505,0,0.740576,2.35242,8.29445,0,0,3.34055,0,1.92397,8.30676,0,0,0,0,1.85389,2.46641,2.59357,1.70694,0,0,0,0,0,0,2.2485,5.54332,1.94401,0,3.43482,4.27625,0,9.17829,0,1.5639,0,4.3672,3.96372,2.40807,1.0524,0,1.72801,0,36.878,0,0,8.64976,2.30401,3.70778,2.32314,0,77.4957,0.702479,3.91521,0,1.03681,5.05912,1.78304,0.588104,0,4.93282,1.23866,1.28905,1.57048,0,3.11908,3.24566,3.4507,0,4.29354,3.39907,1.5164,5.50096,0,2.1999,0,0.407182,3.23627,7.24758,1.62283,0,0,7.66953,0.759668,5.36684,0,1.2305,2.28055,15.4352,0.563255,2.2713,21.2396,7.56437,0,9.55419,27.1455,0.717789,0,3.05109,2.55262,0,1.41741,3.68032,5.50697,4.34012,0,20.9265,0,0,0,2.65974,4.85873,0,7.18813,10.7153,2.35242,7.40576,0,0,0.524228,4.03396,0,23.2073,0.763209,2.44487,0,0,18.48,1.51409,11.1656,2.82765,1.74416,10.0619,0.699844,0,3.99436,0,10.0566,7.66953,1.86937,10.4846,0,13.6751,8.43503,4.73468,6.56104,11.7621,6.07129,16.8584,3.86531,17.6617,12.7244,4.82253,0,0.920848,2.41066,28.5943,0,3.54352,0,3.72974,4.05707,5.79181,15.5701,5.81003,2.52765,3.18628,14.4174,9.30739,12.424,4.70045,7.61735,0,13.5072,0.621393,5.73267,0,9.94829,8.58705,11.3763,1.54555,3.57748,7.56588,5.33941,2.72313,17.428,3.33259,17.6412,9.70223,35.3774,6.06769,32.7587,45.3612,21.1606,14.3295,22.0761,0.426409,0.313206,78.3499,37.0204,23.3038,15.675,27.1098,6.57551,53.2008,4.5375,4.28476,16.3984,15.608,0,0.695497,3.79393,29.5768,5.4622,111.975,1.28036,1.0644,15.1966,39.2321,552.685,2.29164,2.48172,2.27797,4.66563,9.63918,5.836,3.23851,93.401
TP15L17,95.29409662,0,0,0,0,0,0,0,2.28107,0,0,0,0,0,0,0,0,0,0,0,0,0,0,0,0,0,0,0,0,0,0,0,0,0,0,0,0,0,0,0,0,0,0,0,0,0,0,0,0,0,0,0,0,0,0,0,0,0,0,0,0,0,0,0,0,0,0,0,0,0,0,0,0,0,0,0,0,0,0,0,0,0,0,0,0,0,0,0,0,0,0,0,0,0,0,0,0,0,0,0,0,0,0,0,0,0,0,0,0,0,0,0,0,7.6246,0,0,0,0,0,0,0,0,0,0,8.99392,0,0,0,0,0,0,0,0,0,0,0,0,16.8851,0,0,0,0,0,0,0,0,0,0,0,0,0,0,5.24645,0,0,0,0,4.74894,0,0,0,0,0,0,0,0,0,0,0,0,0,0,0,0,0,0,0,0,0,0,0,0,0,0,0,0,0,0,0,0,1.54524,0,0,4.91855,8.81404,0,0,0,1.99052,0,0,0,0,0,0,0,0,7.22462,0,0,0,0,0,0,0,0,0,0,0,7.3696,0,0,0,0,0,0,0,0,0,0,0,0,0,0,0,0,0,0,0,0,0,0,0,0,0,0,0,0,0,0,0,0,5.87603,0,0,0,0,0,0,34.9763,0,0,0,0,0,0,0,6.60722,0,0,0,0,0,0,0,0,0,0,1.92278,0,0,17.0155,12.737,0,0,0,0,0,0,0,0,4.69831,0,0,0,0,0,0,23.7575,0,0,0,0,4.92955,0,0,0,0,0,4.40262,4.5716,0,5.5785,0,3.3539,0,9.04561,0,0,0,0,5.56442,0,0,3.44298,0,0,6.38698,5.10072,0,20.6418,4.27866,0,16.8528,0,0,0,24.538,0,30.2888,0,0,0,0,0,2.60155,0,0,0,0,4.09574,0,7.88846,0,0,6.5386,0,0,0,0,0,0,4.62922,0,0,5.59266,0,0,0,0,2.94981,0,7.65107,0,9.01231,3.03932,0,0,0,0,0,10.3128,7.80003,0,0,0,0,0,26.3893,0,0,0,0,0,0,5.95543,39.1445,0,0,0,0,6.63708,0,0,0,0,0,0,3.09048,7.73161,0,0,6.79048,0,7.41922,3.82222,0,12.0279,14.1705,4.32909,3.72844,0,0,0,6.38698,0,10.468,3.01851,0,0,10.2968,0,8.9756,13.8064,0,4.46959,2.60429,22.2563,12.7863,7.52051,40.0638,5.65002,0,0,10.0464,6.5386,0,10.6065,0,0,7.89788,9.20686,1.8332,6.89674,5.44076,5.23399,7.35484,0,3.14338,21.0862,1.85169,0,13.1684,6.87639,0,0,0,17.1257,0,0,4.87502,10.1779,8.08133,0,6.2778,0,6.86451,11.3146,5.50877,2.61389,10.4804,0,5.73831,18.111,0,12.3793,0,25.3277,4.14973,0,28.6915,37.0338,33.3008,45.3972,2.34042,48.6579,0,21.4628,9.2197,0,2.37191,49.5171,16.3223,4.64875,0,9.78613,0,3.79915,20.4265,2.07878,4.97406,3.58294,31.5237,5.63557,32.6849,2.05551,14.9899,53.2258,26.5803,4.89125,0,8.37836,37.2615,13.5185,25.585,3.04142,21.1199,25.5233,0,2.14349,51.4438,26.2323,29.234,15.7233,21.141,9.56419,42.6585,77.947,48.5813,34.241,33.7888,1.67823,1.01297,122.06,39.4921,56.1915,33.1535,32.4728,17.1533,74.7797,10.2969,14.053,41.8388,13.871,43.8308,15.055,19.198,60.6621,32.2465,248.783,0,4.18918,15.7394,83.6369,886.144,0,1.95347,0.996162,18.3626,3.16142,19.4041,14.3366,108.609
TP16L6,87.12488298,0,0,0,0,0,0,0,0,0,0,0,0,0,0,0,0,0,0,0,0,0,0,0,0,0,0,0,0,0,0,0,0,0,0,0,0,0,0,0,0,0,0,0,0,0,0,0,0,0,0,0,0,0,0,0,0,0,0,0,0,0,0,0,0,0,0,0,0,0,0,0,0,0,0,0,0,0,0,0,0,0,0,0,0,0,0,0,0,0,0,0,0,0,0,0,0,0,0,0,0,0,0,0,0,0,15.5893,0,0,0,4.46235,0,0,0,0,0,0,0,0,0,0,0,0,0,0,0,0,0,0,0,0,0,0,4.78236,0,0,0,0,0,0,8.24998,0,0,0,0,0,0,0,4.42126,0,0,0,0,5.54445,0,0,0,15.5221,0,0,6.68731,0,0,14.9579,0,0,0,0,0,0,0,0,0,0,0,0,0,0,0,0,0,0,0,8.20768,0,0,0,0,0,0,15.152,0,0,0,0,0,9.02536,0,0,0,0,0,0,0,0,0,0,0,0,0,0,0,0,0,9.30521,0,0,0,0,0,0,0,0,0,0,0,0,0,0,4.14637,0,8.22173,0,0,0,0,0,0,0,0,0,0,0,0,0,4.69813,0,0,0,0,0,0,0,0,0,8.24998,0,0,0,19.0535,4.94999,0,33.5769,0,0,0,0,0,0,0,0,8.02925,0,0,0,0,6.28467,0,6.28467,0,0,18.5386,0,0,0,11.5559,0,0,0,12.7024,3.79265,5.11886,0,0,12.6688,0,0,0,19.413,2.89246,0,0,0,0,0,0,0,0,12.4606,2.39835,0,0,12.1557,0,0,0,9.85528,0,0,0,0,0,0,0,3.75116,4.79191,2.50862,6.95868,0,0,56.2235,0,0,13.771,0,0,0,0,0,8.24998,0,0,5.98689,0,0,0,0,0,0,0,0,0,5.7297,4.36499,0,24.9336,8.79394,0,0,0,7.94949,15.864,0,0,0,0,0,0,8.42367,7.94949,3.21385,31.693,16.6718,0,19.638,3.31137,0,7.87129,0,9.45939,0,22.4719,72.2348,0,4.51268,2.6707,0,0,11.5006,3.40531,0,6.74367,9.87961,7.94949,0,0,19.5471,3.01223,0,16.8769,0,0,0,10.0872,0,5.28798,0,3.68495,3.3671,0,13.3746,0,0,5.82705,14.0207,16.6574,6.79456,34.0717,15.4389,14.1498,8.12435,3.49199,0,0,13.9174,6.52672,0,13.378,0,0,11.2184,5.27636,9.779,33.093,2.41524,0,3.64301,20.0211,4.64361,49.162,29.0999,3.30479,6.76266,0,72.971,0,0,5.77797,15.7426,9.30521,0,66.314,0,11.2711,5.92777,11.405,1.60263,0,27.3979,22.9736,4.03487,0,9.56472,0,0,4.69813,0,24.8782,9.93069,20.9672,0,0,17.6094,0,54.7178,24.2499,0,12.3273,0,20.4776,74.2204,10.9373,28.1337,19.7322,16.0317,49.4535,0,100.031,9.04235,0,31.2597,25.2179,51.2412,45.656,29.324,53.0133,13.874,25.914,5.02248,9.6805,11.754,183.752,26.3706,5.06486,1.56809,19.5471,34.7934,70.3667,41.5228,13.5891,5.41929,9.75913,72.1254,36.8401,49.7963,2.2395,0,0,57.9191,7.9936,6.94639,18.2566,13.2135,45.8292,6.96878,0,15.3402,69.5196,3.27077,11.6768,65.3899,21.4352,7.96267,19.5779,149.501,30.8027,79.6914,220.01,83.1754,70.2229,42.0722,0,1.31866,146.984,145.359,30.6106,79.6259,50.542,17.6504,70.6101,71.9856,18.373,49.5463,0.0088,76.0574,23.8583,37.1848,60.7331,11.711,333.007,0,9.12831,6.85927,94.6279,1158.53,4.90073,8.51328,2.17066,14.2901,51.666,7.83974,9.0781,88.7479
TP17L6,87.60532342,0,0,0,0,0,0,0,0,0,0,0,0,0,0,0,0,0,0,0,0,0,0,0,0,0,0,0,0,0,0,0,0,0,0,0,0,0,0,0,0,0,0,0,0,0,0,0,0,0,0,0,0,0,0,0,0,0,0,0,0,0,0,0,0,0,0,0,0,0,0,0,0,0,0,0,0,0,0,0,0,0,3.5778,0,0,0,0,0,0,0,0,0,0,0,0,0,3.64687,0,0,0,0,0,0,0,0,0,0,0,0,0,0,0,0,0,0,0,0,0,0,0,0,0,0,0,0,0,0,0,0,0,0,0,0,3.7631,0,31.4295,0,0,0,47.9114,0,2.8885,3.49829,1.39932,0,0,0,0,0,0,0,2.15157,0,0,0,2.17636,17.9781,6.10693,0,0,2.63103,0,0,2.94249,0,0,39.6097,0,0,0,1.50644,0.883573,0,0,3.73336,1.08319,0,0,0,0,0,0,0,0,0,0,0,10.0057,0,0,0.66237,0,0,0,0,3.39791,0,0,2.55973,0,0,0,0,2.4219,0,3.37335,0,0,0,2.74575,0,0,0,0,0,0,0,2.40954,0,3.15899,0,2.27053,6.36053,0,0,0,3.82404,3.40989,0,3.26266,0,6.46945,2.45335,2.7378,0,3.5643,0,9.99512,0,0,0,0,3.44722,0.926019,0,7.39365,2.55973,0,0,0,0,0,2.51877,1.59013,0,0,0,6.33919,4.01932,7.49634,0,0,0,0,0,2.91524,0,1.4161,0,0.713937,1.9885,0,34.2224,2.75778,0,3.25703,0,1.7889,0,0,6.9197,14.5875,10.9195,0,0,1.13663,0,6.51406,2.16637,0,0,0,0,0,0,2.81113,4.7227,0,7.63778,2.276,0,0,0,0,4.22613,9.1926,0,3.71866,3.2683,1.88719,0,0,2.39124,0,2.15648,0,13.1832,0,0,0,0,0,2.86224,0,14.7584,11.3118,0.986979,24.6402,2.18643,2.97025,22.1204,0,2.6532,14.448,6.94514,0,1.43329,16.8292,0,9.73752,0,2.51207,4.71092,0,1.2764,5.57579,0,1.24939,1.98433,3.49829,5.26695,0,5.63567,0,0,5.60557,3.45985,1.12445,4.34271,0,6.25523,4.16097,0,2.87969,1.36692,2.39731,2.02908,0,0,0,0,3.11729,6.5593,0,3.86315,3.90844,4.03649,3.09685,8.77281,2.63838,0,5.89416,11.7023,8.12507,0,0,2.91524,0,45.2474,0,1.76549,13.266,3.88699,3.12761,3.91925,2.55281,58.7278,2.37024,3.30258,11.62,0,0,1.0027,0.992163,1.88531,10.4024,2.08969,4.34938,1.32474,9.94252,10.5241,0,2.91075,6.87771,14.6101,3.2768,0,17.5297,15.1855,4.63919,6.39282,1.37387,3.63984,9.17028,16.4268,0,8.97424,12.9389,1.2816,6.61442,0,2.07591,13.4659,8.28543,1.90048,13.4113,8.59975,14.0139,0,6.44737,24.8061,1.3596,5.32135,2.57368,2.87094,2.80279,0,2.27326,15.4842,14.644,3.38544,31.5723,2.35742,1.47815,23.322,10.096,7.5664,3.62355,8.0845,10.5451,1.58746,9.99512,31.9864,13.946,4.422,5.54524,2.39731,24.4699,3.90709,4.12462,4.17938,4.36277,6.92816,3.1259,16.146,2.3852,12.031,25.4625,1.18067,4.4818,23.5854,12.9094,7.37921,28.4656,4.73058,33.6072,0,36.6416,16.0091,6.98919,25.8272,5.95298,36.5827,20.9565,6.52098,29.7962,26.8335,0,7.90409,7.76759,4.06691,67.536,0,19.927,5.55248,12.5845,17.1112,26.0563,9.716,5.34645,8.52857,3.83959,43.2407,16.9099,22.0748,4.4055,6.42544,0,47.8536,9.43491,0,3.5914,11.9784,32.8367,28.7886,5.8667,26.4573,30.9984,8.02038,2.75644,33.0772,16.8668,26.6288,23.108,72.9615,36.9314,55.4265,103.101,43.1364,69.0705,52.7618,0,0.852809,104.643,147.973,79.1417,50.6242,59.6551,18.4439,185.916,38.6306,3.61431,50.8138,0.849406,79.341,8.80005,17.3729,42.1669,9.21502,185.861,3.37477,5.38711,6.74671,12.41,818.561,13.5452,6.69886,1.70803,4.49781,27.103,20.8399,5.79057,115.493
TP17L14,98.07654588,0,0,0,0,0,2.0461,0,0,0,0,0,0,0,0,1.67476,0,0,0,0,4.51243,0,0,0,0,0,0,0,0,0,0,0,0,0,0,0,0,0,0,0,3.66915,1.38975,0,0,0,0,0,0,0,0,0,0,0,0,0,0,0,0,0,0,0,0,0,0,0,0,0,0,1.42187,0,0,3.60466,0,0,0,0,0,0,0,0,0.907367,0.68355,0,0,0,0,0,0,0,0,0,0,1.06068,0,0,0,3.56291,0,0,0,0,0,0,0,0,0,17.9765,0,1.59929,2.90186,1.71523,2.13609,0,0,39.192,0,0,0,0,2.26916,0,0,0,0,3.7665,0,0,1.16367,6.57214,0,15.4831,0,0,0,0,0,5.19883,10.6068,0,0,15.8555,0,0,2.7342,0,0,28.6798,0,2.54915,0,0,0,8.7885,4.26232,0,0,0,15.9102,0,0,25.7045,0,0,17.2485,0,0,0,0,0,1.86423,4.74754,1.72646,0,0,0,0,0,1.10514,0,0,0,0,0,17.3517,0,0,0,1.95507,0,0,2.58848,0,0,8.23922,0,2.2673,3.46915,0,24.1743,0,3.46915,0,0,7.0984,0,0,0,3.02555,1.67173,0,0,0,0,0,0,0,2.30698,0,0,6.17253,0,0,0,2.44448,0,3.98615,1.868,0,0,0,0,3.16025,0,0,0,2.74641,0,0,0,0,0,0,10.1036,6.42292,0,1.80586,0,0,2.83936,4.48771,0,5.55899,3.69117,0,0,3.17111,1.61046,0,3.92678,29.295,0,0,3.22655,1.29424,2.36311,11.3925,0,6.91749,0,0.6975,5.82816,3.08626,23.4042,8.08286,0,3.18204,0,1.74771,9.66275,0,3.38019,14.2516,10.6681,1.91451,0,1.11046,1.47647,3.18204,2.1165,0,0,0,0,1.84007,2.43481,0,0,0,9.94925,1.1118,0,0,2.98638,0,0,0,0,3.63304,0,6.4531,0,0.000351,13.8279,0,2.10683,2.05065,28.0323,0,0,0,0,2.33028,0,0,23.0698,5.5257,0,16.2652,2.13609,2.90186,19.45,1.79183,2.59211,19.4086,3.39262,0,0,55.4909,0,107.21,2.74641,0,2.30123,1.47647,0,15.2528,0,0,2.50539,20.5065,5.14568,2.50079,5.50592,0,4.75666,13.6913,0,0,0,0,0,2.03258,1.93864,0,0,0,0.991184,1.78836,3.23787,3.0556,2.47066,0,3.20414,2.34211,0,3.81845,9.8589,6.0511,5.71389,1.28882,2.14105,11.5169,86.5628,3.969,1.73457,3.63472,0,0,79.5701,0,3.44969,11.6645,3.7975,6.11121,1.91451,0,66.9383,0,0,4.86534,22.2154,5.55899,0.97961,1.93864,1.8419,4.06517,4.08315,2.12462,2.58848,9.71361,2.57045,0,1.42187,6.06457,16.0377,20.8089,1.30584,36.267,2.96718,7.25181,3.12282,0,0,0,8.02428,4.18481,2.19191,12.641,0,7.80157,51.7454,0,1.87942,24.284,0,5.61537,10.6937,15.8176,1.7849,28.3452,16.778,1.18307,2.59942,0,15.4266,0,4.67237,5.5523,6.0511,14.3069,16.5375,53.5046,0.767714,2.88824,11.3925,7.67167,6.77618,2.36008,6.58197,20.6046,2.32637,4.8825,181.985,0,0.864038,3.61171,46.8423,59.7664,2.54834,4.02966,0,0,18.0497,1.76611,13.1452,6.99085,8.62423,21.3225,0,4.95291,29.6259,8.40813,15.6202,20.2256,4.62167,34.5615,0,22.5395,10.427,5.85281,30.0388,3.87728,21.7039,17.5491,7.35098,42.2098,14.4855,17.6818,0,13.6598,7.94655,114.053,8.45718,5.84046,0.602738,13.6609,3.34345,3.18204,34.2171,6.96447,2.08305,13.5043,62.0476,20.0607,36.0095,5.16488,15.6938,0,32.281,3.07256,0,17.5436,21.5396,17.7672,30.8044,2.54739,5.89644,32.0662,3.77163,7.18126,35.9063,2.74641,30.6067,27.2793,37.0501,25.029,97.188,43.7234,29.0643,47.9356,37.3969,0.702812,0,56.4975,55.7796,38.4997,35.3087,87.4225,8.43504,202.513,4.28061,3.53109,47.6971,0.002068,157.082,102.023,12.5064,63.8267,9.00285,245.582,2.52841,3.50872,17.1376,24.2486,823.906,3.29653,5.72655,4.58893,6.59138,15.8874,15.7473,7.17942,93.5913
TP17L17,98.03271282,0,1.88901,0,0,0,0,0,0,0,0,0,0,0,0,0,0,0,0,0,0,0,0,0,0,0,0,0,0,0,0,0,0,0,0,0,0,0,0,0,0,0,0,0,0,0,0,7.04147,0,0,0,0,0,0,0,0,0,0,0,0,0,0,0,0,3.62467,0,0,0,0,0,3.27428,0,0,0,2.8806,0,0,0,0,0,0,0,0,0,0,0,0,0,0,0,0,0,0,0,0,0,0,0,0,0,0,0,1.34929,0,0,0,0,0,0,0,1.82581,0,0,3.39891,15.1704,0,0,0,0,0,0,0,0,0.712834,0,0,0,0,16.0395,0,0,0,0,1.95674,0,0,0,7.52709,0,0,0,0,0,4.36571,0,2.28438,11.7945,0,4.52249,0,0,0,0,6.80567,0,0,0,8.46798,0,0,8.20852,0,0,9.18024,0,2.34436,0,2.86381,0,1.98442,2.80222,1.83777,0,0,7.7651,0,0,0,0,3.49568,0,7.41348,0,6.71648,0,0,0,8.32445,3.08895,0,12.2889,0,0,6.5778,0,16.8943,0,0,12.4228,0,0,0,0,2.51868,0,0,0,0,0,2.85548,0,0,0,0,3.80731,0,0,5.01166,0,0,0,0,6.61472,0,0,0,0,0,0,0,0,0,0,0,0,0,0,0,0,0,0,0,25.0949,0,2.57143,1.92228,2.66202,0,0,0,0,5.91738,3.92914,0,0,0,3.42857,3.29626,2.08997,11.6939,4.05066,3.28524,0,1.37768,1.25773,18.1905,0,2.94538,0,0,0,3.28524,14.236,4.30198,0,3.38719,0,0,18,3.16356,21.5887,7.58522,11.3559,2.03794,0,0,1.57166,0,0,5.19728,0,4.18885,0,0,7.77535,0,0,0,5.29534,4.73391,0,0,3.17892,4.39501,0,2.38999,0,0,0,5.88783,4.07587,0,14.9208,0,2.24266,0,11.2906,0,3.43457,0,4.35901,9.92208,0,0,24.5571,7.8426,1.02642,31.3193,2.27381,0,16.103,13.3515,2.75923,16.9036,3.61134,3.54616,1.49057,38.0264,3.55901,15.9108,2.92347,0,2.44959,0,2.65483,15.0764,0,0,0,7.27619,1.82581,2.66202,9.37743,1.78597,0,21.861,3.59812,0,4.51626,1.43819,3.2526,0,2.06363,2.99477,0,0,3.16526,1.90365,0,0,3.94492,6.48373,6.82143,0,0,4.06463,8.3956,0,0,2.74381,0,6.12971,184.287,7.55282,0,0,3.03175,3.1085,52.9375,4.17994,5.50814,15.1758,10.1058,6.5052,6.11381,0,56.7123,3.69744,3.43457,18.9897,5.45714,0,2.08553,2.06363,0,6.49087,2.1732,3.76932,2.75536,3.44662,8.20852,5.69441,13.6218,6.84616,9.02171,23.8543,1.39003,39.6775,0,2.89475,8.31037,1.42878,1.89265,3.17892,22.7776,0,6.99966,18.2722,6.66408,6.39315,16.0654,0,4.00116,34.4662,5.7404,33.8719,14.4476,6.80119,0,56.9927,69.4545,11.5471,11.068,5.35306,23.8854,11.6592,2.4868,20.0949,16.103,11.4219,3.52074,101.463,5.72046,1.53722,21.8286,10.4995,5.90158,2.53072,20.9735,46.9993,9.07995,0,13.6972,9.42407,8.45349,3.84456,7.47933,89.0673,8.12646,2.14473,0,18.1485,27.6193,2.19031,2.79853,17.3636,7.42383,30.263,4.91143,7.74258,38.5439,11.1878,3.83705,40.3679,18.0386,22.0738,1.12261,56.4532,16.6489,10.3836,31.9754,6.19088,31.9653,42.0312,6.25992,27.8882,23.4808,28.4742,2.20254,13.7489,13.2063,170.993,34.8737,10.3617,5.13278,15.2687,32.0311,13.5488,56.7186,14.827,4.4347,11.9791,43.5635,48.9887,31.3953,6.41418,23.3878,0,34.3622,4.36087,14.4,11.2048,26.7394,25.1095,24.2364,14.9139,25.1063,37.9261,9.36785,8.59978,53.5097,23.3878,24.435,29.038,69.839,14.965,117.783,90.3999,72.7046,89.7884,82.8434,0,0,126.007,83.1142,67.8186,51.3406,126.146,26.2221,251.127,66.3662,10.0233,83.1724,0.88335,232.803,4.27081,19.969,103.783,4.79164,270.921,0.707654,3.73493,22.4522,24.3779,916.044,6.01553,5.74225,7.54921,9.3551,22.5489,13.41,4.17306,115.453
TP9L4,46.91141261,0,0,0,0,0,0,0,0,0,0,0,0,0,0,0,0,0,0,0,0,0,0,0,0,0,0,0,0,0,0,0,0,0,0,0,0,0,0,0,0,0,0,0,0,0,0,0,0,0,0,0,0,0,0,0,0,0,0,0,0,0,0,0,0,0,0,0,0,0,0,0,0,0,0,0,0,0,0,0,0,0,0,0,0,0,0,0,0,0,0,0,0,0,0,0,0,0,0,0,0,0,0,0,0,0,0,0,0,0,0,0,0,0,0,0,0,0,0,0,0,0,0,0,0,7.90173,0,0,0,0,0,0,0,0,0,0,0,0,0,0,0,0,0,0,0,0,0,0,0,0,0,0,0,0,0,0,0,0,0,0,0,0,0,0,0,0,0,0,0,0,0,0,0,0,0,0,0,0,0,0,0,0,0,0,0,0,0,0,0,0,0,0,0,0,0,0,0,0,0,0,0,0,0,0,0,0,0,0,0,0,0,0,0,0,0,0,0,0,0,0,0,0,0,0,0,0,0,0,0,0,0,0,0,0,0,0,0,0,0,0,0,0,0,0,0,0,0,0,0,0,0,0,0,0,0,0,0,0,0,0,0,0,0,0,0,0,0,0,0,0,0,0,0,0,0,0,0,0,0,0,0,0,0,0,0,0,0,0,0,0,0,0,0,0,0,0,0,0,0,0,0,0,0,0,0,0,0,0,0,0,0,0,0,0,0,0,0,0,0,0,0,0,0,0,0,0,0,0,9.38331,0,0,0,0,0,0,0,0,0,0,13.9299,0,0,0,0,0,0,0,0,0,0,0,0,0,0,0,0,0,0,0,0,0,0,0,0,0,0,0,0,0,26.845,0,13.3782,0,0,0,0,0,0,0,0,0,0,0,0,0,0,0,0,0,0,0,0,0,0,0,0,0,0,0,0,22.5199,0,0,0,8.091,0,0,0,0,14.2231,0,0,0,0,0,0,0,0,0,0,0,0,0,0,0,29.4043,0,0,0,0,28.413,0,0,0,0,0,0,0,0,0,0,0,0,0,0,0,0,0,0,0,0,0,0,0,0,0,0,0,0,0,0,0,0,0,0,0,41.1532,0,0,0,0,9.36164,0,0,0,0,0,0,0,0,0,9.23369,0,0,6.76726,0,0,0,0,0,0,0,0,0,0,0,0,0,0,13.3342,0,0,0,8.55188,0,0,0,0,0,0,0,0,5.79913,0,0,0,13.7877,0,0,0,23.1611,15.4129,3.11575,0,0,0,0,7.82546,11.0452,3.94318,15.7727,12.0643,0,0,47.4692,4.94944,27.6117,84.3758,31.918,0,4.43986,6.17455,2.15532,35.4541,66.8416,29.5344,10.7096,76.8049,43.9652,9.17102,27.1143,15.5112,12.8278,0.022604,47.3475,22.6598,39.2409,11.3454,39.5472,45.7663,0,30.8258,202.679,82.8471,612.438,16.5495,21.5616,32.9858,0,29.0788,25.7518,11.6323,484.125
TP9L21,47.34874027,0,0,0,0,0,0,0,0,0,0,0,0,0,0,0,0,0,0,0,0,0,0,0,0,0,0,0,0,0,0,0,0,0,0,0,0,0,0,0,0,0,0,0,0,0,0,0,0,0,0,0,0,0,0,0,0,0,0,0,0,0,0,0,0,0,0,0,0,0,0,0,0,0,0,0,0,0,0,0,0,0,0,0,0,0,0,0,0,0,0,0,0,0,0,0,0,0,0,0,0,0,0,0,0,0,0,0,0,0,0,0,0,0,0,0,0,0,0,0,0,0,0,0,0,0,0,0,0,0,0,0,0,0,0,0,0,0,0,0,0,0,0,0,0,0,0,0,0,0,0,0,0,0,0,0,0,0,0,0,0,0,0,0,0,0,0,0,0,0,0,0,0,0,0,0,0,0,0,0,0,0,0,0,0,0,0,0,0,0,0,0,0,0,0,0,0,0,0,0,0,9.74905,0,0,0,0,0,0,0,0,0,0,0,0,0,0,0,0,0,0,0,0,0,0,0,0,0,0,0,0,0,0,0,0,0,0,0,0,0,0,0,0,0,0,0,0,0,0,0,0,0,0,0,0,0,0,0,0,0,0,0,0,0,0,0,0,0,0,0,0,0,0,0,0,0,0,0,0,0,0,0,0,0,0,0,0,0,0,0,0,0,0,0,0,0,0,0,0,0,0,0,0,0,0,0,6.191,0,0,0,0,0,0,0,0,0,0,0,3.38815,0,0,0,0,0,0,0,0,0,0,0,0,0,0,7.14748,0,0,0,0,0,0,0,0,0,6.34539,0,0,0,0,0,0,0,0,0,0,0,0,0,0,0,0,0,0,0,0,0,0,0,0,0,0,0,0,8.3977,0,0,0,0,0,0,0,0,5.90372,0,0,0,0,0,0,0,0,0,0,0,0,0,0,0,0,0,0,0,0,0,0,0,0,0,0,0,0,0,0,0,0,0,0,0,0,0,16.3634,0,0,0,0,0,0,5.43113,0,0,0,0,5.9451,11.1846,5.18229,0,0,0,0,0,0,0,0,0,0,0,0,0,0,0,0,0,0,0,0,0,0,0,0,0,0,0,0,6.73149,0,0,0,0,0,0,2.63134,0,0,0,0,0,0,6.42551,0,0,0,0,0,0,3.31315,0,0,0,5.816,0,0,0,6.62631,0,0,0,0,0,0,0,10.6465,4.18504,2.73897,2.59908,0,0,0,0,0,0,0,0,0,2.0687,0,0,0,0,8.65477,0,6.13873,0,0,9.67491,1.95581,5.20348,0,3.51208,0,9.82433,0,2.4752,19.8016,15.1458,0,5.18757,19.1316,3.10684,31.2491,51.7544,12.0213,9.30348,5.57394,1.93793,1.20055,29.6735,110.749,9.26959,10.0839,64.2822,0,34.5408,20.3437,3.24554,10.7363,10.6353,64.8526,1.58044,0,1.89323,49.6488,65.6646,1.77561,4.83746,39.985,40.8606,433.373,22.3507,29.3249,46.0127,48.4667,51.1091,82.3011,34.6682,258.068
TP9L15,76.77070713,0,0,0,0,0,0,0,0,0,0,0,0,0,0,0,0,0,0,0,0,0,0,0,0,0,0,0,0,0,0,0,0,0,0,0,0,0,0,0,0,0,0,0,0,0,0,0,0,0,0,0,0,0,0,0,0,0,0,0,0,0,0,0,0,0,0,0,0,0,0,0,0,0,0,0,0,0,0,0,0,0,0,0,0,0,0,0,0,0,0,0,0,0,0,0,0,0,0,0,0,0,0,0,0,0,0,0,0,0,0,0,0,0,0,0,0,0,0,0,0,0,0,0,0,5.61922,0,0,0,0,0,0,0,0,0,0,0,0,0,0,0,0,0,0,0,13.4077,0,0,0,0,0,0,0,0,0,0,0,0,0,0,0,0,0,0,0,0,0,0,0,0,0,0,0,0,0,0,0,0,0,0,0,0,0,0,0,0,0,0,0,0,0,0,0,0,0,0,0,0,0,0,0,0,0,0,0,0,0,0,0,0,0,0,0,0,0,0,0,0,0,0,0,0,0,0,0,0,0,0,0,0,0,0,0,0,0,0,0,0,0,0,0,0,0,0,0,0,0,0,0,0,0,0,0,0,0,0,0,0,0,0,0,0,0,0,0,0,0,0,0,0,0,0,0,0,0,0,0,0,0,0,0,0,0,0,0,0,0,0,0,0,0,0,0,0,0,0,0,0,0,0,0,0,0,0,0,0,0,11.3491,0,0,0,0,0,0,0,0,0,0,0,0,0,0,0,0,0,0,0,0,0,0,0,0,0,0,0,0,0,0,0,15.1193,0,0,0,0,0,0,0,0,0,0,0,0,0,0,0,0,0,0,6.62681,0,0,0,0,0,0,0,0,0,0,9.54524,0,0,0,0,0,0,0,0,0,0,0,0,0,0,0,0,0,0,0,0,0,0,0,0,0,0,0,0,10.0792,0,16.0148,0,0,0,0,0,0,0,0,0,0,0,0,0,0,0,0,0,0,0,0,0,0,0,0,0,0,0,3.91135,0,6.73519,0,0,0,0,0,0,0,0,0,0,0,0,0,0,0,0,0,0,0,0,0,0,0,0,0,0,0,0,0,0,0,11.4847,18.7091,2.69912,11.2824,14.6328,0,0,6.29402,6.37757,0,0,0,8.21271,0,0,0,0,0,0,0,0,0,0,0,6.58894,0,0,3.04721,0,0,0,0,0,0,0,0,0,4.74122,0,0,0,24.3263,3.76572,2.13372,0,0,0,0,13.0143,0,0,0,3.56324,2.68905,19.6099,0,0,3.1994,0,0,0,0,0,0,0,0,3.92733,2.80415,0,34.3174,0,5.87699,0,3.51973,53.0984,46.6183,27.2377,2.63497,6.3147,0,5.51102,50.4256,28.5484,21.003,3.80801,36.4126,4.97955,26.0874,45.1505,7.35373,9.12235,25.9232,45.4356,28.6476,8.37172,10.7242,85.4429,74.3913,0,10.9607,86.4799,37.8744,499.008,15.4041,40.8888,18.2447,51.4761,33.0865,56.0948,24.4701,385.266
TP10L4,77.11520535,0,0,0,0,0,0,0,0,0,0,0,0,0,0,0,0,0,0,0,0,0,0,0,0,0,0,0,0,0,0,0,0,0,0,0,0,0,0,0,0,0,0,0,0,0,0,0,0,0,0,0,0,0,0,0,0,0,0,0,0,0,0,0,0,0,0,0,0,0,0,0,0,0,0,0,0,0,0,0,0,0,0,0,0,0,0,0,0,190.98,0,0,0,0,0,0,0,0,0,0,0,0,0,0,0,259.933,0,0,4.59706,0,0,0,0,0,0,0,0,0,0,0,207.632,0,0,0,0,0,0,0,0,0,0,0,0,0,0,0,0,0,0,0,0,0,0,0,0,0,0,0,0,0,0,0,0,0,0,0,0,0,0,0,0,0,0,0,0,0,0,0,0,0,0,0,0,0,0,0,15.5117,0,0,0,0,0,0,0,0,0,0,0,0,0,0,0,0,0,0,0,0,0,2.39612,0,0,10.1628,0,0,0,9.47322,0,0,0,0,0,0,0,0,0,0,0,0,0,0,0,0,0,0,0,0,0,0,0,0,0,0,0,0,0,0,0,0,0,0,0,0,0,0,0,0,0,0,0,0,0,0,0,0,0,0,0,0,0,0,0,0,0,0,0,0,0,0,0,0,0,0,0,0,0,0,0,0,0,0,0,0,0,0,0,0,0,0,0,0,0,0,0,0,0,0,0,0,0,0,0,0,0,0,0,0,0,0,0,0,0,0,0,0,0,5.89445,0,0,9.27449,0,0,0,0,0,0,0,0,0,0,0,0,0,0,0,0,0,0,0,0,0,7.89435,0,6.61472,0,0,0,0,0,0,0,0,0,0,0,0,0,0,0,0,0,0,0,0,0,0,0,0,0,0,8.78312,0,0,0,0,0,0,0,0,0,0,0,0,0,0,0,0,0,0,0,3.76242,0,0,0,0,0,0,0,0,0,0,0,0,0,0,0,0,0,0,0,0,0,0,0,0,0,0,1.25118,0,0,0,0,0,0,0,0,0,0,0,3.59905,0,0,5.82968,0,0,0,0,0,0,10.2611,0,0,0,0,0,0,0,6.7152,0,0,0,0,0,2.20674,0,0,0,1.7707,0,0,0,0,7.0172,0,0,4.96723,0,6.73224,0,0,5.79149,0,6.12587,12.9707,6.46239,0,0,8.26325,10.215,0,0,0,6.04215,3.45378,0,13.2847,0,0,7.62214,0,2.80391,0,0,18.8567,0,0,0,7.53552,0,0,8.72534,0,0,9.82409,0,8.66265,1.96336,19.221,4.57328,0,0,11.9752,2.15651,3.79471,0,3.27874,0,18.0442,0,0,2.94395,28.1808,0,2.03882,0,7.69957,0,0,0,18.0688,5.16051,10.321,7.89435,17.5954,13.5194,12.7839,0,0,0,25.063,13.8565,2.90526,0,1.2449,38.6662,8.36752,24.1576,14.8941,5.58422,32.5485,48.0091,45.7493,6.76659,16.788,0,89.4102,16.4752,41.0843,23.6831,24.9032,72.7299,2.1348,0,0,3.87227,266.357,8.79881,23.5151,0,6.31548,19.028,4.32409,18.516,147.98
TP10L21,77.77297536,0,0,0,0,0,0,0,0,0,0,0,0,0,0,0,0,0,0,0,0,0,0,0,0,0,0,0,0,0,0,0,0,0,0,0,0,0,0,0,0,0,0,0,0,0,0,0,0,0,0,0,0,0,0,0,0,0,0,0,0,0,0,0,0,0,0,0,0,0,0,0,0,0,0,0,0,0,0,0,0,0,0,0,0,0,0,0,0,0,0,0,0,0,0,0,0,0,0,0,0,0,0,0,0,0,0,0,0,0,0,0,0,0,0,0,0,0,0,0,0,0,0,0,0,0,0,0,0,0,0,0,0,0,0,0,0,0,0,0,0,0,0,0,0,0,0,0,0,0,0,0,0,0,0,0,0,0,0,0,0,0,0,0,0,0,0,0,0,0,0,0,0,0,0,0,0,0,0,0,0,0,0,0,0,0,0,0,0,0,0,0,0,0,0,0,0,0,0,0,0,0,0,0,0,0,0,0,0,0,0,0,0,0,0,0,0,0,0,0,0,0,0,0,0,0,0,0,12.7933,0,0,0,0,0,0,0,0,0,0,0,0,0,0,0,0,0,0,0,0,0,0,0,0,0,0,0,0,0,0,0,0,0,0,0,0,0,0,0,0,0,0,0,0,0,0,0,0,0,0,0,0,0,0,0,0,0,0,0,0,0,0,0,0,0,0,0,0,0,0,0,0,0,0,0,0,0,0,0,0,0,0,0,0,0,0,0,0,0,0,0,8.96646,0,0,10.5298,0,0,0,0,0,0,0,0,0,0,0,0,0,0,0,0,0,0,30.723,0,0,0,0,0,0,0,0,0,0,0,0,0,0,0,0,0,0,0,0,0,0,10.4229,0,0,0,27.1963,0,13.5533,0,0,0,0,0,0,0,0,0,0,7.26839,0,0,0,0,0,0,0,0,0,0,13.5981,8.52,0,0,0,14.3589,0,7.60489,0,8.71898,4.3137,0,0,0,3.15168,0,0,0,0,0,9.96757,23.3853,0,0,0,0,0,0,0,7.9126,0,0,14.9061,0,0,0,0,0,18.0512,0,0,0,0,0,0,0,0,0,10.5298,11.568,0,12.4822,12.1859,0,0,0,15.9172,0,0,3.4165,0,0,0,0,0,0,0,0,0,0,0,0,0,0,0,0,0,9.08548,0,0,0,0,0,0,0,0,0,4.88304,9.35453,21.3887,0,0,0,0,0,0,0,0,8.62739,27.3284,0,2.1809,0,0,13.3332,0,0,4.42049,0,0,0,2.68232,6.07941,14.8791,7.08041,0,0,0,6.67746,0,5.25146,5.07619,0,27.9363,6.65106,9.90745,4.55787,0,62.4584,10.4441,4.19902,11.9206,11.3365,13.1203,7.92787,5.59488,11.9844,47.9374,61.1107,6.81034,8.37235,15.4385,0,30.5026,0,32.3357,18.7689,4.49796,0,0,119.727,90.6829,10.3227,16.2747,69.1644,16.9462,18.5821,13.7346,0,21.6595,0,67.0307,5.10141,15.9018,42.7775,95.6847,119.225,0,31.2292,5.86663,233.809,593.391,15.7182,29.1251,16.7087,19.5554,135.513,28.0317,10.6267,237.445
TP10L15,75.99687081,0,0,0,0,0,0,0,0,0,0,0,0,0,0,0,0,0,0,0,0,0,0,0,0,0,0,0,0,0,0,0,0,0,0,0,0,0,0,0,0,0,0,0,0,0,0,0,0,0,0,0,0,0,0,0,0,0,0,0,0,0,0,0,0,0,0,0,0,0,0,0,0,0,0,0,0,0,0,0,0,0,0,0,0,0,0,0,0,0,0,0,0,0,0,0,0,0,0,0,0,0,0,0,0,0,0,0,0,0,0,0,0,0,0,0,0,0,0,0,0,0,0,0,0,0,0,0,0,0,0,0,0,0,0,0,0,0,0,0,0,0,0,0,0,0,0,0,0,0,0,0,0,0,0,0,0,0,0,0,0,0,0,0,0,0,0,0,0,0,0,0,0,0,0,0,0,0,0,0,0,0,0,0,0,0,0,0,10.0479,0,0,0,0,0,0,0,0,0,0,0,0,0,0,0,0,0,0,0,0,0,0,0,0,0,0,0,0,0,0,0,2.45978,0,0,0,0,0,0,0,0,0,0,0,0,0,0,0,0,0,0,0,9.65331,0,0,0,0,0,0,0,0,0,0,0,0,5.3792,0,0,0,0,0,0,0,0,0,0,0,0,0,0,0,0,0,0,0,0,0,0,0,0,0,0,0,0,0,13.2583,0,0,0,0,0,0,0,0,0,0,0,0,0,0,0,0,0,0,0,0,0,0,0,0,0,0,0,0,0,0,0,0,0,0,0,0,0,0,0,0,0,0,0,0,7.39641,0,0,0,0,0,11.7472,0,0,0,5.78849,10.9802,0,0,0,0,0,0,0,0,0,0,0,0,0,0,0,0,0,0,0,0,0,0,0,0,0,0,0,0,0,0,0,0,0,0,0,0,0,0,0,0,0,0,0,0,0,0,0,0,0,0,0,0,0,0,0,0,0,8.01819,11.1722,0,0,0,0,0,0,0,7.06913,0,0,0,0,9.26159,0,0,7.57589,0,0,0,0,0,5.40651,0,0,10.3406,0,0,0,0,0,0,0,0,0,0,0,0,0,0,0,10.9053,0,0,0,0,0,9.48145,8.08923,3.84506,10.4762,12.3847,0,0,7.97483,0,0,0,0,0,0,0,2.68508,0,19.0951,11.5723,0,18.7588,0,0,0,0,0,0,7.81234,0,0,0,9.95404,0,0,11.371,0,14.5569,0,0,0,0,3.65171,0,0,0,0,0,7.57168,0,0,10.0796,9.07741,31.1225,6.68462,0,0,3.26379,11.8342,0,6.2611,2.3651,0,16.5271,0,3.01438,0,2.59776,0,0,3.94963,5.96128,0,0,3.85434,3.54633,0,12.1492,3.18252,3.26712,4.63751,6.61542,30.6254,18.5053,0,15.5411,12.4329,47.5483,15.8968,3.25713,41.8716,0,0,3.69941,5.03188,8.7621,3.49972,0,1.85953,55.8935,54.1483,11.6402,13.7036,60.5415,11.5722,72.2907,10.6864,0,20.2231,0,89.7541,0,49.4908,44.9443,0.68096,61.8435,2.89134,12.1492,18.2586,139.938,219.433,0,11.3307,0,7.60773,22.9214,12.5223,11.5495,157.175
TP11L4,72.40543547,0,0,0,0,0,0,0,0,0,0,0,0,0,0,0,0,0,0,0,0,0,0,0,0,0,0,0,0,0,0,0,0,0,0,0,0,0,0,0,0,0,0,0,0,0,0,0,0,0,0,0,0,0,0,0,0,0,0,0,0,0,0,0,0,0,0,0,0,0,0,0,0,0,0,0,0,0,0,0,0,0,0,0,0,0,0,0,0,0,0,0,0,0,0,0,0,0,0,0,0,0,0,0,0,0,0,0,0,0,0,0,0,0,0,0,0,0,0,0,0,0,0,0,0,0,0,0,0,0,0,0,0,0,0,0,0,0,0,0,0,0,0,0,0,0,0,0,0,0,0,0,0,0,0,0,0,0,0,0,0,0,0,0,0,0,0,0,0,0,0,0,0,4.01488,0,0,0,0,0,0,0,0,0,0,0,0,0,0,0,0,0,0,0,0,0,0,0,0,0,0,0,0,0,0,0,5.26236,0,0,0,0,0,4.76848,9.15193,0,0,0,0,0,0,0,0,0,0,0,0,0,0,0,4.59022,0,0,0,0,0,0,0,0,3.89804,0,0,0,0,0,0,7.71445,0,7.98624,0,0,0,0,0,0,4.96115,0,0,2.57149,0,0,0,0,0,25.7598,0,0,0,0,0,1.80793,0,0,0,0,0,2.78011,0,3.85723,8.37194,0,0,0,0,0,0,0,0,0,0,0,3.89804,0,0,0,0,3.88776,0,0,0,0,0,0,0,4.76848,0,0,0,0,0,5.09848,0,0,0,0,0,0,0,0,1.962,0,0,0,1.42759,0,0,0,0,0,0,0,4.63352,0,0,4.13894,0,5.41714,0,0,0,0,0,0,3.91878,0,0,0,0,16.8717,0,0,0,0,0,1.75831,0,0,0,5.39729,1.75412,6.77453,0,0,0,3.09551,0,2.13236,0,1.58266,0,5.17004,4.87901,0,9.72581,0,3.73975,0,0,6.29684,4.83102,0,6.17372,6.83741,0,0,0,0,12.3573,0,0,0,6.27005,2.75413,0,0,9.75802,0,0,0,1.84876,10.3039,0,0,0,4.69255,0,5.88208,0,6.51974,1.13082,0,5.17004,0,8.5418,2.27036,10.7291,0,0,0,0,9.47563,0,19.9453,3.21482,8.51711,4.76848,4.2709,1.33708,0,0,3.99854,2.95245,0,0,0,1.84644,3.29972,2.98876,6.70771,0,14.2501,0,0,0,4.15059,14.0521,0,0,7.46056,1.77312,9.66204,0,15.8437,4.10435,3.67752,0,36.3817,1.74995,0,1.88422,0,2.35002,4.95281,7.79609,0,8.91455,25.9015,10.9557,0,11.4518,7.61872,12.8687,3.25987,6.80582,3.60259,6.78867,4.19789,11.1626,18.3609,5.67443,7.3673,5.24363,7.00814,36.9204,7.67427,20.1844,7.3796,2.75929,5.05187,19.0534,13.8744,3.11514,5.75571,9.28652,5.32161,2.33512,1.56501,6.97221,18.1587,9.56793,27.743,12.1173,6.34429,1.50507,16.3718,15.5428,17.3235,8.72516,35.5659,10.1618,8.53685,22.2409,26.6088,3.59381,23.1875,11.3053,21.856,9.62148,45.1059,0,5.33219,4.90609,25.8183,11.205,15.8558,12.82,8.5542,12.2026,94.1508,17.0671,20.0744,12.8999,17.1999,39.4677,19.5484,16.522,93.639,38.1959,19.8588,25.0144,32.4857,69.2687,43.5744,3.36663,1.43254,176.128,58.1888,48.3102,38.4273,27.9182,54.336,193.35,35.6232,0,36.747,0,100.984,0,71.3195,30.6971,21.738,71.2965,2.28405,2.80126,21.0494,25.8125,600.747,0,9.14382,17.3192,17.5412,19.026,9.28602,11.1021,155.028
TP11L21,77.98000189,0,0,0,0,0,0,0,0,0,0,0,0,0,0,0,0,0,0,0,0,0,0,0,0,0,0,0,0,0,0,0,0,0,0,0,0,0,0,0,0,0,0,0,0,0,0,0,0,0,0,0,0,0,0,0,0,0,0,0,0,0,0,0,0,0,0,0,0,0,0,0,0,0,0,0,0,0,0,0,0,0,0,0,0,0,0,0,0,0,0,0,0,0,0,0,0,0,0,0,0,0,0,0,0,0,0,0,0,0,0,0,0,0,0,0,0,0,0,0,0,0,0,0,0,0,0,0,0,0,0,0,0,0,0,0,0,0,0,0,0,0,0,0,0,0,0,0,0,0,0,0,0,0,0,0,0,0,0,0,0,0,0,0,0,0,0,0,0,0,0,0,6.35172,0,6.27641,1.82102,4.64307,0,0,0,0,0,0,0,0,0,5.31081,0,0,0,0,0,0,0,0,0,0,0,0,0,0,12.1681,0,0,0,0,0,0,0,0,0,0,4.93146,0,0,0,0,0,0,0,0,0,0,0,0,0,0,5.7326,0,0,0,0,0,0,0,0,0,0,3.80799,0,0,0,0,0,0,0,0,0,0,0,0,0,0,0,0,5.45681,0,0,0,0,0,5.31081,16.6566,0,0,0,0,0,1.94838,1.20025,0,0,0,0,0,0,20.7844,6.01489,1.38563,0,0,0,0,3.29446,0,0,0,0,0,0,0,0,0,0,0,0,0,0,0,0,0,0,0,0,0,0,0,0,2.74729,0,0,3.94028,0,0,0,0,0,0,0,6.58893,0,0,0,16.2865,0,0,0,0,0,0,0,0,0,0,5.83798,0,2.40961,0,0,0,0,0,3.95993,0,0,0,0,0,0,0,0,4.30334,0,0,0,0,0,0,3.65042,0,0,0,3.33599,4.84125,0,4.03028,0,3.07739,11.1434,0,0,0,5.51365,12.0908,0,0,13.5721,0,0,0,11.0529,2.47727,0,0,8.9545,0,0,2.51255,0,2.25238,2.96809,2.23024,0,10.5161,9.88339,4.29171,0,3.98477,16.6566,0,2.94061,0,0,0,3.16952,0,0,0,0,0,8.84641,23.0135,0,6.93708,10.6931,1.37722,0,1.73355,0,0,0,1.15486,9.17879,5.13894,9.2054,1.44049,0,0,12.9275,2.22399,0,0,0,3.97978,1.59752,6.44191,2.40961,0,9.2143,0,0,4.07162,4.47304,4.32679,4.82654,4.71196,4.02008,5.7326,0,18.4643,11.383,2.2116,2.64215,9.9401,27.4457,3.77181,4.24014,0,4.53047,0,6.67198,0,3.16321,13.3939,1.48683,0,8.06056,0,9.85273,0,10.5394,3.66728,1.94124,0,27.1441,8.01985,19.7873,12.2305,13.8944,2.25895,5.66444,18.0858,10.3381,5.79705,21.2078,2.97365,3.62956,15.9706,2.99045,3.35715,6.20286,20.0159,0,2.51653,0.843298,0,34.0329,17.5292,13.2881,6.25509,9.58057,8.10997,32.0871,16.7503,5.18593,7.05225,5.75337,16.4269,5.52004,13.4824,14.338,5.164,22.7172,8.12241,29.5572,4.44384,21.6045,0,7.66191,1.76241,13.9105,42.2643,26.2924,14.6129,27.6563,7.67117,5.07326,6.13101,12.9804,10.8128,24.7149,108.698,28.9672,27.5177,46.4862,24.1041,57.62,62.715,12.5034,40.6417,34.7849,2.41878,0,185.181,102.949,30.3235,10.6974,70.2033,24.5598,158.075,33.3335,0,31.8256,0.000459,46.9893,0.986293,46.1161,41.3524,0,120.375,1.33009,9.05664,15.8793,92.7259,719.616,0,14.0774,23.6897,20.4177,22.7824,17.8845,7.61007,160.984
TP11L15,82.6847579,0,0,0,0,0,0,0,0,0,0,0,0,0,0,0,0,0,0,3.58893,0,0,0,0,0,0,0,0,0,0,0,0,0,0,0,0,0,0,0,0,0,0,0,0,0,0,0,0,0,0,0,0,0,0,0,0,0,0,0,0,0,0,0,0,0,0,0,0,0,0,0,0,0,0,0,0,0,0,0,0,0,0,0,0,0,0,0,0,0,0,0,0,0,0,0,0,0,0,0,0,0,0,0,0,0,0,0,0,0,0,0,0,0,0,0,0,0,0,0,0,0,0,0,0,0,0,0,0,0,0,0,0,0,0,0,0,0,0,0,0,0,0,0,0,0,0,0,0,0,0,0,0,0,0,0,0,0,0,0,0,0,0,0,0,0,0,0,0,0,0,0,0,0,0,0,0,0,0,0,0,0,0,0,0,0,0,0,0,0,0,0,0,0,0,0,0,0,0,0,0,0,0,0,0,0,0,0,0,0,0,0,0,0,0,0,0,0,0,0,0,0,0,0,0,0,0,0,0,5.75793,0,0,0,0,5.35738,0,0,0,0,0,4.86394,0,0,0,0,0,0,0,0,0,0,0,5.56716,0,0,0,12.7031,3.22565,0,0,0,0,18.5448,0,0,0,0,0,0,0,0,0,0,0,0,0,0,0,0,0,0,0,0,0,3.83464,0,0,0,0,0,0,2.9199,0,0,0,8.89176,11.0018,0,2.71409,0,0,0,0,0,0,0,0,0,0,0,0,0,6.64043,0,0,0,8.21465,0,0,6.46258,0,0,4.66742,0,18.9569,0,0,0,0,0,0,0,0,5.19184,0,6.79521,0,0,0,0,0,0,0,0,2.95728,2.4977,0,14.1091,0,3.88298,0,0,0,0,0,3.17577,0,0,0,0,0,0,4.07114,3.88298,0,0,4.69111,0,3.58197,12.9705,12.2404,2.47429,0,0,4.69111,3.77975,0,0,0,17.1668,0,0,0,0,0,6.94848,0.795037,5.70462,0,0,0,0,0,3.80308,0,3.83464,0,0,0,12.9252,0,0,5.56716,0,0,0,4.07114,0,0,2.59228,0,25.7423,5.35738,5.69583,0,0,0,0,0,0,1.81562,0,2.68843,3.56127,5.98154,0,0,0,2.53191,0,0,0,8.12438,0,0,0,0,0,0,3.57504,0,0,0,5.20647,5.03623,2.80896,0,4.67923,0,12.12,0,0,5.14846,9.22611,2.89248,4.5637,2.19513,1.23384,0,2.63666,2.94784,1.55319,4.88968,0,6.09915,8.65308,0,0,4.78833,7.64549,0,0,0,0,1.7687,5.2658,14.0023,9.05658,0,2.31037,2.19252,8.79095,21.0512,4.81327,39.7991,12.3426,3.46123,6.33702,13.278,0,0,4.81327,27.1808,21.8993,0,4.90785,2.91529,42.0067,18.0029,11.6002,3.03996,1.98955,7.55178,0,3.89936,14.487,5.47238,6.69673,22.307,2.14171,12.2057,8.34446,0,7.9326,2.36355,27.416,3.44832,12.5734,0,4.4591,4.10277,20.4301,0,24.1515,5.42819,16.0955,3.8267,23.6204,21.4088,5.03623,17.9795,50.3427,104.517,21.4562,28.2614,78.9682,28.0093,24.6033,90.9722,14.5535,46.9016,18.2198,0,1.17415,161.659,59.3838,53.0212,34.427,46.6938,20.8297,96.1784,22.7366,2.35752,23.3962,0,106.393,0,55.4668,41.2566,27.0084,86.4526,0,14.0555,7.92127,237.445,407.977,17.9217,6.55424,4.17789,13.2021,15.9107,18.5106,4.07139,105.332
TP12L21,92.83971105,0,0,0,0,0,0,0,0,0,0,0,0,0,0,0,0,0,0,0,0,0,0,0,0,0,0,0,0,0,0,0,0,0,0,0,0,0,0,0,0,0,0,0,0,0,0,0,0,0,0,0,0,0,0,0,0,0,0,0,0,0,0,0,0,0,3.3455,0,0,0,0,0,0,0,0,0,0,0,0,0,0,0,0,0,0,0,0,0,0,0,0,0,0,0,0,0,0,0,0,0,0,0,0,0,0,0,0,0,0,0,0,0,0,0,0,0,0,0,0,0,0,0,0,0,0,0,0,0,0,0,0,7.13707,0,0,0,0,0,0,0,0,0,0,0,0,0,0,0,0,0,0,0,2.80443,0,0,0,0,0,0,0,0,3.42937,0,0,0,0,0,0,0,0,0,1.30903,1.15168,0,0,0,0,0,0,0,0,0,0,0,2.10452,0,0,0,0,0,0,0,0,0,0,0,0,0,0,0,0,0,4.71703,0,0,0,0,7.94287,0,0,0,0,3.98429,0,0,0,0,0,0,0,0,0,0,0,0,0,0,0,0,0,0,0,0,0,7.13707,0,0,0,0,2.95239,0,0,0,0,1.20701,0,0,0,22.799,0,0,0,0,0,0,0,4.23074,0,0,0,0,0,12.3526,0,0,0,0,0,0,0,0,0,0,0,0,0,0,9.66868,0,0,1.98252,0,0,0,0,0,0,0,0,2.82373,0,0,0,0,1.22746,0,0,0,0,0,0,0,0,7.96858,0,2.75424,2.99549,0,19.3881,0,0,0,0,0,0,0,0,0,1.63934,4.3047,0,9.95544,3.10895,0,18.9407,0,0,1.28646,0,0,11.6146,0,0,10.3748,0,4.52627,0,0,0,0,0,3.66412,4.88053,3.07019,5.9095,0,0,0,0,0,0,0,3.33644,0,0,0,0,0,1.46565,0,0,0,0,7.75932,3.75349,1.78169,0,0,0,0,0,0,0,0,12.4989,5.03536,0,5.26131,4.03654,3.8116,0,8.56946,0,4.35804,0,0,0,3.79983,0,4.42328,5.23892,4.60241,0,5.06644,4.07664,0,3.32742,0,9.26835,8.60941,2.1637,0,3.70827,0,0,0,2.71177,2.72377,4.72427,1.72671,8.63962,20.5762,10.7056,3.79398,2.98822,33.8405,1.06778,1.74219,6.72023,0,0,8.33263,3.58151,11.8607,7.96858,57.0966,2.23438,8.77301,1.6865,5.01145,9.55405,0,5.41163,0,0,1.23858,4.9945,3.7364,6.08875,9.5253,0,0,6.31357,0,10.0639,7.48417,3.65325,0,0,4.03654,19.0875,4.41271,5.14406,6.14548,17.3401,15.1993,11.6973,0.821859,0,25.1084,1.96355,3.10373,0,0,18.8079,6.91655,12.0464,3.12473,0,7.63896,5.37618,10.8951,11.3732,7.52534,0,31.5678,9.32686,0,9.4825,10.7725,3.17459,14.6391,5.24533,20.8397,57.341,22.6087,23.0552,2.81405,93.751,6.95562,10.4114,9.61832,28.4508,61.8671,9.75551,1.96146,19.4187,23.7268,49.9368,45.0064,4.04982,2.65047,32.6964,69.3829,10.3894,9.64973,19.137,53.5281,36.0853,14.2659,18.5833,0,25.0233,24.6581,14.1692,87.4833,3.44537,16.7503,0,14.851,6.83211,8.89695,14.0435,53.3558,13.8472,44.6715,13.5944,31.467,33.2742,10.0639,25.1499,67.0663,113.588,44.9174,40.1597,82.5095,30.773,59.5745,61.0823,32.9598,73.1485,24.2723,0,0,154.342,62.9131,44.8505,33.3277,49.2458,24.0292,119.772,11.7518,9.42203,48.051,0,92.3646,0,42.9054,59.4907,12.0112,139,0,4.68116,17.5878,84.4727,668.726,0,8.73153,2.78288,10.2595,35.327,20.5891,7.7805,113.195
TP13L4,94.99250948,0,0,0,0,0,0,0,0,0,0,0,0,0,0,0,0,0,0,0,0,0,0,0,0,0,0,0,0,0,0,0,0,0,0,0,0,0,0,0,0,0,0,0,0,0,0,0,0,0,0,0,0,0,0,0,0,0,0,0,0,0,0,0,0,0,0,0,0,0,0,0,0,0,0,0,0,0,0,0,0,0,0,0,0,0,0,0,0,0,0,0,0,0,0,0,0,0,0,0,0,0,0,0,0,0,0,0,0,0,0,0,0,0,0,0,0,0,0,0,0,0,0,0,0,0,0,0,0,0,0,0,0,0,0,0,0,0,3.45061,0,0,0,0,0,0,0,0,0,0,0,0,0,0,0,0,0,0,0,0,0,0,0,0,0,0,0,0,0,0,5.36761,0,0,0,3.61985,0,0,0,0,0,0,0,5.01315,0,0,0,0,0,0,4.17762,0,0,0,0,0,0,0,0,0,0,0,0,0,0,0,0,4.74459,0,0,0,3.86187,0,12.8979,0,5.23025,0,0,0,3.38899,0,0,0,0,0,0,5.01315,2.8693,0,0,8.27716,0,0,0,0,0,0,0,0,0,0,0,0,0,0,1.30244,0,0,7.20046,0,0,6.32888,4.02571,0,0,2.23651,0,4.56524,0,0,0,0,0,8.88619,4.64505,0,0,0,0,0,0,0,0,4.44309,0,0,2.50658,0,3.47771,2.51607,0,0,0,0,0,0,0,0,0,4.58098,3.04698,0,2.09871,0,0,0,0,0,0,0,0,0,0,0,0,5.944,2.972,0,0,0,0,0,0,0,0,3.31293,0,0,0,3.53791,9.2901,0,2.90062,0,0,23.8446,2.07576,0,1.38818,0,6.15039,0,0,0,0,0,0,0,0,0,0,0,0,0,0,4.25115,3.5905,0,10.1411,0,2.79093,4.92031,0,0,0,2.41543,2.28262,0,4.86625,0,0,0,4.39896,5.85236,2.79093,0,3.84511,6.74358,2.85389,0,13.984,4.39896,0,4.38444,9.22559,13.4872,0,0,14.1932,21.7784,0,4.94647,18.494,0,0,2.85696,9.98861,0,4.10026,3.15305,0,7.5375,9.9326,0,0,4.39896,13.781,3.5905,0,3.33371,4.64505,9.33909,0,20.0073,1.41028,1.39547,2.65167,5.85236,5.87825,1.01956,0,4.66135,3.70052,15.4027,2.04697,3.22448,25.7277,2.3044,0.626644,1.45031,4.27165,5.21998,0,3.86468,12.7985,17.1972,19.2534,0,15.7777,7.27937,7.21023,8.33892,0,2.91975,8.11702,3.32954,1.3365,10.7788,6.04773,0,2.5696,9.06816,10.7352,6.81274,11.2266,9.04962,0,7.88418,10.0898,0,4.35569,10.2983,14.2848,3.70052,6.63137,4.15801,26.2417,0,3.54736,3.39766,0,2.11879,8.93099,0,0,10.7254,13.6829,12.9989,0,20.65,2.74764,11.6025,5.87825,15.3405,14.6166,9.21257,22.7091,3.35476,18.3737,5.11612,14.9455,26.4352,7.89825,51.4447,27.6768,60.8967,39.9211,29.8536,1.51827,55.3535,15.0111,2.80864,5.18939,2.79093,51.6541,16.8429,7.05515,16.7632,63.5493,31.6,34.8078,17.4801,4.29005,8.14189,46.0635,11.2108,16.4867,27.5334,95.3036,64.1337,20.0119,8.77301,29.9884,11.8808,43.7127,13.5906,55.1155,6.19629,45.1866,18.9632,28.8453,13.2701,37.6354,10.1025,42.7183,9.50858,36.6346,14.6693,45.8539,38.4696,11.2152,21.9691,56.8612,23.7229,28.6406,59.5855,109.706,26.0428,19.1608,49.2246,16.7368,129.768,34.9218,2.02359,0.725854,96.8283,57.3771,48.3965,37.2794,22.3745,51.5014,186.349,5.78797,1.6945,65.5747,0,51.7414,0,65.5883,56.2941,30.9494,87.8514,0,12.6282,28.4675,114.424,251.748,0.001754,1.17773,0,7.90765,17.154,12.9564,7.95216,99.479
TP13L15,91.77650107,0,0,0,0,0,0,0,0,0,0,0,0,0,0,0,0,0,0,0,0,0,0,0,0,0,0,0,0,0,0,0,0,0,0,0,0,0,0,0,0,0,0,0,0,0,0,0,0,0,0,0,0,0,0,0,0,0,0,0,0,0,0,0,0,0,0,0,0,0,0,0,0,0,0,0,0,0,0,0,0,0,0,0,0,0,0,0,0,0,0,0,0,0,0,0,0,0,0,0,0,0,0,0,0,0,0,0,0,0,0,0,0,0,0,0,0,0,0,0,0,0,0,0,0,0,0,0,0,0,0,0,0,0,4.68958,0,0,0,0,0,0,0,0,0,0,0,0,0,0,0,0,0,0,0,0,0,0,0,0,0,0,0,0,0,0,0,0,0,12.0521,2.37795,0,0,0,0,0,0,0,0,4.35957,0,0,0,0,0,0,7.49735,0,0,0,0,0,4.10134,0,0,4.70834,0,0,2.17576,0,2.28117,0,0,0,0,2.7502,0,0,0,0,0,0,3.80934,3.65554,4.63419,0,3.68992,5.88542,0,0,0,0,0,0,0,4.44183,2.5423,0,0,11.0008,0,4.07296,0,0,0,0,0,2.76311,0,0,0,0,26.1574,0,1.20986,0,0,0,43.5957,7.2436,0,0,10.6363,0,0,2.55888,0,0,3.94995,0,0,20.5888,0,0,4.919,4.52145,0,0,0,2.88855,0,0,3.93674,0,0,4.44183,0,6.16275,0,0,0,0,0,0,0,19.931,0,1.88334,0,2.69974,12.4559,7.43813,20.0782,0,0,0,7.00646,2.94271,2.53993,0,0,7.89675,1.43898,7.61867,0,2.6333,0,25.7756,9.26838,0,0,0,8.4104,0,8.80612,0,5.23149,0,9.40414,0,0,3.51002,0,0,33.1998,0,0,0,0,2.72473,0,0,0,0,0,4.32752,3.26167,1.78617,0,4.2648,0,0,9.39163,5.87075,3.76667,1.59065,0,0,4.67097,8.11224,4.35957,2.18789,12.7597,0,0,12.1349,0,8.62333,0,0,0,15.5905,0,2.47287,7.17735,0,35.8503,1.26432,2.28117,20.6506,3.89763,3.1515,3.88477,4.0871,17.9251,7.22138,1.62356,15.0908,3.85929,10.9327,22.3557,13.6553,0,0,5.06273,8.85026,16.9315,0,0,0,11.6874,4.40032,1.65321,9.68794,0,7.32625,9.54393,0,2.95379,4.11568,6.20607,0,7.09087,4.99824,13.6008,0,0,7.81251,1.80673,8.25445,24.7807,9.83636,10.2355,5.44107,69.7438,21.1607,9.188,7.21797,10.2802,7.56968,8.0939,7.96673,5.13637,2.26799,3.80934,0,1.0676,5.59185,3.22489,12.777,3.29716,0,7.761,9.58929,4.42513,19.8778,33.4263,3.57234,0,9.10704,4.01735,7.13385,4.52725,9.9472,6.41463,5.36665,3.49283,20.8597,5.66587,3.85929,0,12.6568,21.1539,0.979272,7.36829,124.974,8.38778,1.57154,3.01045,18.8307,13.1413,9.89147,6.22796,0,6.91945,46.318,10.3669,0,85.3844,10.346,7.71016,10.4167,35.3397,17.2677,10.3015,13.4141,41.6141,9.058,4.53306,19.1276,43.7047,18.1951,74.3809,10.7286,34.466,58.9525,13.2257,4.03572,52.4276,73.5955,2.48855,10.7286,7.4186,26.7527,29.8468,13.7525,3.7132,5.21369,22.9302,34.4753,13.552,8.86932,51.7004,79.7633,2.4833,26.1404,15.6828,147.48,56.8248,20.4592,55.5229,15.9425,4.7849,33.6791,46.6619,23.0589,7.68619,44.0406,0,42.5966,5.22568,7.08019,4.47561,34.2111,14.1152,29.0427,18.6839,17.5731,54.5367,8.54287,16.0303,27.4806,66.5613,31.2328,58.7942,78.1049,36.3706,89.4246,58.979,44.4882,86.8642,51.57,0.896485,0,113.247,34.1643,40.651,58.1962,52.0395,77.1651,173.101,15.747,0,110.911,0.000529,149.292,1.46222,103.196,77.071,27.9566,148.085,0,2.2378,30.2679,17.1837,243.189,14.1166,0,9.04631,7.41288,6.75515,10.8469,4.3535,137.234
TP13L21,95.45690201,0,0,0,0,0,0,0,0,0,0,0,0,0,0,0,0,0,0,0,0,0,0,0,0,0,0,0,0,0,0,0,0,0,0,0,0,0,0,0,0,0,0,0,0,0,0,0,0,0,0,0,0,0,0,0,0,0,0,0,0,0,0,0,0,0,0,0,0,0,0,0,0,0,0,0,0,0,0,0,0,0,0,0,0,0,0,0,0,0,0,0,0,0,0,0,0,0,0,0,0,0,0,0,0,0,0,0,0,0,0,0,0,0,0,0,0,1.46693,0,0,0,0,0,0,0,0,0,0,0,0,0,0,0,0,0,0,0,0,10.84,0,0,0,0,0,0,0,0,0,0,0,0,0,0,0,0,0,0,0,6.30742,0,0,0,0,0,0,0,0,0,0,1.68623,0,0,0,0,0,2.87161,0,0,0,0,5.62707,3.14974,0,0,0,0,2.79158,0,0,0,0,2.9083,0,0,0,0,0,1.54285,0,1.6176,0,0,0,0,3.90038,0,2.69252,0,1.51211,0,0,64.8297,2.59218,0,0,0,0,0,0,0,0,2.00645,0,0,0,0,0,0,2.60026,0,0,0,0,0,0,0,0,0,0,0,0,0,0,0,2.18503,0,6.78603,0,0,0,1.26467,42.7397,0,1.40519,1.81453,0,0,0,0,0,3.64533,2.79158,0,1.24246,1.06873,0,3.75419,0,0,0.635164,0,0,0,0,3.14974,0,4.37006,0,0,0,0,0,2.41238,3.46341,12.3938,0,2.67098,0,3.82882,0,2.63723,1.77971,1.09538,0,0,0,4.17341,6.52303,0,0,0,3.06118,0,1.8673,0,2.03086,6.09257,0,0,0,0,0,0,0,0,0,0.685289,3.33428,2.91847,0,0.419988,0,10.1174,34.2434,0,0,0.872186,0,0,0,0,0,0,0,3.06868,0,0,0,0,8.60497,0,11.0995,0,0,0,0.985457,3.18581,0,5.2606,3.09142,0,0,0,3.03521,4.30248,0,0,0,1.91881,4.88833,5.5277,1.83851,1.75353,2.54476,0,4.23696,0.896544,3.2352,11.7148,5.5277,0,0,2.8982,10.5924,0,2.30257,12.4846,5.47332,0,13.7692,5.80985,0,0,5.38505,4.70685,0,2.57618,0.66035,0,2.36789,3.12031,0,1.71745,0,5.19512,4.5118,0,6.28368,14.5923,0,3.09142,5.0282,2.65822,5.2606,4.9981,3.67701,0,5.76526,4.68265,11.7148,2.32502,26.6131,1.28611,2.02593,9.23929,4.34353,2.75603,3.6449,0,9.83908,1.41232,6.07041,6.433,8.86144,26.6131,0,1.98262,2.2868,10.1929,8.40418,1.95019,1.83447,3.39993,1.04597,10.0766,10.1584,8.86612,4.9536,3.22894,14.2437,3.37245,6.42063,14.1073,0,0,4.9536,0,0,10.9466,3.2352,8.97508,5.81255,5.55529,3.9187,39.1579,2.97393,1.67159,1.06737,6.86981,1.33123,10.5212,6.62446,21.6153,8.95747,19.7342,8.16714,4.23696,15.1367,11.2212,16.402,27.6996,30.8428,6.12236,5.23083,28.5361,6.32335,7.80077,10.7148,10.6232,12.4922,17.8648,66.5464,24.997,56.5289,32.0496,20.32,4.76961,77.9516,17.291,1.76466,15.2156,15.7818,27.2053,33.0698,3.54618,19.748,36.8541,26.2078,10.4772,2.74566,6.28932,31.5457,47.8093,5.2828,10.9038,12.3565,87.1306,38.8559,16.4422,25.1979,3.76832,9.50045,13.1352,17.0779,61.9997,8.56484,17.0343,0,12.0823,4.63198,10.9741,19.0422,36.5371,23.8968,32.7089,22.4656,29.3339,24.1703,3.41151,21.9226,42.2213,72.041,42.9107,49.3492,108.984,33.8182,50.3102,18.8863,23.6603,134.044,21.027,1.90712,1.13721,155.742,12.6441,60.8147,59.5561,19.3295,31.1833,154.851,0,2.12929,56.2518,0,103.175,11.924,38.7848,56.5149,0,68.6593,0,6.34739,9.53922,29.2443,256.917,8.9453,7.39966,3.77343,10.9304,7.18521,8.38901,6.91582,78.3256
TP14L21,96.96119294,0,0,0,0,0,0,0,0,0,0,0,0,0,0,0,0,0,0,0,0,0,0,0,0,0,0,0,0,0,0,0,0,0,0,0,0,0,0,0,0,0,0,0,0,0,0,0,0,0,0,0,0,0,0,0,0,0,0,0,0,0,0,0,0,0,0,0,0,0,0,0,0,0,0,0,0,0,0,0,0,0,0,0,0.986296,0,0,0,0,0,0,0,0,0,0,0,0,0,0,0,0,0,0,0,0,0,0,0,0,0,0,0,0,0,0,0,0,0,0,0,0,0,0,0,0,0,0,0,0,0.993325,0,0,0,0,0,0,0,0,0,0,0,0,0,0,0,3.89014,0,0,0,0,5.78809,1.90519,0,0,0,0,0,0,0,0,0,0.885058,0,0,5.76813,0,0,0,2.85454,0,0,0,0,0,3.30585,0,0,0,0,0,0,0,0,0,2.19522,0,0,0,0,0,0,0,0,0,0,0,0,1.54599,0,0,3.14428,0,0,0,0,0,0,0,0,0,0,0,0,0,0,2.62188,0,0,0,0,0,0,0,0,0,1.80644,0,0,0,0,0,0,0,0,2.6807,0,0,2.21264,4.01141,0,2.52683,9.23082,0,0,0,0,0,0,0,2.42403,0,0,0,1.40805,0,0,1.45965,2.80664,1.77953,0,0,2.79725,8.77321,0,2.14182,0,0,1.25394,0,0,0,2.79725,0,0,6.3123,0,4.37895,15.8405,0,1.34683,3.06366,0,0,5.20568,8.4337,0,1.33821,8.6522,1.9183,0,0,0,0,0.833878,0,2.48922,0,1.48183,0,0,5.27432,0,5.41346,0,1.87109,6.10496,9.15744,6.58566,1.44702,0.835544,3.47045,5.74094,0,6.2572,0.636514,1.85862,0,1.11369,2.9244,1.73523,12.867,0,2.53448,15.0119,0,0,1.74792,2.42429,5.80819,0,1.95873,0,7.04814,1.5992,6.14985,0,0,0,4.54554,0,7.46767,3.57567,0,4.01462,1.13024,0.987461,0,0,3.7241,0,6.21843,6.79983,0.998066,0,1.43708,2.48184,3.06366,0,5.76813,0,5.53894,0,7.0284,0,1.21039,16.9823,1.79673,4.86267,5.86933,5.53894,0,0,0,6.36837,3.42077,6.92176,1.78713,5.48445,5.17882,17.4675,7.76222,0,1.48032,3.59733,3.14428,0,2.58142,2.64677,7.01156,8.30448,1.56333,3.52407,8.60473,2.76947,8.67613,11.3024,2.47633,5.24705,11.6976,13.2292,3.0977,2.51921,3.55151,8.7855,3.33884,3.68449,5.55119,0.641887,2.34608,11.7387,6.98924,14.5457,3.86616,25.7954,15.1742,7.25394,3.55067,18.2616,2.68932,7.39432,5.66077,1.21655,16.1152,5.41346,16.97,0.758965,7.9466,12.603,2.26969,11.3334,1.95416,0,5.11026,9.43285,17.681,16.9651,6.52834,1.65456,6.47102,24.5915,5.06897,4.28913,14.136,4.55793,0,2.48184,10.5871,12.0777,16.4534,6.48356,26.98,16.3082,2.78329,2.61778,41.3027,0.993325,6.69997,10.0783,11.63,29.3466,3.5142,15.4885,1.66609,3.40832,21.6207,8.18375,0,65.0036,3.45969,9.13078,5.55119,17.3843,22.4943,3.02083,30.977,8.44828,13.0277,25.7678,5.22737,14.4929,21.8791,26.6727,13.0684,20.6231,21.6725,15.6625,0.955862,171.842,18.3387,7.9571,28.3149,26.3565,41.2724,18.5568,11.1043,30.3418,26.527,16.2931,22.7467,3.03843,11.516,68.3456,47.5293,10.5871,6.81699,13.0007,25.7351,20.1885,21.3214,22.8821,1.88799,16.9996,22.7342,39.5729,59.172,4.68123,28.4483,0,46.4095,7.42623,9.73273,0,43.3147,19.6695,50.9839,12.1214,34.7378,27.4487,5.69741,15.4584,55.3247,44.806,31.9017,42.6289,106.166,30.9337,84.3193,63.3004,47.4168,55.2822,55.8808,0.636999,1.05897,158.498,121.937,56.9781,40.1625,24.6512,31.7395,149.489,16.2104,1.06681,89.9271,0.75214,188.281,5.71439,25.0995,96.4574,8.1598,140.296,0.608744,6.3603,22.7017,58.6076,352.558,13.6587,3.70736,4.15921,6.24252,8.39979,24.1777,8.86561,155.384
TP15L4,92.92358348,0,0,0,0,0,0,0,0,0,0,0,0,0,0,0,0,0,0,0,0,0,0,0,0,0,0,0,0,0,0,0,0,0,0,0,0,0,0,0,0,0,0,0,0,0,0,0,0,0,0,0,0,0,0,0,0,0,0,0,0,0,0,0,0,0,0,0,0,0,0,0,5.63784,0,0,0,0,0,0,0,0,0,0,0,0,0,0,0,0,0,0,0,0,0,0,0,0,0,0,0,0,0,0,0,0,0,0,0,0,0,0,0,0,0,0,0,0,0,0,0,0,2.59377,0,0,0,0,0,0,0,0,0,0,0,0,0,0,0,0,4.21739,0,0,0,0,0,0.796711,0,0,0,0,0,0,1.84931,0,0,0,0,0,0,2.04496,0,0,0,0,0,2.79948,5.81276,0,2.36691,5.54163,0,0,0,0,4.42424,0,0,2.37383,0,0,0,0,0,0,0,2.13084,0,0,0,0,0,0,2.82874,4.86137,0,6.49479,0,0,0,0,1.57335,0,6.22106,2.99575,0,0,0,0,0,0,0,3.07518,0,5.04254,0,3.1467,2.54498,0,2.07104,0,0,0,3.90312,0,1.0753,3.06358,1.75345,0,2.93086,0,0,2.80917,0,0,0,0,0,2.85862,2.14775,3.89376,2.13644,0,113.901,0,0,0,0,0,15.0342,2.498,5.13449,0,0,0,0,8.82444,0,4.25052,0,0,0,3.88764,2.71521,14.1932,9.41524,2.079,0,1.21716,0,0.996133,1.23061,5.12746,0,0,0,3.06358,0,0,7.68796,0,3.92197,0,0,0,0,7.05273,0,0,2.79948,0,0,2.56508,3.46204,1.06542,1.61884,6.42624,4.83243,0,13.5124,2.18827,0,0,0.99248,2.62734,9.08108,5.44865,5.9259,11.8518,0,0,0,5.053,2.49962,0,2.02456,0,1.80411,0,2.16205,0,0,0,4.10025,2.46015,2.08166,1.26851,0,0.848327,0,1.87928,0,1.90128,1.57641,0,0,4.40726,12.2355,2.46388,0,7.3537,0,4.83243,20.2101,2.02456,7.79375,1.09709,1.917,6.19732,3.22162,14.3739,3.00685,4.52704,4.40026,0,2.95218,41.8479,0,8.92141,0,9.33159,1.18865,5.37648,1.78821,1.70556,2.47515,4.69956,16.4842,3.48807,0,5.69718,2.68824,4.34725,0,0,2.06053,13.2818,3.35937,12.143,31.9416,5.02693,12.6454,5.65092,2.53307,0,5.23773,9.15619,19.237,17.5399,2.56914,0.972274,18.4249,3.03495,3.42071,10.0228,5.37648,6.73733,2.19419,0,0,0,35.67,0,12.2266,6.89468,23.0251,1.62046,5.36464,3.59225,3.73837,4.55455,19.9401,9.04567,2.35318,3.75277,42.2844,22.7517,18.3071,17.9985,38.1108,2.61045,29.5073,4.84005,2.95218,14.0783,28.9008,2.35318,0.736705,15.4271,53.9642,4.40623,4.1247,1.89684,3.56856,18.1881,10.1735,16.5084,41.1688,12.3194,0.895809,4.71092,36.0206,49.2029,4.36069,13.7214,14.3788,16.0396,21.3544,16.4425,16.6082,18.6326,12.5868,14.5493,60.7463,3.37707,1.2705,32.073,10.5818,4.33564,18.6871,22.0045,40.1392,15.009,4.29549,0,9.10027,61.2348,8.70375,2.06053,128.297,2.71848,23.0437,5.38838,7.49976,16.8722,8.43383,6.93888,16.401,23.5735,8.33734,13.3691,107.664,6.75736,34.8972,5.28547,35.2547,29.8175,28.886,4.63913,39.6593,127.187,6.00734,3.17128,10.2334,52.1639,57.8973,12.5032,12.8052,65.4892,18.4325,18.6947,21.3644,8.73895,152.15,83.9539,5.13828,22.8018,15.0231,63.4739,36.3932,18.6362,43.656,20.1588,8.58051,25.5517,50.8703,26.5729,12.8745,98.8363,4.36355,94.0138,3.60421,17.4965,12.3475,28.8278,33.1733,61.2716,32.4964,80.4067,31.3455,18.803,14.2152,28.4305,12.0811,65.9711,69.5161,145.744,30.2007,83.1244,33.5379,33.241,134.222,59.5771,2.47326,0,118.345,58.4218,85.2308,69.9276,44.438,80.3561,260.82,9.3313,0,70.9724,0.73008,123.722,3.52978,78.5375,70.5893,0,187.249,1.91461,4.63032,2.31957,11.8518,276.776,6.00755,1.43945,0.36702,23.9008,2.32955,3.0479,4.60546,38.4762
TP15L15,95.01303009,0,0,0,0,0,0,0,0,0,0,0,0,0,0,0,0,0,0,0,0,0,0,0,0,0,0,0,0,0,0,0,0,0,0,0,0,0,0,0,0,0,0,0,0,0,0,0,0,0,0,0,0,0,0,0,0,0,0,0,0,0,0,0,0,0,0,0,0,0.252784,0,0,0,0,0,0,0,0,0,0,0,0,0,0,0,0,0,0,0,0,0,0,0,0,0,0,0,0,0,0,0,0,0,0,0,0,0,0,0,0,0,0,0,0,0,0,0,0,0,0,0,0,0,0.47695,0,0,0,0,0,0,4.41099,0,0,0,0,0,0,0,0,0,2.25855,0,0,0,0,0,2.69913,0,3.456,0,2.27418,0,0,0,0,0,0,4.24938,3.31102,0,0,0,4.05702,0,0,3.13717,0,0,11.2157,0,0,1.40756,2.62895,1.79084,2.59778,0,0,0,0,0,0,0,0,0,3.45007,4.18623,0,0,0,0,11.5224,10.3051,3.93555,0,2.62895,0,0,4.85943,4.74968,6.36858,4.94164,0,0,0,0,0,0,0,4.76259,0,7.46861,0,0,0,2.54743,0,3.28619,0,4.64479,4.39624,0,3.1598,2.21292,0.870513,0,0,0,2.3727,2.04747,2.27025,13.6451,0,0,1.90504,14.7457,0,8.48546,1.73872,0,6.91829,0,156.664,0,0,1.72052,0,0,30.2554,10.1113,5.47469,5.97489,0,0,0,7.70449,4.5171,2.29402,0,1.39838,0,32.8809,0,6.8941,13.2994,0,0,5.91218,0,2.41928,0,6.91829,2.19812,0,0,2.48014,0,0,3.7343,2.86753,5.29177,0,0,0,0,34.9076,1.5818,5.67272,9.06535,0,3.47745,4.15316,1.40136,3.45007,7.86326,5.20241,3.91213,4.92928,32.0777,0,0,3.25728,5.62428,2.12698,4.41099,11.7626,0,35.9802,0,0,0,10.9085,28.2889,0,22.9459,0,4.38158,0,2.62545,13.7882,0,31.622,3.31938,1.99163,18.5375,0,0,3.43384,0,1.52138,2.06678,0,2.55238,0,0,16.9142,19.968,1.99465,2.92756,14.2878,0,7.82426,31.956,0,15.7737,2.66448,0,15.0512,5.21617,23.7518,2.43421,24.4326,3.56226,0,1.19498,38.3953,7.80104,2.40746,1.56485,3.02178,0.96228,17.4103,5.79064,0,2.00377,0,6.67246,7.05948,2.54743,0,0,14.9572,0,0,1.66812,18.8166,8.70774,28.0871,23.7036,12.2087,40.1816,3.04983,0,8.14277,9.8939,18.5311,20.5252,8.11404,0.519966,0.787111,30.7643,6.14241,9.23086,21.6375,0,8.18138,10.6579,0.972965,0,4.59607,27.7218,0,3.95926,13.9541,65.5857,10.4948,18.8196,7.27033,2.52202,10.1397,34.5915,87.8758,5.71511,10.1869,61.8627,4.94008,37.6216,29.1417,81.7959,4.22661,56.1686,10.0087,13.3837,6.33177,6.38095,3.81007,0,7.80567,39.1868,1.78355,5.21056,0,0,12.0471,36.2387,47.6542,113.317,41.608,1.30017,5.08501,62.0233,50.4546,73.3685,5.55412,8.05877,44.9479,7.80104,24.9584,21.3543,12.9293,7.6423,7.06707,158.955,1.64036,3.08562,103.86,5.46397,3.0712,37.6239,116.428,61.8453,10.4937,8.69362,0,19.6763,82.1839,10.8593,0,260.511,11.7162,30.1353,4.3622,7.58935,40.9769,20.8581,1.87247,28.2147,73.0273,5.90586,8.21547,231.129,10.1594,58.8447,5.99045,15.7229,32.4477,49.2313,1.50226,68.9344,275.644,15.4574,6.84622,6.90376,24.7376,54.1622,66.7934,16.5864,20.2455,2.46227,13.5381,13.5532,11.6465,333.933,34.3861,11.0926,24.2235,5.3513,52.3885,45.3267,200.238,180.43,25.2213,6.94641,31.9686,100.014,14.1888,12.2619,120.717,1.17182,157.769,5.83563,17.3689,2.499,16.3185,46.6895,24.8014,14.061,20.998,95.1599,23.2809,12.1474,20.4588,23.4728,39.2381,67.6667,177.812,40.0141,98.4053,34.2105,25.8755,83.3183,59.7489,0,0,47.9036,28.6602,131.596,121.236,80.2522,127.583,169.514,14.0425,0,114.692,0,204.103,2.04111,61.0988,116.386,0,192.931,0,4.998,12.2058,5.75683,158.061,5.53428,0,0.594247,26.8019,1.8859,3.81332,3.5937,44.2312
TP15L21,91.38099714,0,0,0,0,0,0,0,0,0,0,0,0,0,0,0,0,0,0,0,0,0,0,0,0,0,0,0,0,0,0,0,0,0,0,0,0,0,0,0,0,0,0,0,0,0,0,0,0,0,0,0,0,0,0,0,0,0,0,0,0,0,0,0,0,0,0,0,0,0,0,0,0,0,0,0,0,0,0,0,0,0,0,0,0,0,0,0,0,0,0,0,0,0,0,0,0,0,0,0,0,0,0,0,0,0,0,0,0,0,0,0,0,0,0,0,0,0,0,0,0,0,0,0,0,0,0,0,0,0,0,0,0,0,0,0,0,0,0,0,0,0,0,0,0,0,0,0,0,0,0,0,0,0,0,0,0,0,0,0,0,0,0,0,4.61691,1.59774,0,0,9.13928,0,0,0,0,1.82412,0,0,0,0,2.47945,0,0,0,0,0,1.75709,0,0,0,2.1052,1.81423,0,1.16629,0,0,8.03342,1.64484,0,11.1369,0,0,0,0,0,0,0,0,0,0,2.42555,3.89216,2.5358,4.33302,4.15809,10.5426,5.18955,4.19719,1.67363,0,0,2.23897,0,3.21852,2.25405,0,2.52623,2.8918,0,0,6.25656,1.15622,4.63288,0,0,0,6.43704,0,1.57148,3.54207,0,0,2.02251,44.6301,4.88651,0.717733,0,1.31008,0,27.157,12.3591,2.44528,2.02864,0,0,1.12702,3.51466,4.60104,2.33666,2.24648,0,0,16.1011,4.47794,7.02222,8.51402,0,2.06621,1.00368,0,0.821413,0.506011,0,0,0,0.977302,3.78935,0,3.50498,1.2679,0,7.54616,2.45221,0,0,0,12.0296,0,1.66595,2.30845,0,1.77104,2.11517,0,0,4.0047,0,5.97725,5.02089,3.53454,3.60891,0,5.18711,4.09201,2.16651,4.49297,2.99531,3.25767,12.2163,2.63564,2.31644,0,2.77781,6.15427,1.69481,6.67783,2.0379,0,1.09926,1.78283,2.34074,0,2.40075,3.38107,0,13.7323,0,0,0.699532,0,3.09931,6.31558,4.70341,2.59981,3.76097,0,4.92244,5.59445,0,1.49098,6.06388,0,5.97725,11.7273,0,2.14225,1.80933,0.79038,15.331,1.77104,13.9239,0,7.46601,9.07117,0,0,18.4042,0,7.35661,0.796967,12.3118,0.980164,26.6007,1.47456,4.93295,8.16405,3.87527,13.5929,5.03347,0,4.69791,0,8.06569,0,0,6.79647,5.47609,1.33398,12.8741,19.7543,6.21782,22.9927,1.55325,3.13316,0,10.0778,5.03347,9.96189,10.331,0.52963,4.00869,14.2437,7.50787,1.88048,1.37747,2.21673,9.72233,3.61866,4.95523,1.67993,0,26.0043,1.23973,6.04927,10.6601,17.5801,1.33623,8.84738,1.48109,3.08266,0.938923,4.69791,18.6477,1.94044,2.07087,73.4419,22.8905,15.6767,5.05247,49.6973,2.15258,42.745,3.39823,3.89499,5.15955,6.49953,11.6426,0,11.131,51.1681,7.26678,10.399,7.8207,2.94265,2.72689,5.87239,32.3462,38.0216,6.09516,1.44907,2.58976,77.6838,17.5816,14.761,28.2867,5.47236,36.6266,1.9865,18.643,6.44478,8.7797,10.3791,26.3942,75.7627,2.78474,9.4289,79.3425,7.15566,4.02207,22.3478,15.0527,35.2343,7.87591,12.3973,0,17.2243,30.6124,5.67203,3.39823,128.341,11.5409,23.387,7.40544,26.2833,31.0992,8.1288,5.72181,11.8337,34.0636,18.0468,5.85771,34.5801,18.3084,33.5504,4.78774,49.7538,38.4863,15.0439,13.0065,134.66,99.094,7.07666,13.9469,7.03206,43.6078,37.1328,7.11048,25.342,31.3123,4.34709,25.2095,7.70751,10.8092,270.24,40.9999,8.47407,15.1136,13.3791,65.4899,30.0099,59.5769,46.7353,10.5782,11.9739,19.1546,73.6226,45.3666,8.11835,68.3114,0,100.135,2.22903,11.6827,0,32.9433,27.0933,79.6735,25.4105,42.7765,60.7418,11.8568,14.978,23.4438,19.9242,28.8653,53.2286,99.445,37.0383,152.629,39.0393,52.7128,124.465,69.6582,2.03946,0.397937,99.5395,39.87,102.615,83.2812,49.328,66.9387,269.598,0,1.70779,105.133,0,218.912,5.82132,44.0685,128.013,3.26562,210.553,0,2.54544,6.69452,23.4553,318.777,0,1.78046,1.51323,5.65496,2.88143,9.01369,5.94088,46.9568
TP16L21,91.20284597,0,0,0,0,0,0,0,0,0,0,0,0,0,0,0,0,0,0,0,0,0,0,0,0,0,0,0,0,0,0,0,0,0,0,0,0,0,0,0,0,0,0,0,0,0,0,0,0,0,0,0,0,0,0,0,0,0,0,0,0,0,0,0,0,0,0,0,0,0,0,0,0,0,0,0,0,0,0,0,0,0,0,0,0,0,0,0,0,0,0,0,0,0,0,0,0,0,0,0,0,0,0,0,0,0,0,0,0,0,0,0,0,0,0,0,0,0,0,0,0,0,0,0,0,0,0,0,0,0,0,0,0,0,0,0,0,0,0,0,0,0,0,0,1.08432,0,0,0,0,0,0,0,0,0,0,0,0,0,0,0,0,0.584614,0,0,0,0,0,0,0,0,0,0,4.41968,1.50534,0,0,0,0,2.04615,0,0,0,0,0,1.45003,1.75943,0,0,0,0,0,0.962475,0,1.23317,0,0,2.07692,3.06355,0,0,6.23076,0,0,0,3.87239,1.97307,0,7.24538,3.0025,3.21198,2.09265,0,0,6.52512,6.42396,1.73185,1.38115,2.81867,0,5.54308,0,7.96818,5.58041,0,0,0,1.11834,3.98888,1.72106,0.954163,15.293,0,0,1.60133,10.6242,0,2.59371,14.6154,0,1.45384,0,11.0312,0,1.66735,1.44623,0,0,22.9849,1.69988,0,0.837061,1.66404,0,0.930068,12.01,0,0,0,0,2.1923,12.7833,1.84769,19.3168,6.42612,2.12213,0,0.828276,0,0,0,2.32615,3.69539,4.00334,0,3.12713,0,2.89246,2.09265,0,10.6756,2.02366,0,3.19341,3.43855,17.834,1.99444,1.76787,7.62014,1.26711,4.38461,0.872765,0,0.725014,4.95727,0,0,1.38115,17.9921,0,0.665615,2.22182,6.07841,1.7879,3.70779,2.47186,4.03256,12.0977,2.17504,1.91163,0,9.16947,21.4349,1.39863,12.3994,0.420442,0,0,2.2069,3.86336,0,0,1.3951,0,16.9988,1.72644,2.20543,0,0,2.55769,1.7373,1.29382,1.07274,3.10371,2.11266,4.06221,13.464,5.02999,1.23042,3.0025,5.28167,4.93268,13.9841,0,7.07149,0.746568,1.95677,14.7604,2.92307,17.2184,0,11.2957,0,0,3.01342,5.69547,2.45902,10.1183,1.97307,1.27002,0,25.6107,0,1.3912,10.106,2.39853,0,2.37362,1.07066,1.93846,1.82934,1.47914,1.8233,5.7548,0,11.2978,3.04806,4.72188,7.24538,10.2624,60.4604,1.28181,3.44749,0.977806,3.90491,8.30767,0,0,0.874146,9.92444,5.48542,3.09791,2.32778,12.5042,1.82934,12.608,7.46568,2.04463,3.46587,1.93168,35.9245,0,1.66404,7.62419,44.6843,3.30815,21.9037,9.77806,1.69596,3.8742,5.81537,21.5444,4.804,6.82569,71.2231,4.95902,21.5618,4.16951,21.7124,1.7764,13.0246,0.934789,6.83042,5.32235,20.4699,3.20267,0,7.87355,75.2272,5.99686,5.40685,3.87239,8.49939,12.3769,2.07692,39.5594,23.5328,7.05996,2.73225,2.13718,50.5312,16.7412,6.37454,38.9057,5.2687,19.3109,8.19674,9.79044,3.32407,14.4908,2.14132,1.98015,50.7498,1.37885,6.05199,186.882,7.21742,6.26958,19.3176,43.8005,43.1747,7.42804,7.30768,1.10052,9.73799,58.2086,10.6303,2.80437,54.3873,9.40927,24.1249,3.66677,34.449,25.6644,15.9997,9.44377,5.58041,20.6284,29.7861,8.28691,96.6056,74.2307,61.0209,5.61189,38.0168,65.4836,9.31113,6.94522,127.002,108.722,8.75994,26.6159,3.48189,34.4851,42.901,32.104,24.3989,38.6765,7.17481,16.1808,17.2644,17.8405,363.179,55.8803,6.99317,21.2901,6.54283,67.1317,111.445,26.2467,56.2884,8.72962,8.08479,20.5493,56.5177,49.1249,8.24568,28.1868,0,95.9642,5.51847,26.2466,2.10061,31.1677,31.0688,8.82012,22.4949,41.6976,43.7276,25.1211,16.6598,36.5441,29.5961,35.7313,84.4741,109.118,40.4887,89.6857,7.1895,22.6204,150.315,76.8483,1.26229,1.27099,103.083,23.1604,49.7106,68.8893,18.6092,51.5171,159.989,17.0173,0,133.608,0,129.488,3.08829,58.0321,111.396,0,133.66,0.430511,5.25152,7.89229,2.41954,153.837,0,1.95908,0.749268,12.2999,3.96313,5.09137,4.23752,53.4132
TP17L4,92.36975565,0,0,0,0,0,0,0,0,0,0,0,0,0,0,0,0,0,0,0,0,0,0,0,0,0,0,0,0,0,0,0,0,0,0,0,0,0,0,0,0,0,0,0,0,0,0,0,0,0,0,0,1.61256,0,0,0,0,0,0,0,0,0,0,0,0,0,0,0,0,0,0,0,0,0,0,0,0,2.80406,0,0,0,0,0,0,0,0,0,0,0,0,0,0,0,0,0,0,0,0,0,0,0,0,0,0.567113,0,0,0,0,0,0,0,0,0,0,0,0,0,0,0,0,0,0,0,0,0,0,0,0,0,0,0,0,0,0,0,0,0,0,0,0,0,0,0,0,0,0,0,0,0,0,0,0,0,1.16566,0,0,0,0,0,1.41381,0,0,0,0,3.4809,15.6599,0,4.41455,1.72263,0,0,0,2.01892,1.37529,0,0,0,0,0,0,0,0,7.05917,0,0,4.82227,0,0,0,0,0.353949,2.63796,3.02234,3.37989,4.03784,0,0,0.932959,0,0,1.89748,1.93383,0,1.29418,7.07566,0,1.62816,0,2.7431,0,9.55929,3.26687,0,1.98713,1.95632,0,0,1.28758,41.0205,1.68806,0,1.2133,0,0.668517,1.90464,0,0,3.64426,0,0.871728,1.74647,0,1.31099,0,1.61773,0,6.51648,5.34107,0,0,6.09946,95.2871,0,1.52915,1.32128,0,0,18.6937,1.55302,10.2352,0.764743,0,0,4.24857,11.9091,0,0.880856,0,0,0,3.69545,1.68806,22.9423,6.35974,2.58505,0,0,0,0.619301,0,6.37554,5.06419,1.82873,0,1.90464,0,0,30.5897,0,11.3788,1.84883,1.94877,0,0,18.5431,0.607377,1.61514,8.70225,0,4.0058,1.59473,0,1.98713,1.50966,6.02312,9.01305,2.52365,30.6658,0,0,8.90867,9.87248,0,2.2583,6.77491,6.14028,20.2629,0,0,0,4.18864,14.9373,0,3.77604,0,2.24325,0,0,1.76479,0,37.4658,0,1.52949,2.58836,0,1.00745,0,0,0,0,0,1.96012,0,0.965068,2.12144,12.656,2.29771,0,7.31494,0,1.50218,8.86462,0,11.306,1.36414,0,17.3381,4.67343,5.30179,5.60812,4.69081,1.36783,0.602304,1.83538,7.80511,11.9817,14.7906,0.60087,6.9618,0,5.01388,6.67045,0,0,0.730435,10.2483,4.87924,2.93448,0,1.67129,4.72974,0,0,1.28104,13.4182,2.08854,8.62787,1.65485,9.3758,38.2449,4.68428,1.57482,0,6.51265,4.74371,15.3575,14.0203,0.798624,2.41787,8.10929,4.71711,21.2667,4.15416,6.68518,6.28295,2.72827,1.12079,0,3.52958,90.6804,0,6.08109,3.21484,41.5654,14.1043,12.2292,3.34998,1.16208,2.83159,12.3969,16.8712,13.1669,8.65334,43.076,8.41006,40.7111,7.61858,128.387,3.24586,16.6953,12.6881,1.10123,11.6701,17.061,1.46299,0,4.79554,114.932,6.1636,13.7217,0,4.43719,19.5313,1.26499,34.4171,40.9518,5.36133,4.28438,0,150.758,19.3735,34.424,63.9799,26.1305,26.0803,20.968,11.5002,12.1475,13.2388,1.95632,39.7996,149.238,2.51945,0,43.6187,13.7872,1.34774,39.8403,47.6288,105.454,11.4519,1.33527,0,21.2397,103.462,21.6164,0,115.068,14.4058,12.1224,2.23332,24.4789,25.2982,11.0001,0,22.9423,31.2582,7.12713,15.2887,326.773,10.2026,12.3489,3.28601,11.0626,68.8215,16.0682,1.15367,26.8319,126.666,9.60375,8.54362,7.42251,27.9332,39.1946,22.2478,15.126,38.3259,4.91621,3.16777,21.1145,27.4725,400.921,70.1381,11.7132,33.0744,5.97757,116.16,43.5113,59.5394,46.1876,14.8115,0,21.6623,47.7622,12.1669,5.64997,43.7377,2.948,127.857,4.48151,58.9589,0,4.83392,39.2034,66.6625,35.878,69.34,69.1812,29.5687,8.34671,11.7836,12.0174,53.5701,64.8278,106.138,33.422,142.215,35.016,23.8455,140.686,75.7372,0.38441,0,60.3322,24.6877,52.8226,91.8699,37.1907,80.9109,360.848,67.6072,3.21895,108.588,0,249.651,0.626995,98.2099,108.492,7.57501,233.641,0,0,12.2577,6.6315,273.062,0,0.894913,0.456357,14.9294,3.62074,4.82336,3.29663,65.0648
TP17L15,95.461513,0,0,0,0,0.299702,0,0,0,0,0,0,0,0,0,0,0,0,0,0,0,0,0,0,0,0,0,0,0,0,0,0,0,0,0,0,0,0,0,0,0,0,0.810273,0,0,0,0,0,0,0,0,0,0,0,0,0,0,0,0,0,0,0,0,0,0,0,0,0,0,0,0,0,0,0,0,0,0,0,0,0,0,0,0,0,0,0,0,0,0,0,0,0,0,0,0,0,0,0,0,0,0,0,0,0,0,0,0,0,0.469032,0,0,0,0,0,0,0,0,0,0,0,0,0,0,0,0,0,0,0,0,0,0,0,0,0,1.07821,0,0.762341,0,2.10881,0,0,0,0,0,0.796755,0,0,0,0,0,0.93644,4.3153,0,0,0,0.623574,0,0,1.36848,12.1291,0,0,13.3645,0,0.933211,4.52128,0,6.3121,9.23656,0,0,0,1.08252,0.737415,0,0,0,0,1.00234,0,0,0,0,0,0,13.7901,0,0,0.851042,5.13392,0,2.35742,1.08036,0,3.24757,0.664942,1.01741,2.50121,0,0,5.08705,0,0,0,6.32316,0,0,0,2.94164,0,6.15071,0,0,4.26191,2.09792,0,2.70631,0.690386,18.1696,0.905121,0,16.2639,0,0,1.02125,0,0,5.86205,0,4.67411,17.7924,2.78046,0,1.56888,17.3482,0,5.71756,3.57978,0.648996,7.12187,0,154.375,0,1.09496,2.83384,0,0,4.04045,3.33085,43.0686,3.69042,0.815154,0,0,11.1782,1.86001,2.36153,8.17342,0,0,34.3135,9.05121,0.946263,33.4485,2.07911,0,13.7953,0,4.98094,0,7.40675,2.71536,0,0.790164,1.02125,2.79963,2.12538,1.53768,0,8.71598,0,0,0,1.68443,43.9145,5.21071,9.95923,3.73284,1.24143,0,5.98552,1.15408,7.10318,2.69822,0.714066,4.8327,4.05947,31.5447,0,0,2.21159,9.5945,1.75166,4.84351,7.26527,3.95082,47.4098,0,1.87288,0,6.17623,68.6518,0.685142,12.8229,0.617879,0,0,0.360361,3.78505,6.73771,25.4852,0.683412,0,3.46963,0.422861,0.540182,2.54512,2.35331,0,2.55313,0,6.30597,0,0,3.19688,68.8396,7.39205,2.28229,21.5721,0,12.0817,23.3056,0,35.0738,0,0,6.19766,10.3814,40.9854,4.00935,17.1031,0.733418,0.322949,3.93645,41.3852,10.4398,13.8785,0.64436,1.86642,0.396239,25.9878,2.38442,0,0.825095,1.17495,1.37376,7.8486,0,1.89917,3.58452,50.3584,0,4.69846,1.37376,20.4772,14.9314,6.93926,15.0844,7.54081,112.908,7.53498,1.2666,0.957987,3.49201,8.64799,23.9277,15.0351,1.49875,2.91698,19.5776,6.57608,17.4846,7.23911,11.3109,6.17623,4.38861,1.40223,0.679125,0.946263,93.6983,0,4.07577,8.33153,134.646,7.02237,28.613,16.7648,3.53087,18.5988,27.5379,91.9694,7.84438,39.2774,115.949,9.75856,43.8925,21.4462,320.562,11.3126,31.3698,11.8084,6.29833,6.77882,5.25497,3.13775,0,13.4994,119.744,2.20324,5.17327,0,4.75835,9.92131,5.76533,70.9217,83.44,11.6586,2.21362,5.75811,139.622,3.28038,18.206,5.33639,21.0163,237.316,12.0459,17.1286,31.2643,47.915,2.09792,10.67,514.237,0.900603,2.96466,128.299,14.7851,1.98728,52.0383,212.948,205.024,8.642,9.30742,0.539106,7.93827,133.576,3.65316,0.686881,181.584,12.6226,22.4541,2.39497,26.8756,26.7984,26.7416,6.16823,27.3365,23.0785,6.25335,22.7461,583.868,13.1937,41.698,4.581,21.4291,53.4449,22.806,0.927878,71.5462,417.126,10.5849,10.2191,5.68553,18.2713,50.6093,179.133,9.81785,45.5681,6.15071,13.5882,32.8955,18.9637,988.761,55.1829,9.70618,29.2918,7.41181,72.5505,93.7877,135.951,98.8059,37.8762,5.50063,33.2965,58.8329,26.5798,8.331,103.098,0,184.774,3.00368,18.914,1.02902,18.6874,35.6251,25.924,17.93,68.1355,86.2049,21.4579,5.52846,32.6442,15.3035,48.0225,82.486,63.6743,30.5532,154.79,52.9712,23.4405,80.804,52.1699,0.412233,0,37.8726,40.6412,42.0365,75.4682,54.1262,67.641,366.148,44.065,0.345193,83.2919,0,308.956,1.68094,113.819,157.403,1.37956,248.806,0.189343,2.05803,5.79924,9.48197,326.41,0.906274,0,0.122347,66.8751,2.71796,5.08011,0.52275,28.474
TP17L21,93.92259491,0,0,0,0,0,0,0,0,0,0,0,0,0,0,0,0,0,0,0,0,0,0,0,0,0,0,0,0,0,0,0,0,0,0,0,0,0,0,0,0,0,0,0,0,3.36999,0,0,0,0,2.56193,0,0,0,0,0,0,0,0,0,0,0,0,0,0,0,0,0,0,0,0,0,0,0,0,0,0,0,0,0,0,0,0,0,0,0,0,0,0,0,0,0,0,0,0,0,0,0,0,0,0,0,0,0,0,0,0,0,0,0,0,0,0,0,0,0,0,0,0,0,0,0,0,0,0,0,0,0,0,0,0,0,0,0,0,0,0,0,0,0,0,0,0,0,0,0,0,0,0,0,3.25338,0,0,0,0,0,0,2.02635,0,0,0,0,0,0,0,0,0,2.74119,0,0,0,0,0,0,0,1.07824,0,0,0,0,0,0,0,1.60723,4.93558,0,9.43373,0,0,0,0,0,0,0,3.76091,0,0,3.47589,0,3.6443,0,0,3.46948,0,2.19679,0,0,0,0,0,0,0,8.75989,0,3.6443,5.89485,2.35057,4.79708,9.96708,3.14458,0,2.26016,0,1.24534,0,0,5.70989,0,0,0,6.50677,3.21996,0,0,6.0271,1.39915,0,0,0,4.94857,0,0,0,0.98391,0,0,2.54804,17.4116,0,13.8637,0,0,0,0,4.08795,0,0,0,0,0,12.1031,3.14458,3.28751,8.21026,2.40775,0,1.40964,0,0,0,0,6.28915,0,0,0,3.24217,0,5.3422,1.64089,3.02811,0,0,0,3.90136,34.1941,0,1.50436,3.24217,6.46946,0,0,0,2.46779,4.68708,0,0,11.7529,3.92413,0,0,3.14458,5.74711,0,4.20684,0,13.726,10.2945,0,1.62669,0,9.7534,24.0479,0,0,2.86219,0,0,1.25197,0,0,12.9916,2.37431,2.84918,9.64336,2.93821,0,0,2.7253,0,0,8.80776,3.65137,2.64109,0,10.3702,8.72152,0,0,5.10994,3.23102,8.39489,16.6714,0,4.51309,2.54116,1.11007,7.17731,4.97475,10.2825,3.48233,1.74764,5.09609,0,1.70951,1.61551,1.395,10.3322,6.71591,4.32289,0,6.22668,0,1.97527,0,5.44271,11.9318,2.01982,1.82215,3.29905,3.11334,2.51734,0,3.26468,4.77273,1.92276,3.8906,2.00903,0,2.91092,52.3027,6.54451,0,0,6.06599,7.06938,17.6471,17.4116,1.4877,5.63011,4.00097,0,1.32055,0,9.12369,0,7.62347,0.69595,2.35942,0,28.0912,0,2.83201,6.98683,14.959,3.7534,6.21296,2.08015,1.44317,3.95608,23.0933,18.3331,0,1.44873,33.0774,11.2412,20.3866,3.99153,35.9257,0,20.3193,3.18182,4.78662,14.4929,6.08562,8.1759,0,6.69996,47.0522,3.82725,3.13721,0,2.06643,9.57462,0,39.2603,47.6789,5.707,1.09109,7.27449,111.799,3.7989,26.5193,15.8912,1.28096,11.4313,13.95,2.38032,1.13144,18.4963,0,30.3299,77.1419,2.34666,4.41422,99.8267,15.6332,6.90421,41.4683,16.0625,47.9861,5.53075,2.48738,0,7.96983,57.519,10.3862,0,92.5613,4.77359,16.4232,2.08015,28.2286,19.5402,7.60583,13.3936,7.97483,16.3327,25.3463,10.5776,74.0001,42.4835,27.5651,13.4668,50.345,36.1022,21.1287,3.22364,148.599,108.011,5.96339,28.1579,5.92581,67.1218,37.2515,6.99054,19.2791,47.2971,13.6976,13.769,5.6358,20.6016,218.46,51.0992,19.836,14.739,11.1352,87.3758,59.9801,70.8167,53.2205,19.1017,7.64413,25.557,48.0935,49.9763,7.8937,22.3864,0,147.442,5.21769,8.83171,0,14.4257,23.4823,69.596,13.6265,45.0588,70.7894,17.9335,7.31695,40.2432,19.5881,32.7443,47.9219,65.9929,21.6128,158.079,29.3363,17.7681,146.964,78.2665,0.716091,0.862657,106.906,46.5046,42.4449,71.9481,49.4857,40.7792,180.813,0,0,96.1598,0,227.597,0.583993,44.5724,110.533,0,159.232,0.839595,1.78751,16.1182,23.3341,208.066,0,1.66707,0.425058,21.3099,22.9324,10.1429,8.08034,105.163
TP2L11,5.538361297,0,0,0,0,0,0,0,0,0,0,0,0,0,0,0,0,0,0,0,0,0,0,0,0,0,0,0,0,0,0,0,0,0,0,0,0,0,0,0,0,0,0,0,0,0,0,0,0,0,0,0,0,0,0,0,0,0,0,0,0,0,0,0,0,0,0,0,0,0,0,0,0,0,0,0,0,0,0,0,0,0,0,0,0,0,0,0,0,0,0,0,0,0,0,0,0,0,0,0,0,0,0,0,0,0,0,0,0,0,0,0,0,0,0,0,0,0,0,0,0,0,0,0,0,0,0,0,0,0,0,0,0,0,0,0,0,0,0,0,0,0,0,0,0,0,0,0,0,0,0,0,0,0,6.83459,0,0,0,0,0,0,0,0,0,0,0,0,0,0,0,0,0,0,0,0,0,0,0,0,0,0,0,0,0,0,0,0,0,0,0,0,0,0,0,0,0,0,0,0,0,0,15.4237,0,0,0,0,0,0,0,0,0,0,0,0,0,0,0,0,0,0,3.09898,0,0,0,0,0,0,0,0,0,0,0,0,0,0,0,0,0,0,0,0,0,0,0,0,0,0,0,0,0,0,0,0,0,0,0,0,0,0,0,0,0,0,0,0,0,0,0,0,0,0,0,0,0,0,0,0,0,0,0,0,0,0,0,0,0,0,0,0,0,0,0,0,0,0,0,0,0,0,0,0,0,0,0,0,0,0,0,0,0,0,0,0,0,0,0,0,0,0,0,0,0,0,0,0,0,0,0,0,0,0,0,0,0,0,0,0,0,0,0,0,0,0,0,0,0,0,0,0,0,0,0,0,0,0,0,0,0,0,0,0,0,0,0,0,0,0,0,0,0,0,0,0,0,0,0,0,0,0,0,0,0,0,0,0,0,0,0,0,0,0,0,0,0,0,0,0,0,0,0,14.9095,0,0,0,0,0,0,0,0,0,0,0,0,0,0,0,0,0,0,0,0,0,0,0,0,0,0,0,0,0,0,0,0,0,0,0,0,0,0,0,0,0,0,0,0,0,0,0,0,0,0,0,0,0,0,0,0,0,0,0,0,0,0,0,0,0,10.2172,0,0,0,0,0,0,0,0,0,0,0,0,0,0,0,0,0,0,0,0,0,0,0,0,0,0,0,0,0,0,0,0,0,0,0,0,0,0,0,0,0,0,0,0,0,0,0,0,0,0,0,0,0,0,0,0,0,0,0,0,0,0,0,0,0,0,0,0,0,0,0,6.33948,0,0,3.06594,0,0,0,0,0,0,0,0,0,0,0,0,0,10.0014,0,2.99522,0,0,0,7.65318,5.75082,0,10.7349,1.00E-06,0,14.559,0,5.77557,9.61741,12.4967,96.5944
TP2L19,24.30378456,0,0,0,0,0,0,0,0,0,0,0,0,0,0,0,0,0,0,0,0,0,0,0,0,0,0,0,0,0,0,0,0,0,0,0,0,0,0,0,0,0,0,0,0,0,0,0,0,0,0,0,0,0,0,0,0,0,0,0,0,0,0,0,0,0,0,0,0,0,0,0,0,0,0,0,0,0,0,0,0,0,0,0,0,0,0,0,0,0,0,0,0,0,0,0,0,0,0,0,0,0,0,0,0,0,0,0,0,0,0,0,0,0,0,0,0,0,0,0,0,0,0,0,0,0,0,0,0,0,0,0,0,0,0,0,0,0,0,0,0,0,0,0,0,0,0,0,0,0,0,0,0,0,0,0,0,0,0,0,0,0,0,0,0,0,0,0,0,0,0,0,0,0,0,0,0,0,0,0,0,0,0,0,0,0,0,0,0,0,0,0,0,0,0,0,0,0,0,0,0,0,24.6121,0,0,0,0,0,0,0,0,0,0,0,0,0,0,0,0,0,0,0,0,0,0,0,0,0,0,0,0,0,0,0,0,0,0,0,0,0,0,0,0,0,0,0,0,0,0,0,0,0,0,0,0,0,0,0,0,0,0,0,0,0,0,0,0,0,0,0,0,0,0,0,0,0,0,0,0,0,0,0,0,0,0,0,0,0,0,0,0,0,0,0,0,0,0,0,0,0,0,0,0,0,0,0,0,0,0,0,0,0,0,0,0,0,0,0,0,0,0,0,0,0,0,0,0,0,0,0,0,0,0,0,0,0,0,0,0,0,0,0,0,0,0,0,0,0,0,0,0,0,0,0,0,0,0,0,0,0,0,0,0,0,0,0,0,0,0,0,0,0,0,0,0,0,0,0,0,0,0,0,0,0,0,0,0,0,0,0,0,0,0,0,0,0,0,0,0,0,0,0,0,0,0,0,0,0,0,0,0,0,0,0,0,0,0,0,0,0,0,0,0,0,0,0,0,0,0,0,0,0,0,0,0,0,0,0,0,0,0,0,0,0,0,0,0,0,0,0,0,0,0,0,0,0,0,0,0,0,0,0,0,0,0,0,0,0,0,0,0,0,0,0,0,0,0,0,0,0,0,0,0,0,0,0,0,0,0,0,0,0,0,0,0,0,0,0,0,0,0,0,0,0,0,0,0,0,0,0,0,0,0,0,0,0,0,63.3454,0,0,0,0,0,0,0,0,0,0,0,0,0,0,0,0,0,0,0,0,0,0,0,2.53994,3.03585,0,0,0,0,0,0,0,0,0,0,2.99904,0,0,0,2.48135,0,0,0,19.0205,14.2926,0,0,25.9388,5.91301,4.52297,7.94032,9.5694,13.2337,22.7235,88.0247
TP2L2,3.939040128,0,0,0,0,0,0,0,0,0,0,0,0,0,0,0,0,0,0,0,0,0,0,0,0,0,0,0,0,0,0,0,0,0,0,0,0,0,0,0,0,0,0,0,0,0,0,0,0,0,0,0,0,0,0,0,0,0,0,0,0,0,0,0,0,0,0,0,0,0,0,0,0,0,0,0,0,0,0,0,0,0,0,0,0,0,0,0,0,0,0,0,0,0,0,0,0,0,0,0,0,0,0,0,0,0,0,0,0,0,0,0,0,0,0,0,0,0,0,0,0,0,0,0,0,0,0,0,0,0,0,0,0,0,0,0,0,0,0,0,0,0,0,0,0,0,0,0,0,0,0,0,0,0,0,0,0,0,0,0,0,0,0,0,0,0,0,0,0,0,0,0,0,0,0,0,0,0,0,0,0,0,0,0,0,0,0,0,0,0,0,0,0,0,0,0,0,0,0,0,0,0,12.2637,0,0,0,0,0,0,0,0,0,0,0,0,0,0,0,0,0,0,0,0,0,0,0,0,0,0,0,0,0,0,0,0,0,0,0,0,0,0,0,0,0,0,0,0,0,0,0,0,0,0,0,0,0,0,0,0,0,0,0,0,0,0,0,0,0,0,0,0,0,0,0,0,0,0,0,0,0,0,0,0,0,0,0,0,0,0,0,0,0,0,0,0,0,0,0,0,0,0,0,0,0,0,0,0,0,0,0,0,0,0,0,0,0,0,0,0,0,0,0,0,0,0,0,0,0,0,0,0,0,0,0,0,0,0,0,0,0,0,0,0,0,0,0,0,0,0,0,0,0,0,0,0,0,0,0,0,0,0,0,0,0,0,0,0,0,0,0,0,0,0,0,0,0,0,0,0,0,0,0,0,0,0,0,0,0,0,0,0,0,0,0,0,0,0,0,0,0,0,0,0,0,0,0,0,0,0,0,0,0,0,0,0,0,0,0,0,0,0,0,0,0,0,0,0,0,0,0,0,0,0,0,0,0,0,0,0,0,0,0,9.36188,0,0,0,0,0,0,0,0,0,0,0,0,0,0,0,0,0,0,0,0,0,0,0,0,0,0,0,0,0,0,0,0,0,0,0,0,0,0,0,0,0,0,0,0,0,0,0,0,0,0,0,0,0,0,0,0,0,0,0,0,0,0,0,0,0,0,0,0,0,0,0,0,0,0,80.1024,0,0,0,0,0,0,0,0,0,0,0,0,0,0,0,0,0,0,0,0,0,0,0,2.5312,3.10309,0,0,0,0,0,0,0,0,0,0,0,0,0,0,0,0,0,0,12.6368,4.74781,0,0,0,17.678,3.00494,3.95651,14.3047,4.04473,0,111.646
TP3L11,8.151894242,0,0,0,0,0,0,0,0,0,0,0,0,0,0,0,0,0,0,0,0,0,0,0,0,0,0,0,0,0,0,0,0,0,0,0,0,0,0,0,0,0,0,0,0,0,0,0,0,0,0,0,0,0,0,0,0,0,0,0,0,0,0,0,0,0,0,0,0,0,0,0,0,0,0,0,0,0,0,0,0,0,0,0,0,0,0,0,0,0,0,0,0,0,0,0,0,0,0,0,0,0,0,0,0,0,0,0,0,0,0,0,0,0,0,0,0,0,0,0,0,0,0,0,0,0,0,0,0,0,0,0,0,0,0,0,0,0,0,0,0,0,0,0,0,0,0,0,0,5.92934,0,0,0,0,0,0,0,0,0,0,0,4.59289,0,0,0,0,0,0,0,0,0,0,0,0,0,0,0,0,0,0,0,0,0,0,0,0,0,0,0,0,0,0,0,0,0,0,0,0,0,0,0,0,16.0158,0,0,0,0,0,0,0,0,0,0,0,0,0,0,0,0,0,0,0,0,0,0,0,0,0,0,0,0,0,0,0,0,0,0,0,0,0,0,0,0,0,0,0,0,0,0,0,0,0,0,0,0,0,0,0,0,0,0,0,0,0,0,0,0,0,0,0,0,0,0,0,0,0,0,0,0,0,0,0,0,0,0,0,0,0,0,0,0,0,0,0,0,0,0,0,0,0,0,0,0,0,0,0,0,0,0,0,0,0,0,0,0,0,0,0,0,0,0,0,0,0,0,0,0,0,0,0,0,0,0,0,0,0,0,0,0,0,0,0,0,0,0,0,0,0,0,0,0,0,0,0,0,0,0,5.167,0,0,0,0,0,0,0,0,0,0,0,0,0,0,0,0,0,0,0,0,0,0,0,0,0,0,0,0,0,0,0,0,0,0,0,0,0,0,0,0,0,0,0,0,0,0,0,0,0,0,0,0,0,0,0,0,0,0,0,0,0,0,0,0,0,0,0,0,0,0,0,0,0,0,0,0,0,0,0,0,0,0,0,0,0,0,0,0,0,0,0,0,0,0,0,0,0,0,0,0,0,0,0,0,0,0,0,0,0,0,0,0,0,0,0,0,0,0,0,0,0,0,0,0,0,0,0,0,0,0,0,0,0,0,0,0,0,0,0,0,0,0,0,0,0,0,0,0,0,0,0,0,0,0,0,0,0,0,0,0,0,0,0,0,0,0,0,0,0,0,0,0,0,0,0,0,0,0,0,0,0,0,0,6.61124,0,12.6539,13.6917,0,0,0,0,0,0,0,0,3.90313,0,0,0,0,109.382,0,3.1268,16.503,6.2004,0,0,60.9123,7.69553,19.6215,5.167,37.3625,85.9168,40.0291,111.957
TP3L19,10.52430366,0,0,0,0,0,0,0,0,0,0,0,0,0,0,0,0,0,0,0,0,0,0,0,0,0,0,0,0,0,0,0,0,0,0,0,0,0,0,0,0,0,0,0,0,0,0,0,0,0,0,0,0,0,0,0,0,0,0,0,0,0,0,0,0,0,0,0,0,0,0,0,0,0,0,0,0,0,0,0,0,0,0,0,0,0,0,0,0,0,0,0,0,0,0,0,0,0,0,0,0,0,0,0,0,0,0,0,0,0,0,0,0,0,0,0,0,0,0,0,0,0,0,0,0,0,0,0,0,0,0,0,0,0,0,0,0,0,0,0,0,0,0,0,0,0,0,0,0,0,0,0,0,0,0,0,0,0,0,0,0,0,0,0,0,0,0,0,0,0,0,0,0,0,0,0,0,0,0,0,0,0,0,0,0,0,0,0,0,0,0,0,0,0,0,0,0,0,0,0,0,0,0,0,0,0,0,0,0,0,0,0,0,0,0,0,0,0,0,0,0,0,0,0,0,0,0,0,0,0,0,0,0,0,0,0,0,0,0,0,0,0,0,0,0,0,0,0,0,0,0,0,0,0,0,0,0,0,0,0,0,0,0,0,0,0,0,0,0,0,0,0,0,0,0,0,0,0,0,0,0,0,0,0,0,0,0,0,0,0,0,0,0,0,0,0,0,0,0,0,0,0,0,0,0,0,0,0,0,0,0,0,0,0,0,0,0,0,0,0,0,0,0,0,0,0,0,0,0,0,0,0,0,0,0,0,0,0,0,0,0,0,0,0,0,0,0,0,0,0,0,0,0,0,0,0,0,0,0,0,0,0,0,0,0,0,0,0,0,0,0,0,0,0,0,0,0,0,0,0,0,0,0,0,0,0,0,0,0,0,0,0,0,0,0,0,0,0,0,0,0,0,0,0,0,0,0,0,0,0,0,0,0,0,0,0,2.28018,0,0,0,0,0,0,0,0,0,0,0,0,0,0,0,0,0,0,0,0,0,0,0,0,0,0,0,0,0,0,0,0,0,0,0,0,0,0,0,0,0,0,0,0,0,0,0,0,0,12.269,0,0,0,0,0,0,0,0,0,0,0,0,0,0,0,0,0,0,0,0,0,0,0,0,0,0,0,0,0,0,0,0,0,0,0,0,0,0,0,0,0,0,0,0,0,0,0,0,0,0,15.9955,0,0,0,0,0,0,0,0,0,0,0,0,0,0,0,0,0,0,0,0,0,0,0,0,2.01524,0,0,0,0,0,6.64923,0,0,0,0,0,0,6.00495,0,0,47.1609,7.79675,7.75995,9.19009,0,0,25.7813,21.6071,8.5709,69.9311,17.2642,20.8063,44.402,23.0172,144.991
TP3L2,15.36938248,0,0,0,0,0,0,0,0,0,0,0,0,0,0,0,0,0,0,0,0,0,0,0,0,0,0,0,0,0,0,0,0,0,0,0,0,0,0,0,0,0,0,0,0,0,0,0,0,0,0,0,0,0,0,0,0,0,0,0,0,0,0,0,0,0,0,0,0,0,0,0,0,0,0,0,0,0,0,0,0,0,0,0,0,0,0,0,0,0,0,0,0,0,0,0,0,0,0,0,0,0,0,0,0,0,0,0,0,0,0,0,0,0,0,0,0,0,0,0,0,0,0,0,0,0,0,0,0,0,0,0,0,0,0,0,0,0,0,0,0,0,0,0,0,0,0,0,0,0,0,0,0,0,0,0,0,0,0,0,0,0,0,0,0,0,0,0,0,0,0,0,0,0,0,0,0,0,0,0,0,0,0,0,0,0,0,0,0,0,0,0,0,0,0,0,0,0,0,0,0,12.9761,0,0,0,0,0,0,0,0,0,0,0,0,0,0,0,0,0,0,0,0,0,0,0,0,0,0,0,0,0,0,0,0,0,0,0,0,0,0,0,0,0,0,0,0,0,0,0,0,0,0,0,0,0,0,0,0,0,0,0,0,0,0,0,0,0,0,0,0,0,0,0,0,0,0,0,0,0,0,0,0,0,0,0,0,0,0,0,0,0,0,0,0,0,0,0,0,0,0,0,0,0,0,0,0,0,0,0,0,0,0,0,0,0,0,0,0,0,0,0,0,0,0,0,0,0,0,0,0,0,0,0,0,0,0,0,0,0,0,0,0,0,0,0,0,0,0,0,0,0,0,0,0,0,0,0,2.01593,0,0,0,0,0,0,0,0,0,0,0,0,0,0,0,0,0,0,0,0,0,0,0,0,0,0,0,0,0,0,0,0,0,0,0,0,0,0,0,0,0,0,0,0,0,0,0,0,0,0,0,0,0,0,0,0,0,0,0,0,0,0,0,0,0,0,0,0,0,0,0,0,0,0,0,0,0,0,0,0,0,0,0,0,0,0,0,0,0,0,0,0,6.06946,0,0,0,0,0,0,0,0,0,0,0,0,0,0,0,0,0,0,0,0,0,0,0,0,0,0,0,0,0,0,0,0,0,0,0,0,0,0,0,0,0,0,0,0,0,0,0,0,0,0,0,0,0,0,0,0,0,0,0,0,0,0,0,0,0,0,32.5044,0,0,0,0,0,0,0,0,0,0,0,0,0,0,0,0,0,0,0,0,0,0,0,0,0.768873,0,0,0,0,0,0,0,0,0,0,0,0,0,0,0,8.26039,0,0,12.8774,0,0,9.03136,24.8608,3.00245,6.12434,6.04778,17.0067,53.6427,16.923,72.1235
TP4L19,8.012766266,0,0,0,0,0,0,0,0,0,0,0,0,0,0,0,0,0,0,0,0,0,0,0,0,0,0,0,0,0,0,0,0,0,0,0,0,0,0,0,0,0,0,0,0,0,0,0,0,0,0,0,0,0,0,0,0,0,0,0,0,0,0,0,0,0,0,0,0,0,0,0,0,0,0,0,0,0,0,0,0,0,0,0,0,0,0,0,0,0,0,0,0,0,0,0,0,0,0,0,0,0,0,0,0,0,0,0,0,0,0,0,0,0,0,0,0,0,0,0,0,0,0,0,0,0,0,0,0,0,0,0,0,0,0,0,0,0,0,0,0,0,0,0,0,0,0,0,0,0,0,0,0,0,0,0,0,0,0,0,0,3.27346,0,0,0,0,0,0,0,0,0,0,0,0,0,0,0,0,0,0,0,0,0,0,0,0,0,0,0,0,0,0,0,0,0,0,0,0,0,0,0,0,11.4148,0,0,0,0,0,0,0,0,0,0,0,0,0,0,0,0,0,0,0,0,0,0,0,0,0,0,0,0,0,0,0,0,0,0,0,0,0,0,0,0,0,0,0,0,0,0,0,0,0,0,0,0,0,0,0,0,0,0,0,0,0,0,0,0,0,0,0,0,0,0,0,0,0,0,0,0,0,0,0,0,0,0,0,0,0,0,0,0,0,0,0,0,0,0,0,0,0,0,0,0,0,0,0,0,0,0,0,0,0,0,0,0,0,0,0,0,0,0,0,0,0,0,0,0,0,0,0,0,0,0,0,0,0,0,0,0,0,0,0,0,0,0,0,0,0,0,0,0,0,0,0,0,0,0,0,0,0,0,0,0,0,0,0,0,0,0,0,0,0,0,0,0,0,0,0,0,0,0,0,0,0,0,0,0,0,0,0,0,0,0,0,0,0,0,0,0,0,0,0,0,0,0,0,0,0,0,0,0,0,0,0,0,0,0,0,0,0,0,0,0,0,0,0,0,0,0,0,0,0,0,0,0,0,0,0,0,0,0,0,0,0,0,0,0,0,0,0,0,0,0,0,0,0,0,0,0,0,0,0,0,0,0,0,0,0,0,0,0,0,0,0,0,0,0,0,0,0,0,0,0,0,0,0,0,0,0,0,0,0,0,0,0,0,0,0,0,0,0,0,0,0,0,0,0,0,0,0,0,0,0,0,0,0,0,0,0,0,0,0,0,0,0,0,0,0,0,0,0,0,0,0,0,0,0,0,0,0,0,4.71199,1.67009,0,0,0,0,0,0,0,0,0,0,0,0,0,0,2.30165,0,0,2.66607,5.88103,8.83835,0,0,0.109243,2.7424,79.713,77.3356,35.5056,27.02,28.7139,205.981
TP4L2,9.136325487,0,0,0,0,0,0,0,0,0,0,0,0,0,0,0,0,0,0,0,0,0,0,0,0,0,0,0,0,0,0,0,0,0,0,0,0,0,0,0,0,0,0,0,0,0,0,0,0,0,0,0,0,0,0,0,0,0,0,0,0,0,0,0,0,0,0,0,0,0,0,0,0,0,0,0,0,0,0,0,0,0,0,0,0,0,0,0,0,0,0,0,0,0,0,0,0,0,0,0,0,0,0,0,0,0,0,0,0,0,0,0,0,0,0,0,0,0,0,0,0,0,0,0,0,0,0,0,0,0,0,0,0,0,0,0,0,0,0,0,0,0,0,0,0,0,0,0,0,0,0,0,0,0,0,0,0,0,0,0,0,0,0,0,0,0,0,0,0,0,0,0,0,0,0,0,0,0,0,0,0,0,0,0,0,0,0,0,0,0,0,0,0,0,0,0,0,0,0,0,0,0,0,0,0,0,0,0,0,0,0,0,0,0,0,0,0,0,0,0,0,0,0,0,0,0,0,0,0,0,0,0,0,0,0,0,0,0,0,0,0,0,0,0,0,0,0,0,0,0,0,0,0,0,0,0,0,0,0,0,0,0,0,0,0,0,0,0,0,0,0,0,0,0,0,0,0,0,0,0,0,0,0,0,0,0,0,0,0,0,0,0,0,0,0,0,0,0,0,0,0,0,0,0,0,0,0,0,0,0,0,0,0,0,0,0,0,0,0,0,0,0,0,0,0,0,0,0,0,0,0,0,0,0,0,0,0,0,0,0,0,0,0,0,0,0,0,0,0,0,0,0,0,0,0,0,0,0,0,0,0,0,0,0,0,0,0,0,0,0,0,0,0,0,0,0,0,0,0,0,0,0,0,0,0,0,0,0,0,0,0,0,0,0,0,0,0,0,0,0,0,0,0,0,0,0,0,0,0,0,0,0,0,0,0,0,0,0,0,0,0,0,0,0,0,0,0,0,0,0,0,0,0,0,0,0,0,0,0,0,0,0,0,0,0,0,0,0,0,0,0,0,0,0,0,0,0,0,0,0,0,0,0,0,0,0,0,0,0,0,0,0,0,0,0,0,0,0,0,0,0,0,0,0,0,0,0,0,0,0,0,0,0,0,0,0,0,0,0,0,0,0,0,0,0,0,0,0,0,0,0,0,0,0,0,0,0,86.3354,0,0,0,0,0,0,0,0,0,0,0,0,0,0,0,0,0,0,0,0,0,0,0,0,2.08237,0,0,0,0,0,0,0,0,0,0,0,0,0,0,0,0,0,0,8.96751,0,0,0,0,0,19.1918,50.5383,6.76745,25.5149,35.1677,169.775
TP5L11,9.290540541,0,0,0,0,0,0,0,0,0,0,0,0,0,0,0,0,0,0,0,0,0,0,0,0,0,0,0,0,0,0,0,0,0,0,0,0,0,0,0,0,0,0,0,0,0,0,0,0,0,0,0,0,0,0,0,0,0,0,0,0,0,0,0,0,0,0,0,0,0,0,0,0,0,0,0,0,0,0,0,0,0,0,0,0,0,0,0,0,0,0,0,0,0,0,0,0,0,0,0,0,0,0,0,0,0,0,0,0,0,0,0,0,0,0,0,0,0,0,0,0,0,0,0,0,0,0,0,0,0,0,0,0,0,0,0,0,0,0,0,0,0,0,0,0,0,0,0,0,2.60091,0,0,0,0,0,0,0,0,0,0,0,0,0,0,0,0,0,0,0,0,0,0,0,0,0,0,0,0,0,0,0,0,0,0,0,0,0,0,0,0,0,0,0,0,0,0,0,0,0,0,0,0,0,0,0,0,0,0,0,0,0,0,0,0,0,0,0,0,0,0,0,0,0,0,0,0,0,0,0,0,0,0,0,0,0,0,0,0,0,0,0,0,0,0,0,0,0,0,0,0,0,0,0,0,0,0,0,0,0,0,0,0,0,0,0,0,0,0,0,0,0,0,0,0,0,0,0,0,0,0,0,0,0,0,0,0,0,0,0,0,0,0,0,0,0,0,0,0,0,0,0,0,0,0,0,0,0,0,0,0,0,0,0,0,0,0,0,0,0,0,0,0,0,0,0,0,0,0,0,0,0,0,0,0,0,0,0,0,0,0,0,0,0,0,0,0,0,0,0,0,0,0,0,0,0,0,0,0,0,0,0,0,0,0,0,0,0,0,0,0,0,0,0,0,0,0,0,0,0,0,0,0,0,0,0,0,0,0,0,0,0,0,0,0,0,0,0,0,0,0,0,0,0,0,0,0,0,0,0,0,0,0,0,0,0,0,0,0,0,0,0,0,0,0,0,6.91058,0,0,0,0,0,0,0,0,0,0,0,0,0,0,0,0,0,0,0,0,0,0,0,0,0,0,0,0,0,0,0,0,0,0,0,0,0,0,0,0,0,0,0,0,0,0,0,0,0,0,0,0,0,0,0,0,0,0,0,0,0,0,0,0,0,0,0,0,0,0,0,0,0,0,0,0,0,0,0,0,0,0,0,0,0,0,0,0,0,0,0,0,0,0,0,0,0,0,0,0,0,0,0,0,0,0,0,0,0,0,0,0,0,0,0,0,0,0,0,0,0,0,0,0,0,0,0,3.42421,10.6959,0,0,0,0,0,8.22633,0,5.43961,38.9111,20.3079,0,0,5.16419,18.132,49.1672,31.1896,25.536,132.482
TP5L2,4.670674955,0,0,0,0,0,0,0,0,0,0,0,0,0,0,0,0,0,0,0,0,0,0,0,0,0,0,0,0,0,0,0,0,0,0,0,0,0,0,0,0,0,0,0,0,0,0,0,0,0,0,0,0,0,0,0,0,0,0,0,0,0,0,0,0,0,0,0,0,0,0,0,0,0,0,0,0,0,0,0,0,0,0,0,0,0,0,0,0,0,0,0,0,0,0,0,0,0,0,0,0,0,0,0,0,0,0,0,0,0,0,0,0,0,0,0,0,0,0,0,0,0,0,0,0,0,0,0,0,0,0,0,0,0,0,0,0,0,0,0,0,0,0,0,0,0,0,0,0,0,0,0,0,0,0,0,0,0,0,0,0,0,0,0,0,0,0,0,0,0,0,0,0,0,0,0,0,0,0,0,0,0,0,0,0,0,0,0,0,0,0,0,0,0,0,0,0,0,0,0,0,0,0,0,0,0,0,0,0,0,0,0,0,0,0,0,0,0,0,0,0,0,0,0,0,0,0,0,0,0,0,0,0,0,0,0,0,0,0,0,0,0,0,0,0,0,0,0,0,0,0,0,0,0,0,0,0,0,0,0,0,0,0,0,0,0,0,0,0,0,0,0,0,0,0,0,0,0,0,0,0,0,0,0,0,0,0,0,0,0,0,0,0,0,0,0,0,0,0,0,0,0,0,0,0,0,0,0,0,0,0,0,0,0,0,0,0,0,0,0,0,0,0,0,0,0,0,0,0,0,0,0,0,0,0,0,0,0,0,0,0,0,0,0,0,0,0,0,0,0,0,0,0,0,0,0,0,0,0,0,0,0,0,0,0,0,0,0,0,0,0,0,0,0,0,0,0,0,0,0,0,0,0,0,0,0,0,0,0,0,0,0,0,0,0,0,0,0,0,0,0,0,0,0,0,0,0,0,0,0,0,0,0,0,0,0,0,0,0,0,0,0,0,0,0,0,0,0,0,0,0,0,0,0,0,0,0,0,0,0,0,0,0,0,0,0,0,0,0,0,0,0,0,0,0,0,0,0,0,0,0,0,0,0,0,0,0,0,0,0,0,0,0,0,0,0,0,0,0,0,0,0,0,0,0,0,0,0,0,0,0,0,0,0,0,0,0,0,0,0,0,0,0,0,0,0,0,0,0,0,0,0,0,0,0,0,0,65.2208,0,0,0,0,0,0,0,0,0,0,0,0,0,0,0,0,0,0,0,0,0,0,0,4.74966,3.01541,0,0,0,0,0,0,0,0,0,0,0,0,0,0,0,30.421,0,4.58244,0,4.45451,0,0,0,8.29296,1.40965,11.1363,0,14.3445,12.9212,145.9
TP5L19,9.254487582,0,0,0,0,0,0,0,0,0,0,0,0,0,0,0,0,0,0,0,0,0,0,0,0,0,0,0,0,0,0,0,0,0,0,0,0,0,0,0,0,0,0,0,0,0,0,0,0,0,0,0,0,0,0,0,0,0,0,0,0,0,0,0,0,0,0,0,0,0,0,0,0,0,0,0,0,0,0,0,0,0,0,0,0,0,0,0,0,0,0,0,0,0,0,0,0,0,0,0,0,0,0,0,0,0,0,0,0,0,0,0,0,0,0,0,0,0,0,0,0,0,0,0,0,0,0,0,0,0,0,0,0,0,0,0,0,0,0,0,0,0,0,0,0,0,0,0,0,0,0,0,0,0,0,0,0,0,0,0,0,0,0,0,0,0,0,0,0,0,0,0,0,0,0,0,0,0,0,0,0,0,0,0,0,0,0,0,0,0,0,0,0,0,0,0,0,0,0,0,0,0,0,0,0,0,0,0,0,0,0,0,0,0,0,0,0,0,0,0,0,0,0,0,0,0,0,0,0,0,0,0,0,0,0,0,0,0,0,0,0,0,0,0,0,0,0,0,0,0,0,0,0,0,0,0,0,0,0,0,0,0,0,0,0,0,0,0,0,0,0,0,0,0,0,0,0,0,0,0,0,0,0,0,0,0,0,0,0,0,0,0,0,0,0,0,0,0,0,0,0,0,0,0,0,0,0,0,0,0,0,0,0,0,0,0,0,0,0,0,0,0,0,0,0,0,0,0,0,0,0,0,0,0,0,0,0,0,0,0,0,0,0,0,0,0,0,0,0,0,0,0,0,0,0,0,0,0,0,0,0,0,0,0,0,0,0,0,0,0,0,0,0,0,0,0,0,0,0,0,0,0,0,0,0,0,0,0,0,0,0,0,0,0,0,0,0,0,0,0,0,0,0,0,0,0,0,0,0,0,0,0,0,0,0,0,0,0,0,0,0,0,0,0,0,0,0,0,0,0,0,0,0,0,0,0,0,0,0,0,0,0,0,0,0,0,0,0,0,0,0,0,0,0,0,0,0,0,0,0,0,0,0,0,0,0,0,0,0,0,0,0,0,0,0,0,0,0,0,0,0,0,0,0,0,0,0,0,0,0,0,0,0,0,0,0,0,0,0,0,0,0,0,0,0,0,0,0,0,0,0,0,0,0,0,0,0,88.79,0,0,0,0,0,0,0,0,0,0,0,0,0,0,0,0,0,0,0,0,4.35042,0,0,2.10397,1.48805,0,0,0,0,0,0,0,0,3.52362,0,2.48428,0,0,0,0,46.8851,0,4.39941,15.7558,11.8393,0,0,0.023794,14.6942,42.4618,23.021,39.6344,68.446,33.6791,137.546
TP6L11,8.693927736,0,0,0,0,0,0,0,0,0,0,0,0,0,0,0,0,0,0,0,0,0,0,0,0,0,0,0,0,0,0,0,0,0,0,0,0,0,0,0,0,0,0,0,0,0,0,0,0,0,0,0,0,0,0,0,0,0,0,0,0,0,0,0,0,0,0,0,0,0,0,0,0,0,0,0,0,0,0,0,0,0,0,0,0,0,0,0,0,0,0,0,0,0,0,0,0,0,0,0,0,0,0,0,0,0,0,0,0,0,0,0,0,0,0,0,0,0,0,0,0,0,0,0,0,0,0,0,0,0,0,0,0,0,0,0,0,0,0,0,0,0,0,0,0,0,0,0,0,4.46162,0,0,0,0,0,0,0,0,0,0,0,0,0,0,0,0,0,0,0,0,0,0,0,0,0,0,0,0,0,0,0,0,0,0,0,0,0,0,0,0,0,0,0,0,0,0,0,0,0,0,0,0,0,0,0,0,0,0,0,0,0,0,0,0,0,0,0,0,0,0,0,0,0,0,0,0,0,0,0,0,0,0,0,0,0,0,0,0,0,0,0,0,0,0,0,0,0,0,0,0,0,0,0,0,0,0,0,0,0,0,0,0,0,0,0,0,0,0,0,0,0,0,0,0,0,0,0,0,0,0,0,0,0,0,0,0,0,0,0,0,0,0,0,0,0,0,0,0,0,0,0,0,0,0,0,0,0,0,0,0,0,0,0,0,0,0,0,0,0,0,0,0,0,0,0,0,0,0,0,0,0,0,0,0,0,0,0,0,0,6.16746,0,0,0,0,0,0,0,0,0,0,0,0,0,0,0,0,0,0,0,0,0,0,0,0,0,0,0,0,0,0,0,0,0,0,0,0,0,0,0,0,0,0,0,0,0,0,0,0,0,0,0,0,0,0,0,0,0,0,0,0,18.1439,0,0,0,0,0,0,0,0,0,0,0,0,0,0,0,0,0,0,0,0,0,0,0,0,0,0,0,0,0,30.5225,0,0,0,0,0,0,0,0,0,0,0,0,0,0,0,0,0,0,0,0,0,0,0,0,0,0,0,0,0,0,0,6.50579,0,0,0,0,0,0,0,0,0,0,0,0,0,0,0,0,0,0,0,0,0,0,0,0,0,0,0,0,0,0,0,0,0,0,0,0,0,0,0,0,0,0,0,0,0,0,0,0,0,0,0,0,0,0,0,0,0,0,0,0,0,0,0,0,0,0,0,0,0,0,0,0,0,0,0,0,0,0,2.48736,2.92366,0,0,0,0,0,0,0,0,4.16569,3.44505,26.4327,0,2.02851,0,0,26.9906,0,2.63588,12.4179,0,0,17.4182,7.63694,11.5812,8.85869,15.5519,37.4853,40.8697,33.8627,111.672
TP6L19,5.452347794,0,0,0,0,0,0,0,0,0,0,0,0,0,0,0,0,0,0,0,0,0,0,0,0,0,0,0,0,0,0,0,0,0,0,0,0,0,0,0,0,0,0,0,0,0,0,0,0,0,0,0,0,0,0,0,0,0,0,0,0,0,0,0,0,0,0,0,0,0,0,0,0,0,0,0,0,0,0,0,0,0,0,0,0,0,0,0,0,0,0,0,0,0,0,0,0,0,0,0,0,0,0,0,0,0,0,0,0,0,0,0,0,0,0,0,0,0,0,0,0,0,0,0,0,0,0,0,0,0,0,0,0,0,0,0,0,0,0,0,0,0,0,0,0,0,0,0,0,0,0,0,0,0,0,0,0,0,0,0,0,0,0,0,0,0,0,0,0,0,0,0,0,0,0,0,0,0,0,0,0,0,0,0,0,0,0,0,0,0,0,0,0,0,0,0,0,0,0,0,0,0,0,0,0,0,0,0,0,0,0,0,0,0,0,0,0,0,0,0,0,0,0,0,0,0,0,0,0,0,0,0,0,0,0,0,0,0,0,0,0,0,0,0,0,0,11.3887,0,0,0,0,0,0,0,0,0,0,0,0,0,0,0,0,0,0,0,0,0,0,0,0,0,0,0,0,0,0,0,0,0,0,0,0,0,0,0,0,0,0,0,0,0,0,0,0,0,0,0,0,0,0,0,0,0,0,0,0,0,0,0,0,0,0,0,0,0,0,0,0,0,0,0,0,0,0,0,0,0,0,0,0,0,0,0,0,0,0,0,0,0,0,0,0,0,0,0,0,0,0,0,0,0,0,0,0,0,0,5.0029,0,0,0,0,0,0,0,0,0,0,0,0,0,0,0,0,0,0,0,0,0,0,0,0,0,0,0,0,0,0,0,0,0,0,0,0,0,0,0,0,0,0,0,0,0,0,0,0,0,0,0,0,0,0,0,0,0,0,0,0,0,0,0,0,0,0,0,0,0,0,0,0,0,0,0,0,0,0,0,0,0,0,0,0,0,0,0,0,0,0,0,0,0,0,0,0,0,0,0,0,0,0,0,0,0,0,0,0,0,0,0,0,0,0,0,0,0,0,0,0,0,0,0,0,0,0,0,0,0,0,0,0,0,0,0,0,0,0,0,0,0,0,0,0,0,0,0,0,0,0,0,0,0,0,0,0,0,0,0,0,0,0,0,0,0,0,0,0,0,0,0,0,0,0,0,0,0,0,0,0,0,0,0,3.20064,2.36722,0,0,0,0,0,0,0,0,0,0,7.55834,0,0,4.06819,0,61.4991,0,0,31.9577,6.00348,42.9446,11.2065,0.000407,14.9023,72.1938,60.0348,12.0586,38.0536,36.2929,201.677
TP6L2,4.884437596,0,0,0,0,0,0,0,0,0,0,0,0,0,0,0,0,0,0,0,0,0,0,0,0,0,0,0,0,0,0,0,0,0,0,0,0,0,0,0,0,0,0,0,0,0,0,0,0,0,0,0,0,0,0,0,0,0,0,0,0,0,0,0,0,0,0,0,0,0,0,0,0,0,0,0,0,0,0,0,0,0,0,0,0,0,0,0,0,0,0,0,0,0,0,0,0,0,0,0,0,0,0,0,0,0,0,0,0,0,0,0,0,0,0,0,0,0,0,0,0,0,0,0,0,0,0,0,0,0,0,0,0,0,0,0,0,0,0,0,0,0,0,0,0,0,0,0,0,0,0,0,0,0,0,0,0,0,0,0,0,0,0,0,0,0,0,0,0,0,0,0,0,0,0,0,0,0,0,0,0,0,0,0,0,0,0,0,0,0,0,0,0,0,0,0,0,0,0,0,0,0,0,0,0,0,0,0,0,0,0,0,0,0,0,0,0,0,0,0,0,0,0,0,0,0,0,0,0,0,0,0,0,0,0,0,0,0,0,0,0,0,0,0,0,0,0,0,0,0,0,0,0,0,0,0,0,0,0,0,0,0,0,0,0,0,0,0,0,0,0,0,0,0,0,0,0,0,0,0,0,0,0,0,0,0,0,0,0,0,0,0,0,0,0,0,0,0,0,0,0,0,0,0,0,0,0,0,0,0,0,0,0,0,0,0,0,0,0,0,0,0,0,0,0,0,0,0,0,0,0,0,0,0,0,0,0,0,0,0,0,0,0,0,0,0,0,0,0,0,0,0,0,0,0,0,0,0,0,0,0,0,0,0,0,0,0,0,0,0,0,0,0,0,0,0,0,0,0,0,0,5.3525,0,0,0,0,0,0,0,0,0,0,0,0,0,0,0,0,0,0,0,0,0,0,0,0,0,0,0,0,0,0,0,0,0,0,0,0,0,0,0,0,0,0,0,0,0,0,0,0,0,0,0,0,0,0,0,0,0,0,0,0,0,0,0,0,0,0,0,0,0,0,0,0,0,0,0,0,0,0,0,0,0,0,0,0,0,0,0,0,0,0,0,0,0,0,0,0,0,0,0,0,0,0,0,0,0,0,0,0,0,0,0,0,0,0,0,0,0,0,0,0,0,0,0,0,0,0,0,0,0,0,0,0,0,0,0,0.167082,0,0,0,0,0,0,0,0,0,0,0,0,0,0,0,0,0,0,0,0,0,0,0,5.22612,2.93913,0,0,0,0,0,0,0,0,4.37621,0,12.3415,0,0,0,0,66.9453,0,0,19.5682,4.90136,0,9.1492,0,27.3746,24.817,32.6757,34.4572,34.856,28.007,146.129
TP7L11,14.6478376,0,0,0,0,0,0,0,0,0,0,0,0,0,0,0,0,0,0,0,0,0,0,0,0,0,0,0,0,0,0,0,0,0,0,0,0,0,0,0,0,0,0,0,0,0,0,0,0,0,0,0,0,0,0,0,0,0,0,0,0,0,0,0,0,0,0,0,0,0,0,0,0,0,0,0,0,0,0,0,0,0,0,0,0,0,0,0,0,0,0,0,0,0,0,0,0,0,0,0,0,0,0,0,0,0,0,0,0,0,0,0,0,0,0,0,0,0,0,0,0,0,0,0,0,0,0,0,0,0,0,0,0,0,0,0,0,0,0,0,0,0,0,0,0,0,0,0,0,0,0,0,0,0,0,0,0,0,0,0,0,0,0,0,0,0,0,0,0,0,0,0,0,0,0,0,0,0,0,0,0,0,0,0,0,0,0,0,0,0,0,0,0,0,0,0,0,0,0,0,0,0,0,0,0,0,0,0,0,0,0,0,0,0,0,0,0,0,0,0,0,0,0,0,0,0,0,0,0,0,0,0,0,0,0,0,0,0,7.21643,0,0,0,0,0,0,0,0,0,0,0,0,0,0,0,0,0,0,0,0,0,0,0,0,0,0,0,0,0,0,0,0,0,0,0,0,0,0,0,0,0,0,0,0,0,0,0,0,0,0,0,0,0,0,0,0,0,0,0,0,0,0,0,0,0,0,0,0,0,0,0,0,0,0,0,0,0,0,0,0,0,0,0,0,0,0,0,0,0,0,0,0,0,0,0,0,0,0,0,0,0,0,0,0,0,0,0,0,0,0,0,0,0,0,0,0,0,0,0,0,0,0,0,0,0,0,0,0,0,0,0,0,0,0,0,0,0,0,0,0,0,0,0,0,0,0,0,0,0,0,0,0,0,0,0,0,0,0,0,0,0,0,0,0,0,0,0,0,0,0,0,0,0,0,0,0,0,0,0,0,0,0,0,0,0,0,4.11159,0,0,0,0,0,0,0,0,0,0,0,0,0,0,0,0,0,0,0,0,0,0,0,0,0,0,0,0,0,0,0,0,0,0,0,0,0,0,0,0,7.63769,0,0,0,0,0,0,0,0,0,0,0,0,0,0,0,0,0,0,0,0,0,0,0,0,0,0,0,0,0,0,0,0,0,0,0,0,0,0,0,0,0,0,0,0,0,0,0,0,0,0,63.6342,0,0,0,0,0,0,0,0,0,0,0,0,0,0,0,0,0,3.6743,0,0,4.73898,0,0,9.16756,3.37092,0,0,0,0,0,0,0,0,7.67666,0,20.2808,0,5.6073,0,0,117.434,0,9.28895,17.163,4.29893,13.1792,24.074,17.3815,10.6711,9.52295,32.242,25.9046,44.2449,30.2713,124.558
TP8L19,24.4951788,0,0,0,0,0,0,0,0,0,0,0,0,0,0,0,0,0,0,0,0,0,0,0,0,0,0,0,0,0,0,0,0,0,0,4.60462,0,0,0,0,0,0,0,0,0,0,0,0,0,0,0,0,0,0,0,0,0,0,0,0,0,0,0,0,0,0,0,0,0,0,0,0,0,0,0,0,0,0,0,0,0,0,0,0,0,0,0,0,0,0,0,0,0,0,0,0,0,0,0,0,0,0,0,0,0,0,0,0,0,0,0,0,0,0,0,0,0,0,0,0,0,0,0,0,0,0,0,0,0,0,0,0,0,0,0,0,0,0,0,0,0,0,0,0,0,0,0,0,0,2.10101,0,0,0,0,0,0,0,0,0,0,0,0,0,0,0,0,0,0,0,0,0,0,0,0,0,0,0,0,0,0,0,0,0,0,0,0,0,0,0,0,0,0,0,0,0,0,0,0,0,0,0,0,0,0,0,0,0,0,0,0,0,0,0,0,0,0,0,0,0,0,0,0,0,0,0,0,0,0,0,0,0,0,0,0,0,0,0,0,0,0,0,0,0,0,0,0,0,0,0,0,0,0,0,0,0,0,0,0,0,0,0,0,0,0,0,0,0,0,0,0,0,0,0,0,0,0,0,0,0,0,0,0,0,0,0,0,0,0,0,0,0,0,0,0,0,0,0,0,0,0,0,0,0,0,0,0,0,0,0,0,0,0,0,0,0,0,0,0,0,0,0,0,0,0,0,0,0,0,0,0,0,0,0,0,0,0,0,0,0,0,0,0,0,0,0,0,0,0,0,0,0,0,0,0,0,0,0,3.66177,0,0,0,0,0,0,0,0,0,0,0,0,0,0,0,0,0,0,0,0,0,0,0,0,0,0,0,0,0,0,0,0,0,0,0,0,0,0,0,0,0,0,62.6569,0,0,0,0,0,0,0,0,0,0,0,0,0,0,0,0,0,0,0,0,0,0,0,0,0,0,0,0,0,50.3066,0,0,0,0,0,0,0,0,0,0,0,0,0,0,0,0,0,0,0,0,0,0,0,0,0,0,0,0,0,0,0,24.5091,0,0,0,93.6818,0,0,0,0,0,0,0,0,0,0,0,0,0,0,0,0,0,0,0,0,0,5.79263,0,0,0,0,0,0,0,0,0,0,0,0,0,0,0,0,0,0,0,0,0,0,0,0,0,0,0,0,0,0,0,0,0,0,0,4.46428,0,9.82711,0,0,0,0,9.15442,0,0,0,0,10.9074,0,0,2.8116,0,0,1.64387,8.9676,19.4062,11.2054,0,6.47555,8.46186,0,10.2872,7.84665,3.24461,16.5965,0,72.5986,0,0,107.106,9.92221,0,11.6954,26.3647,31.4324,167.06,32.9643,43.2049,88.9949,54.9265,57.3695,40.6973,37.1406,262.398
TP8L11,21.94583036,0,0,0,0,0,0,0,0,0,0,0,0,0,0,0,0,0,0,0,0,0,0,0,0,0,0,0,0,0,0,0,0,0,0,0,0,0,0,0,0,0,0,0,0,0,0,0,0,0,0,0,0,0,0,0,0,0,0,0,0,0,0,0,0,0,0,0,0,0,0,0,0,0,0,0,0,0,0,0,0,0,0,0,0,0,0,0,0,0,0,0,0,0,0,0,0,0,0,0,0,0,0,0,0,0,0,0,0,0,0,0,0,0,0,0,0,0,0,0,0,0,0,0,0,0,0,0,0,0,0,0,0,0,0,0,0,0,0,0,0,0,0,0,0,0,0,0,0,0,0,0,0,0,0,0,0,0,0,0,0,0,0,0,0,0,10.6475,0,0,0,0,0,0,0,0,0,0,0,0,0,0,0,0,0,0,0,0,0,0,0,0,0,0,0,0,0,0,0,0,0,0,0,0,0,0,0,0,0,0,0,0,0,0,0,0,0,0,0,0,0,0,0,0,0,0,0,0,0,0,0,0,0,0,0,0,0,0,0,0,0,0,0,0,0,0,0,0,0,0,0,0,0,0,0,0,0,0,0,0,0,0,0,0,0,0,0,0,0,0,0,0,0,0,0,0,0,0,0,0,0,0,0,0,0,0,0,0,0,0,0,0,0,0,0,0,0,0,0,0,0,0,0,0,0,0,0,0,0,0,0,0,0,0,0,0,0,0,0,0,0,0,0,0,0,0,0,0,0,0,0,0,0,0,0,0,0,0,0,0,0,0,0,0,0,0,0,0,0,0,0,0,0,0,0,0,0,0,0,0,0,0,0,0,0,0,0,0,0,0,0,0,0,0,0,0,0,0,0,0,0,0,0,0,0,0,0,0,0,0,0,0,0,0,0,0,0,0,0,0,0,24.4498,0,0,0,0,0,0,0,0,0,0,0,0,0,0,0,0,0,0,0,0,0,0,0,0,14.976,0,0,0,0,0,7.25433,0,0,0,0,0,0,0,0,0,0,0,0,0,0,0,3.97198,0,0,0,0,0,0,0,0,0,0,0,0,0,0,13.1503,0,0,0,33.5098,0,0,0,0,0,0,0,0,0,0,0,0,0,0,0,0,0,0,0,0,0,0,0,0,0,0,0,0,0,0,0,0,0,0,0,0,0,0,0,0,0,0,0,0,0,0,0,0,0,0,0,0,0,0,0,0,0,0,0,0,0,0,0,0,0,0,0,12.4087,0,0,38.6243,0,0,0,2.51388,0,0,16.6979,0,4.36026,6.94888,0,0,54.2095,16.8404,6.96354,0,27.815,16.4011,0,0,70.9567,21.295,2.58253,6.27513,4.71531,19.2743,103.805,0,46.8187,43.2734,39.2943,80.5053,41.6814,11.5774,247.163
TP8L2,38.84139033,0,0,0,0,0,0,0,0,0,0,0,0,0,0,0,0,0,0,0,0,0,0,0,0,0,0,0,0,0,0,0,0,0,0,0,0,0,0,0,0,0,0,0,0,0,0,0,0,0,0,0,0,0,0,0,0,0,0,0,0,0,0,0,0,0,0,0,0,2.47288,0,0,0,0,0,0,0,0,0,0,0,0,0,0,0,0,0,0,0,0,0,0,0,0,0,0,0,0,0,0,0,0,0,0,0,0,0,0,0,0,0,0,0,0,0,0,0,0,0,0,0,0,0,0,0,0,0,0,0,0,0,0,0,0,0,0,0,0,0,0,0,0,0,0,0,0,0,0,0,0,0,0,0,0,0,0,0,0,0,0,0,0,0,0,0,0,10.3701,0,0,0,0,0,0,0,0,0,0,0,0,0,0,0,0,0,0,0,0,0,0,0,0,0,0,0,0,0,0,0,0,0,0,0,0,0,0,0,0,0,0,0,0,0,0,0,0,0,0,0,0,0,0,0,0,0,0,0,0,0,0,0,0,0,0,0,0,0,0,0,0,0,0,0,0,0,0,0,0,0,0,0,0,0,0,0,0,0,0,0,0,0,0,0,0,0,0,0,0,0,0,0,0,0,0,0,0,0,0,0,0,0,0,0,0,0,0,0,0,0,0,0,0,0,0,0,0,0,0,0,0,0,0,0,0,0,0,0,0,0,0,0,0,0,0,0,0,0,0,0,0,0,0,0,0,0,0,0,0,0,0,0,0,0,0,0,0,0,0,0,0,0,19.1354,0,8.01681,0,0,0,0,0,0,0,0,0,0,0,0,0,0,0,0,0,0,0,0,0,0,0,0,0,0,0,0,0,0,0,0,0,0,0,0,0,0,0,0,0,0,21.6481,0,0,0,0,0,0,0,0,0,0,0,0,0,0,0,0,0,0,0,0,0,0,0,0,0,0,0,0,0,0,0,0,0,0,0,0,0,0,0,0,0,0,0,0,7.51107,0,0,0,0,0,0,0,0,0,0,0,0,0,0,0,0,0,0,0,0,0,0,0,0,0,0,0,0,0,0,0,6.40386,0,0,0,8.15924,0,0,0,0,0,0,0,0,0,10.0148,0,0,0,0,0,0,0,0,0,3.67399,0,0,3.39825,0,0,0,0,0,0,0,0,0,0,0,0,0,0,0,0,0,0,0,0,7.25675,0,0,0,0,0,0,0,0,0,0,0,0,0,4.6658,2.21859,0,0,4.37975,0,0,0,0,0,0,0,0,15.8929,0,2.93852,0,0,1.61119,0,0,0,0,0,13.2658,0,53.7582,8.20087,0,60.71,9.03017,3.99347,3.11204,0,156.817,15.5552,0,12.2233,18.3699,23.4653,102.448,40.1404,62.6988,14.5332,34.4436,64.5715,119.256,18.8413,283.483
TP9L19,72.02831367,0,0,0,0,0,0,0,0,0,0,0,0,0,0,0,0,0,0,0,0,0,0,0,0,0,0,0,0,0,0,0,0,0,0,0,0,0,0,0,0,0,0,0,0,0,0,0,0,0,0,0,0,0,0,0,0,0,0,0,0,0,0,0,0,0,0,0,0,0,0,0,0,0,0,0,0,0,0,0,0,0,0,0,0,0,0,0,0,0,0,0,0,0,0,0,0,0,0,0,0,0,0,0,0,0,0,0,0,0,0,0,0,0,0,0,0,0,0,0,0,0,0,0,0,0,0,0,0,0,0,0,0,0,0,0,0,0,0,0,0,0,0,0,0,0,0,0,0,0,0,0,0,0,0,0,0,0,0,0,0,0,0,0,0,0,0,0,0,0,0,0,0,0,0,0,0,0,0,0,0,0,0,0,0,0,0,7.5117,0,0,0,0,0,0,0,0,0,0,0,0,0,0,0,0,0,0,0,0,0,0,0,0,11.0109,0,0,0,0,0,0,0,0,0,0,0,0,0,0,0,0,0,0,0,0,0,0,0,0,0,0,0,0,0,0,0,0,0,0,0,0,0,0,0,0,0,0,0,0,0,0,0,0,0,0,0,0,0,0,0,0,0,0,11.8579,0,0,0,0,0,0,0,0,0,0,0,0,0,0,0,0,0,0,0,0,0,0,0,0,0,0,0,0,0,0,0,0,0,0,0,0,0,0,0,0,0,0,0,0,0,0,0,0,0,0,21.488,0,0,0,0,0,0,0,0,0,0,0,0,0,0,0,0,0,0,0,0,0,0,0,0,0,0,0,0,0,4.23093,0,0,0,0,0,0,0,0,0,0,0,0,0,0,0,0,0,0,11.7014,0,0,0,0,0,0,0,0,0,0,0,15.2496,0,0,0,0,0,0,0,0,0,0,0,0,0,0,0,0,6.56578,0,0,0,0,0,0,0,0,0,0,0,0,8.60564,0,0,0,0,0,0,0,0,6.83145,0,0,12.9275,0,0,0,4.96572,0,0,0,0,0,0,0,0,0,0,0,0,0,0,0,0,0,0,0,0,12.708,0,0,0,0,0,2.36684,0,0,0,0,0,7.0628,8.97601,0,6.9384,17.9976,0,0,7.74132,7.84408,8.18828,0,0,0,0,22.0905,0,4.4319,0,0,0,0,0,0,0,20.2601,0,0,0,0,0,8.40171,0,0,0,0,0,0,11.6629,0,0,0,0,0,0,0,0,0,0,0,0,0,4.53392,0,0,0,0,0,0,0,0,0,0,0,0,0,6.84464,0,3.44895,0,10.5522,0,0,13.329,0,34.0916,78.659,11.167,0,7.76675,0,1.67024,51.684,78.2923,19.3744,9.3673,22.3928,4.87692,16.0431,50.7948,13.5671,11.22,12.6961,115.298,28.6285,3.43226,15.8282,86.4762,85.7788,2.31709,0,55.7154,113.871,723.172,29.8551,50.2911,70.5258,33.7669,55.9552,20.2953,25.6656,282.298
TP9L11,87.49127878,0,0,0,0,0,0,0,0,0,0,0,0,0,0,0,0,0,0,0,0,0,0,0,0,0,0,0,0,0,0,0,0,0,0,0,0,0,0,0,0,0,0,0,0,0,0,0,0,0,0,0,0,0,0,0,0,0,0,0,0,0,0,0,0,0,0,0,0,0,0,0,0,0,0,0,0,0,0,0,0,0,0,0,0,0,0,0,0,0,0,0,0,0,0,0,0,0,0,0,0,0,0,0,0,0,0,0,0,0,0,0,0,0,0,0,0,0,0,0,0,0,0,0,0,0,0,0,0,0,0,0,0,0,0,0,0,0,0,9.15953,0,0,0,0,0,5.87914,0,0,0,0,0,0,0,0,0,0,3.70136,0,0,0,0,5.35033,0,0,0,0,16.3099,0,0,0,0,0,0,0,0,0,0,0,0,0,0,0,0,0,0,0,0,0,0,0,0,0,0,0,0,0,0,0,0,0,0,0,0,0,0,0,0,0,0,0,0,0,0,0,0,0,0,0,0,0,0,0,0,0,0,0,0,0,0,0,0,0,0,0,0,0,0,0,0,0,0,0,0,0,0,0,0,0,0,0,0,0,0,0,0,0,0,0,0,0,0,0,0,0,0,0,0,0,0,0,0,0,0,0,0,0,0,0,0,0,0,0,0,0,0,0,0,0,0,0,0,0,0,0,0,0,0,0,0,0,0,3.0905,0,0,0,0,0,0,0,0,0,0,0,0,0,5.61784,0,0,0,0,0,0,0,0,0,0,0,0,0,7.94978,0,0,0,0,0,0,0,0,0,17.3748,0,0,0,0,3.41626,0,0,0,0,0,0,0,0,0,0,0,0,0,5.81156,11.1041,0,0,0,0,0,0,0,0,0,0,0,0,0,6.41632,0,0,0,0,0,0,0,0,0,0,0,0,0,0,0,0,0,0,0,0,0,6.83251,0,0,8.83927,0,9.36307,0,0,0,0,0,0,0,0,17.7406,0,0,3.89527,0,0,0,0,0,0,0,0,0,0,0,14.6552,0,0,0,0,0,11.8132,5.55611,0,0,0,0,0,0,4.88981,8.62809,0,0,0,0,0,7.50157,0,0,8.28862,0,0,0,0,0,0,0,0,0,0,0,0,6.68791,15.1077,0,0,4.94722,64.1632,0,0,5.51972,16.779,0,0,0,21.6071,6.38391,15.751,3.24523,0,0,0,17.2758,3.29171,10.0809,0,0,2.88918,0,0,0,3.29171,0,0,4.00639,0,0,0,0,10.5775,0,0,2.58226,0,10.6668,0,0,0,0,0,0,11.4132,0,0,6.46555,9.37465,2.35824,17.1975,25.5865,0,0,18.8659,67.286,1.94314,2.5849,3.66913,0,32.3071,9.76073,10.3325,7.37752,39.3468,37.6195,4.19242,5.15399,22.5493,17.298,74.7095,95.8002,51.7549,6.93244,13.8446,0,1.27131,29.4814,95.689,32.2335,11.3411,69.1882,32.0562,57.1953,54.8594,3.22453,24.3302,13.6404,87.5751,42.3955,12.2364,13.1668,36.9956,110.092,0,4.80614,36.1147,99.645,828.156,0,40.3409,46.8577,54.1721,39.8972,27.3415,15.3239,215.661
TP9L2,52.06658567,0,0,0,0,0,0,0,0,0,0,0,0,0,0,0,0,0,0,0,0,0,0,0,0,0,0,0,0,0,0,0,0,0,0,0,0,0,0,0,0,0,0,0,0,0,0,0,0,0,0,0,0,0,0,0,0,0,0,0,0,0,1.61144,0,0,0,0,0,0,0,0,0,0,0,0,0,0,0,0,0,0,0,0,0,0,0,0,0,0,0,0,0,0,1.19569,0,0,0,0,0,0,0,0,0,0,0,0,0,0,0,0,0,0,0,0,0,0,0,0,0,0,0,0,0,0,0,0,0,0,0,0,0,1.62545,0,0,0,0,0,0,0,0,0,0,0,0,0,0,0,0,0,0,0,0,0,0,0,0,0.821056,0,0,0,0,0,0,0,0,0,0,0,0,0,0,0,0,0,0,0,0,0,0,0,0,0,0,0,0,0,0,0,0,0,0,0,0,0,0,0,0,0,0,0,0,2.14859,0,0,0,0,0,0,0,0,0,0,0,0,0,0,0,0,0,0,0,0,0,0,0,0,0,0,0,0,0,0,0,0,0,0,0,0,0,0,0,0,0,0,0,0,0,0,0,0,0,0,0,0,0,0,0,0,0,0,0,0,0,0,0,0,0,0,0,0,0,0,0,0,0,0,0,0,0,0,0,0,0,0,0,0,0,0,0,0,0,0,0,0,0,0,0,0,0,0,0,0,0,0,0,0,0,0,0,0,0,0,0,0,0,0,0,0,0,0,0,0,0,0,0,0,0,0,0,0,0,0,0,0,0,0,0,0,0,0,0,0,0,0,0,0,0,0,0,0,0,0,0,0,0,0,0,0,2.5783,1.64211,0,0,0,0,0,0,0,0,0,0,0,1.85076,0,0,0,0,0,0,0,0,0,0,0,0,0,0,0,0,0,0,0,0,0,0,0,0,0,0,0,0,2.07697,0,0.595309,0,0,0,0,0,0,0,0,0,0,0,0,0,0,0,0,0,0,0,0,0,0,0.543107,0,0,0,0,0,1.23249,0,0,0,0,0,0,0,0,0,0,0,0,0,0,1.4197,0,0,0,0,0,0,0,0,0,0,0,0,0,0,0,0,0,0,0,4.26991,0,0,0,0,1.29511,0.685551,0,0,0,0,0,0,0,0,0,0,0,0,0,0.640892,0,1.05608,0,0,0,0,0,0,0,1.59313,0,0,0,0,0,0,0,0,0,0,0,0,0,0,0,0,0,0,0,0,1.93637,0,0,0,4.26449,0,0,0,0.387012,0,0,0,0,2.18203,0,0,2.28657,3.49887,0.684714,0,11.327,0,0,0,0,0,3.26986,0,0,0,1.18059,1.80526,1.26873,0,1.43056,0,7.53057,1.57523,0,0.542866,0.417248,0,8.14037,0.398783,0,0,4.09329,60.0301,0,0,3.04221,0,9.65476,0,1.0902,28.5941
TP10L19,71.94745601,0,0,0,0,0,0,0,0,0,0,0,0,0,0,0,0,0,0,0,0,0,0,0,0,0,0,0,0,0,0,0,0,0,0,0,0,0,0,0,0,0,0,0,0,0,0,0,0,0,0,0,0,0,0,0,0,0,0,0,0,0,0,0,0,0,0,0,0,0,0,0,0,0,0,0,0,0,0,0,0,0,0,0,0,0,0,0,0,0,0,0,0,0,0,0,0,0,0,0,0,0,0,0,0,0,0,0,0,0,0,0,0,0,0,0,0,0,0,0,0,0,0,0,0,0,0,0,0,0,0,0,0,0,0,0,0,0,0,0,0,0,0,0,0,5.43302,0,0,0,0,0,0,0,0,0,0,0,0,0,0,0,0,0,0,0,0,0,0,0,0,0,0,0,0,0,0,6.83099,0,0,0,0,0,0,0,0,0,0,0,0,0,0,0,0,0,0,0,0,0,0,0,0,0,0,0,0,0,0,0,0,0,0,0,0,0,0,0,0,0,0,0,0,0,0,0,0,0,0,0,0,0,0,0,0,0,0,0,0,0,0,0,0,0,0,0,0,0,0,0,0,0,0,0,0,3.93299,0,0,0,15.6792,0,0,0,0,0,0,0,0,0,0,2.8665,0,0,0,0,0,0,0,0,0,0,0,0,0,0,0,0,0,0,0,0,0,0,4.98123,0,0,0,6.95297,0,0,0,0,0,0,0,0,0,0,0,0,0,0,0,0,0,0,0,0,0,0,0,0,0,0,0,0,0,0,0,0,0,0,0,0,0,0,0,0,0,0,0,0,0,0,0,0,0,0,0,0,0,0,0,6.33116,2.78783,0,0,0,0,5.56237,0,0,0,0,0,0,6.76179,0,0,0,0,0,0,0,0,11.8589,0,0,0,0,0,0,0,0,0,0,0,0,0,3.69651,0,0,0,0,0,0,0,6.31405,0,2.93124,0,0,17.3052,0,0,0,0,0,0,0,0,8.19718,0,0,0,10.206,0,0,0,0,0,2.29489,0,0,4.50134,7.56051,13.5432,5.35425,5.54916,0,3.16987,0,43.6672,5.1345,0,0,2.3503,0,0,0,0,0,0,2.99512,0,0,0,0,0,0,15.3193,18.1101,0,0,0,3.65602,5.76839,0,0,2.98746,3.33266,0,11.7791,0,0,5.91442,4.3749,0,53.3649,0,0,5.10087,5.16858,5.39537,0,2.58655,0,0,0,0,0,0,2.77788,15.9649,0,6.40054,3.90016,0,5.33988,0,0,4.93911,0,4.90798,11.072,0,0,11.0546,13.2738,0,0,0,0,0,0,19.7147,1.52593,0,16.929,12.0838,0,0,0,1.89935,3.3422,0,5.77552,4.35858,0,0,5.63618,2.59289,11.6229,35.5315,0,0,3.39071,4.83685,7.46389,22.5502,0,4.54513,54.5416,41.7178,7.74858,11.9072,21.5649,6.66598,15.0255,105.977,7.3581,6.40639,5.11763,3.55856,1.67593,61.2996,91.8584,12.7661,32.9077,34.4282,14.1161,95.1393,58.3054,5.95969,22.1791,15.7029,68.0684,18.8637,20.3541,22.5971,16.9463,120.578,1.73154,8.88288,6.67485,156.883,583.593,0.000681,18.6399,23.2352,22.2495,50.2768,27.213,4.37353,139.508
TP10L11,86.01161216,0,0,0,0,0,0,0,0,0,0,0,0,0,0,0,0,0,0,0,0,0,0,0,0,0,0,0,0,0,0,0,0,0,0,0,0,0,0,0,0,0,0,0,0,0,0,0,0,0,0,0,0,0,0,0,0,0,0,0,0,0,0,0,0,0,0,0,0,0,0,0,0,0,0,0,0,0,0,0,0,0,0,0,0,0,0,0,0,0,0,0,0,0,0,0,0,0,0,0,0,0,0,0,0,0,0,0,0,0,0,0,0,0,0,0,0,0,0,0,0,0,0,2.82082,0,0,0,0,0,0,0,0,0,0,0,0,0,0,0,0,0,0,0,0,0,0,0,23.6298,0,0,0,0,0,0,0,0,0,0,0,0,0,0,0,0,0,0,0,0,0,0,0,0,0,0,76.8201,0,11.3658,0,0,0,0,0,27.1825,0,0,0,0,8.23537,0,0,0,0,0,8.67655,0,0,0,0,0,0,0,0,0,0,0,0,0,0,0,0,0,0,0,0,0,0,0,0,0,0,0,0,0,0,0,0,0,0,0,0,0,0,0,0,0,5.78437,0,0,0,0,0,0,0,0,0,0,10.5341,0,0,0,0,0,0,0,0,0,0,0,0,0,0,0,0,0,0,0,0,0,0,0,0,0,0,0,0,0,0,0,0,0,0,0,0,8.06451,0,0,0,0,0,0,0,0,0,0,10.2562,0,0,0,0,0,0,0,0,0,0,0,0,0,0,0,0,0,0,0,0,0,0,5.17589,13.5912,0,0,0,0,9.96691,0,0,0,0,0,12.2236,0,0,0,0,0,0,0,0,0,0,0,0,38.774,0,0,0,14.8362,0,0,0,0,0,0,0,0,0,0,0,0,0,0,0,0,0,0,0,0,0,0,12.8712,0,0,0,9.86572,0,0,0,0,12.0343,0,0,0,0,0,0,0,0,0,0,0,0,0,0,0,0,0,0,14.6315,13.5912,0,0,0,0,0,0,0,0,0,0,0,0,11.2669,0,9.4347,0,0,0,0,0,0,0,0,0,0,0,0,0,0,0,5.44411,0,0,7.91669,0,0,0,0,0,15.0371,0,0,0,0,5.29577,0,11.5344,0,0,0,30.1325,0,0,3.23386,0,0,0,0,4.97071,0,0,0,0,0,0,0,0,9.86572,0,4.01975,8.48711,0,8.97712,4.75195,3.71971,11.0743,9.8159,0,4.98985,0,0,4.62199,0,5.06132,10.6496,0,0,8.88479,11.1698,7.32033,4.10898,0,8.16617,9.21112,6.16021,0,0,0,0,16.264,0,4.18417,0,28.7933,8.20062,2.53892,8.6316,28.1674,13.4038,4.50417,0,0,9.48072,5.56094,0,0,0,13.2214,0,18.7556,8.6284,0,133.018,0,0,0,2.68261,12.4188,45.0243,21.1831,15.1249,30.2498,34.7062,12.8925,0,0,0,16.8358,85.1157,48.9713,10.6593,42.575,11.8419,0,158.657,116.01,8.02056,5.13487,65.4669,24.5783,26.383,0,0,32.8025,13.9824,169.866,0,15.0517,43.3828,50.9061,219.433,0,14.7798,11.106,408.571,893.134,8.92673,27.568,7.02911,9.25499,39.0383,13.2665,16.0348,162.116
TP10L2,67.80114203,0,0,0,0,0,0,0,0,0,0,0,0,0,0,0,0,0,0,0,0,0,0,0,0,0,0,0,0,0,0,0,0,0,0,0,0,0,0,0,0,0,0,0,0,0,0,0,0,0,0,0,0,0,0,0,0,0,0,0,0,0,0,0,0,0,0,0,0,0,0,0,0,0,0,0,0,0,0,0,0,0,6.50837,0,0,0,0,0,0,0,0,0,0,0,0,0,0,0,0,0,0,0,0,0,0,0,0,0,0,0,0,0,0,0,0,0,0,0,0,0,0,0,0,0,0,0,0,0,0,0,0,0,0,0,0,0,0,0,0,0,0,0,0,0,0,0,0,0,0,0,0,0,0,0,0,0,0,0,0,0,0,0,0,0,0,0,0,0,0,0,0,0,0,0,0,0,0,0,0,0,0,0,0,0,0,0,0,7.28055,0,0,0,0,0,0,0,0,0,0,0,0,0,0,0,0,0,0,0,0,0,0,0,0,0,0,13.3195,0,0,0,0,0,0,0,0,0,0,0,0,0,0,0,0,0,0,0,0,35.796,0,0,0,0,0,0,0,0,0,0,0,0,0,0,0,0,0,0,0,0,0,0,0,0,0,0,0,0,0,0,0,0,0,0,0,0,0,0,6.48381,0,0,0,0,0,0,0,0,0,0,0,0,0,0,0,0,0,0,0,0,0,0,0,0,0,0,0,0,0,0,0,0,0,0,0,0,0,0,0,0,0,0,0,12.0155,0,7.5031,0,10.4134,0,0,0,0,0,0,0,0,0,0,0,0,0,0,0,0,0,0,0,8.56963,0,0,0,0,0,0,0,0,0,8.20148,0,0,0,0,0,0,0,0,0,0,0,0,0,0,0,12.0576,0,0,11.3413,0,0,0,0,0,0,0,0,0,0,0,0,0,0,0,0,0,9.74871,0,0,0,0,0,0,0,0,12.0155,0,0,0,0,0,0,0,0,0,0,12.0576,0,0,0,0,0,0,0,0,0,0,5.81459,0,0,0,0,0,0,0,0,0,16.058,0,0,0,0,0,0,0,0,0,0,0,0,4.68177,0,0,0,0,0,0,0,0,0,0,0,0,2.294,0,0,5.48073,0,0,6.84546,8.6998,0,0,17.4438,0,0,0,0,0,0,0,0,0,0,0,4.29552,0,0,7.82784,0,0,0,19.3057,7.85467,4.93738,0,0,0,0,8.14317,0,0,0,0,0,7.18916,5.65201,0,0,0,0,4.48912,2.54361,0,0,3.98195,3.24191,15.5143,2.79384,0,4.3944,4.24774,6.41123,0,0,0,0,12.182,13.0662,5.28274,0,4.98755,7.11474,10.979,0,9.36354,3.34282,13.3713,10.2274,28.4944,0,0,0,27.4973,13.8914,43.2935,3.14115,15.0555,0,1.61281,30.0561,10.8404,0,0,28.9383,14.1806,7.77471,52.8045,8.76638,21.7495,15.4515,81.9242,19.2098,33.2664,28.1255,50.2884,60.9687,2.85254,6.53312,14.7275,50.1667,438.509,1.10E-05,21.3253,9.32121,16.3639,49.303,5.60202,15.0098,177.284
TP11L19,79.89964204,0,0,0,0,0,0,0,0,0,0,0,0,0,0,0,0,0,0,0,0,0,0,0,0,0,0,0,0,0,0,0,0,0,0,0,0,0,0,0,0,0,0,0,0,0,0,0,0,0,0,0,0,0,0,0,0,0,0,0,0,0,0,0,0,0,0,0,0,0,0,0,0,0,0,0,0,0,0,0,0,0,0,0,0,0,0,0,0,0,0,0,0,0,0,0,0,0,0,0,0,0,0,0,0,0,0,0,0,0,0,0,0,0,0,0,0,0,0,0,0,0,0,0,0,0,0,0,0,0,0,0,0,0,0,0,0,0,0,0,0,0,0,0,0,0,0,0,0,0,0,0,0,0,0,0,0,0,0,0,0,0,0,0,0,0,0,0,0,0,0,0,0,0,0,0,0,0.961914,0,0,0,0,0,0,0,0,0,0,0,0,0,0,0,0,0,0,0,0,0,0,0,0,0,0,0,0,0,0,0,0,0,0,0,6.3244,0,0,0,0,0,0,1.23664,0,0,0,0,0,0,0,0,0,0,0,0,0,0,0,1.88544,0,0,0,0,0,0,0,0,0,0,0,0,0,0,9.67709,0,0,0,0,0,0,0,0,0,0,0,0,0,0,0,0,0,0,0,0,0,0,0,0,0,0,0,0,0,0,0,0,0,0,0,5.5393,0,0,0,0,0,0,0,0,0,0,0,0,0,0,0,0,0,0,0,0,0,0,0,0,0,0,1.22252,3.56977,0,0,0,6.66555,0,0,0,0,0,6.41276,0,0,0,5.05156,0,0,0,0,0,0,7.31288,0,0,0,0,0,4.00598,0,2.17081,1.89657,0,0,0,0,0,0,0,0,2.76013,2.38338,0,0,3.69287,2.35197,0,0,0,0,2.32474,0,0,0,5.63648,10.6384,0,10.6033,11.1555,4.07715,0,0,0,0,9.94673,0,0,0,0,0,0,0,0,0,0,0,0,0,0,3.79684,0,4.34161,0,2.01555,0,0,0,0,0,1.68739,3.20638,3.53832,0,0,2.25301,0,0,0,0,0,0,0,1.51547,0,5.16526,0,0,2.33658,0,5.19869,23.2811,0,0,2.20054,2.17964,0,0,7.06109,0,2.01303,0,0,0,4.76676,0,5.48258,6.49049,4.11897,0,0,2.44133,4.76676,8.13365,3.86618,5.26687,0,11.5154,0,5.34575,0,7.93282,3.81567,1.07236,2.05422,0,0,0,4.24973,0,4.06683,0,3.14363,0,0,3.32243,14.0297,0,3.70992,0,3.07444,27.4598,8.11312,5.13873,14.4349,2.008,0,3.82021,7.31844,14.6416,4.40109,5.3636,6.01647,5.50765,23.0804,6.05046,0,16.7333,16.8739,11.4199,12.729,0,12.6687,0,10.4311,13.4427,2.6421,3.45833,1.64085,11.8992,3.38902,2.09849,11.8904,11.6406,8.30895,7.44564,0,0,7.83608,20.6832,4.10843,26.9778,0,0,0,15.502,3.56581,26.2299,0,19.0318,13.1403,6.99447,1.10862,0,6.2023,4.3771,23.4396,68.7563,47.8094,26.6401,4.91253,73.9185,5.97021,41.6931,85.6654,32.8869,26.4307,42.2273,1.22345,0,220.119,156.788,21.8829,23.9555,121.748,19.1236,65.4189,42.4682,12.2939,54.2244,8.66761,69.3174,0,10.8856,40.638,47.0165,215.05,0,12.2159,25.2434,21.1059,1886.57,0,11.3929,25.4177,1.91238,27.6568,24.6716,5.56016,185.763
TP11L11,86.50096368,0,0,0,0,0,0,0,0,0,0,0,0,0,0,0,0,0,0,0,0,0,0,0,0,0,0,0,0,0,0,0,0,0,0,0,0,0,0,0,0,0,0,0,0,0,0,0,0,0,0,0,0,0,0,0,0,0,0,0,0,0,0,0,0,0,0,0,0,0,0,0,0,0,0,0,0,0,0,0,0,0,0,0,0,0,0,0,0,0,0,0,0,0,0,0,0,0,0,0,0,0,0,0,0,0,0,0,0,0,0,0,0,0,0,0,0,0,0,0,0,0,0,0,0,0,0,0,0,0,0,0,0,0,0,0,0,0,0,0,0,0,0,0,0,0,0,0,0,0,0,0,0,0,0,0,0,0,0,0,0,0,0,0,0,0,0,0,0,0,0,0,0,0,0,0,0,0,0,0,0,0,0,0,0,0,0,0,0,0,0,0,0,0,0,5.36906,0,0,0,0,0,0,0,0,0,0,0,0,0,0,0,0,0,0,0,0,0,0,0,0,0,0,0,0,0,0,0,0,0,0,0,0,0,0,0,0,0,0,0,0,0,0,0,0,0,0,0,0,0,0,0,0,0,0,0,0,0,0,0,0,0,0,0,0,0,0,0,0,0,0,0,0,0,0,0,0,0,0,1.90681,0,0,0,0,0,0,0,0,0,0,0,0,0,0,0,0,0,0,0,0,0,0,2.6714,7.07186,0,0,0,0,0,0,0,0,0,0,0,0,0,0,0,7.64058,4.53362,0,0,0,0,0,0,0,0,0,0,0,0,0,0,0,0,0,0,0,0,0,0,5.44939,0,2.95298,0,0,0,0,0,0,0,2.60764,0,0,0,0,5.20287,0,3.19942,0,0,0,0,0,0,0,0,0,0,0,7.2119,7.58752,0,0,0,0,0,0,0,0,0,0,0,0,2.81987,0,0,0,5.06171,0,6.13822,0,0,0,0,0,0,0,0,0,6.58195,0,0,4.36169,0,0,0,3.0648,0,0,0,3.36704,0,0,1.89524,0,0,7.02639,2.93429,0,1.58924,4.21042,14.1437,0,6.00257,0,2.99343,2.965,0,0,0,0,0,0,4.43247,0,4.32286,4.2267,0,8.82911,0,0,5.95424,3.32098,0,0,0,0,0,0,0,0,6.83946,0,0,2.9175,2.79438,12.4691,0,0,5.78097,0,0,0,4.27633,0,0,0,0,19.3381,0,0,4.18221,24.9026,5.5182,0,2.80514,0,5.18436,2.59834,4.97769,2.84532,5.98686,7.29618,4.09215,4.99476,3.13966,4.11526,6.92983,5.69064,18.3631,15.5346,10.3893,0,3.4467,24.8319,14.1896,0,3.59409,4.70443,4.46416,0,23.0507,1.42731,8.08736,7.91741,7.53519,2.5321,6.18454,4.93274,7.10636,12.5048,8.38314,13.5056,4.07688,14.8653,0,10.5438,7.27593,11.0786,0,25.1945,19.2529,15.8578,1.79696,6.98149,25.3113,5.95424,8.50275,102.033,19.5108,10.8717,11.1376,27.0728,33.5584,15.6433,177.904,24.0889,17.977,33.5081,0,0,299.431,101.314,27.8624,23.4805,55.2052,23.4668,49.439,33.1216,11.149,7.71824,5.84209,91.8429,0,21.154,16.259,95.8947,176.226,0,4.15438,9.36517,31.9008,1328.81,0,25.1841,42.4791,13.0072,47.0274,32.0696,18.1057,140.847
TP11L2,99.78523624,0,0,0,0,0,0,0,0,0,0,0,0,0,0,0,0,0,0,0,0,0,0,0,0,0,0,0,0,0,0,0,0,0,0,0,0,0,0,0,0,0,0,0,0,0,0,0,0,0,0,0,0,0,0,0,0,0,0,0,0,0,0,0,0,0,0,0,0,0,0,0,0,0,0,0,0,0,0,0,0,0,0,0,0,0,0,0,0,0,0,0,0,0,0,0,0,0,0,0,0,0,0,0,0,0,0,0,0,0,0,0,0,0,0,0,0,0,0,0,0,0,0,0,0,0,0,0,0,0,0,0,0,0,0,0,0,0,0,0,0,0,0,0,0,4.64648,0,0,0,0,0,0,0,0,0,0,0,0,0,0,0,0,0,0,0,0,0,0,0,0,0,0,7.99195,0,0,0,0,0,0,0,0,0,0,0,0,0,0,0,18.8489,0,0,0,0,0,0,0,0,0,0,0,0,0,0,0,0,0,0,0,0,0,0,0,0,0,0,0,9.98994,0,0,0,0,0,0,0,0,0,0,0,0,0,0,0,0,0,0,0,0,0,4.79134,0,0,20.8124,0,0,0,0,5.4146,0,0,0,0,0,0,0,0,0,0,0,0,0,0,13.3645,0,0,0,0,0,0,0,0,4.20629,0,0,0,0,0,0,0,0,0,0,0,0,0,0,0,0,6.88961,0,5.28568,0,0,0,0,0,0,0,0,0,0,6.68223,0,0,0,0,0,0,0,0,0,0,0,0,0,0,0,0,0,6.98597,0,0,0,0,0,0,0,0,0,0,0,4.67913,0,11.2247,0,0,0,0,0,0,0,0,0,0,0,0,0,0,0,0,0,0,0,4.76847,0,0,0,0,4.75711,0,2.92531,0,0,0,0,0,10.1421,0,0,0,0,5.34936,6.59402,6.93746,10.1421,0,2.75584,4.26921,0,0,0,0,0,0,0,0,0,0,0,2.3928,2.83403,3.73456,0,0,13.2317,0,0,2.95779,0,13.9719,0,0,0,0,2.09873,3.988,0,0,1.53337,0,14.021,5.56543,0,0,0,11.4201,0,0,0,0,3.92532,0,1.45308,3.84969,0,0,0,0,0,0,0,0,4.39118,0,7.51123,0,0,3.03185,3.9525,3.86458,0,4.03634,2.56152,0,0,9.10937,5.92875,10.1164,4.80863,0,7.74414,7.16125,0,0,3.12674,0,0,1.33377,2.55497,0,3.18658,0,15.857,0,0,3.74155,3.90996,0,5.17614,0,13.0873,8.84065,0,4.88506,0,11.3845,35.318,0,0,0,4.74019,4.75146,9.10245,10.4062,0,0,3.74155,6.85024,5.74134,0,4.22408,13.0077,29.3822,18.9383,6.33277,2.12213,12.6056,0,6.48697,4.17989,0,2.15069,4.08169,22.1999,12.6455,2.61004,5.91558,0,6.88961,11.5758,13.1943,22.5507,0,8.57506,10.2199,14.5424,0,6.79588,0,9.64047,2.21752,0,7.59691,6.77885,8.17173,14.4992,1.37887,12.7667,30.857,2.72205,11.6614,62.1942,53.5175,0,12.2201,26.6233,4.87909,57.6343,160.956,47.1966,25.0481,13.1303,1.5217,3.72212,133.976,99.43,18.1966,15.8361,58.8881,13.3994,49.7237,31.9811,22.9361,33.7213,28.748,32.1629,0,21.2758,17.7214,48.7314,119.235,1.60709,3.79846,159.839,87.5031,777.829,5.62497,31.8828,26.1942,11.8928,14.3328,26.6921,17.0412,386.341
TP12L11,98.17866162,0,0,0,0,0,0,0,0,0,0,0,0,0,0,0,0,0,0.731577,0,0,0,0,0,3.10132,0,0,0,0,0,0,0,0,0,0,0,0,0,0,0,0,0,0,0,0,0,0,0,0,0,0,0,0,0,0,0,0,0,0,0,0,0,0,0,0,0,0,0,0,0,0,0,0,0,0,0,0,0,0,0,0,0,0,0,1.31477,0,3.70406,0,0,0,0,0,0,0,0,0,0,0,0,0,0,0,0,0,0,0,0,0,0,0,0,0,0,0,0,1.17114,0,0,0,0,0,0,0,0,0,0,0,0,0,0,0,0,0,0,0,0,0,0,0,0,0,0,4.12934,0,0,2.59284,0,0,0,0,0,0,0,0,0,0,0,0,0,0,0,1.17981,0,0,0,0,0,0,0,0,0,0,0,0,0,0,0,0,0,0,0,0,0,0,0,3.55071,3.72884,0,3.50605,0,0,0,0,0,0,0,0,0,0,0,0,0,0,0,0,0,0,0,0,0,0,3.60817,0,0,4.32141,0,0,0,0,3.72884,0,0,3.75395,0,0,0,0,0,0,0,0,0,0,6.46332,0,0,0,0,0,0,0,0,0,0,0,2.18185,0,15.8305,0,0,0,0,0,0,0,3.83135,0,0,0,0,0,3.72884,0,0,0,3.44112,0,0,0,0.842723,0,3.72884,4.03958,1.62763,4.20726,0,8.75594,0,0,0,0,0,6.44464,2.31312,0,0,0,3.84456,2.55716,5.89906,0,0,0,0,0,3.31822,0,0,0,5.37312,0,0,0,0,0,0,0,0,1.92893,6.68285,4.62624,0,0,0,0,4.95521,1.83074,2.96917,0,0,0,0,0,0,0,0,1.16502,3.23166,10.3234,7.01209,2.61106,0,3.13181,0,0,0,0,2.48312,0,1.24252,0,0,5.56071,0,0,1.31632,0,0,5.202,4.12934,0,0,3.99137,2.02713,0,8.27094,0,0,0,4.89717,3.6918,4.91155,4.68455,0,6.45397,5.65951,1.19755,0,19.5601,0,2.98507,3.67961,0,5.65951,2.28001,1.53782,4.76463,0,3.45177,0,0,1.73935,3.94663,0,4.19144,0,6.88224,0,8.01142,1.58145,2.08397,1.5659,2.29408,11.0754,0,6.02661,4.95155,0,0,3.91889,8.25869,3.3582,3.55071,0,4.45079,2.45578,2.46664,0.855658,4.69112,0,3.10563,9.69498,6.87164,18.345,3.75395,0.966976,0,3.65149,0,1.09521,0,0.810853,2.14821,3.60817,12.9266,0,5.29655,3.05458,1.51279,0.329383,2.60496,2.45038,2.27072,2.79429,1.12165,6.78452,3.38368,15.7437,4.31305,7.6104,38.2903,4.28817,3.14063,3.03794,16.9441,0,0,2.68333,0,12.9642,0,7.76409,3.71023,5.23438,13.7645,4.15241,2.23282,2.91373,7.95237,1.77819,2.81073,8.84859,4.44192,6.68609,2.08787,4.36369,0,17.3304,8.0708,2.43433,7.39993,7.72464,1.36299,2.44833,38.117,5.63092,0,14.3122,5.57461,1.32257,11.9314,0,11.6138,39.7096,5.58392,20.8787,5.09679,24.0285,8.39867,4.71426,21.7758,21.0805,32.4839,10.6015,2.3684,17.5855,8.87884,25.3392,41.9845,0,1.20013,45.5535,25.5887,18.8173,5.09762,14.8546,24.2375,7.68912,3.87575,5.25907,2.51676,13.5966,28.7105,11.4059,50.9915,4.16016,3.79225,0,28.2429,6.18714,7.24792,0,45.4196,18.24,38.8362,5.3861,14.2482,19.3712,4.55691,16.2683,39.044,39.8187,33.2813,18.1843,66.1771,20.3954,60.5149,65.1142,15.8021,38.7268,41.5196,0,1.58004,201.531,74.3648,28.4316,23.6248,63.3746,19.5398,75.6735,15.6194,4.26629,67.2647,0,66.982,8.30998,26.9826,61.3871,44.1322,179.826,0,4.23925,6.37099,26.042,1082.86,11.0952,11.3955,5.04034,5.30916,15.996,18.0007,6.82887,64.4647
TP12L19,97.78843331,0,0,0,0,0,0,0,0,0,0,0,0,0,0,0,0,0,0,0,0,0,0,0,0,0,0,0,0,0,0,0,0,0,0,0,0,0,0,0,0,0,0,0,0,0,0,0,0,0,0,0,0,0,0,0,0,0,0,0,0,0,0,0,0,0,0,0,0,0,0,0,0,0,0,0,0,0,0,0,0,0,0,0,0,0,0,0,0,0,0,0,0,0,0,0,0,0,0,0,0,0,0,0,0,0,0,0,0,0,0,0,0,0,0,0,0,0,0,0,0,0,0,0,0,0,0,0,0,0,0,0,0,0,0,0,0,0,0,0,0,0,0,0,0.861236,0,0,0,0,0,0,0,0,2.02679,0,0,0,0,0,0,0,0,0,0,0,0,0,0,0,0,0,0,0,0,0,0,0,0,0,0,0,0,0,0,0,0,0,0,0,0,0,0,0,3.91786,0,0,0,0,1.58555,0,0,0,0,0,0,0,2.83097,0,0,2.55116,0,0,0,3.45512,0,2.7511,2.194,0,0,0,0,0,0,2.32477,0,3.79093,0,0,0,3.03143,0,0,0,0,2.81282,2.6119,0,0,0,0,0,0,0,0,0,0,0,16.2518,0,0,1.3297,0,1.17013,0,0,0,0,0,0,0,0,0,18.4112,0,0,0,0,0,0,0.663341,0,2.93512,0,1.28117,0,3.02621,0,13.297,0,0,6.4293,0,0,1.82075,0,1.05608,1.40416,0,2.01284,0,0,1.87122,1.15171,0.874975,0,0,0,0,0,0,0,0,2.84013,0,0,0,0,6.91023,1.51834,0,0,0,0,4.37706,0,0,0,4.6743,0,9.10373,0,0,0,0,0,0,0,2.54377,0,5.5195,2.05527,0,0,0,0,0,0,5.86369,1.58986,3.99384,0,0,8.75411,0,0,1.03613,3.34962,0,1.8437,3.25037,0,0,0,0,4.52371,5.20831,0,0,0,0,2.90596,3.86608,1.8437,0,2.54009,0,0,1.70077,6.15859,0,2.34966,8.68911,9.14166,2.22741,3.58936,0,0,2.87738,8.15108,1.2257,2.03619,2.73822,0,7.02536,1.64962,0,0,4.86013,4.20407,2.48964,0,2.46517,5.41728,0,0,11.8595,5.19674,3.30339,3.06853,1.54235,0,0,3.72654,0,1.7517,1.93304,3.88318,0,2.46171,0,0,5.08753,2.70447,0,23.2573,0.761145,0,2.87424,5.64373,5.17249,1.48494,3.19127,1.69094,5.68026,10.1751,3.19503,4.16912,2.97943,2.38155,2.45826,4.10093,1.92879,3.57474,25.2942,1.76579,10.6807,1.33171,1.7361,1.69748,17.9713,12.4105,2.25026,7.41634,3.58692,14.6711,15.6249,0,16.8972,8.63213,23.8108,12.5821,11.0006,0.730116,2.74679,6.50074,7.29596,1.75754,5.61125,13.7712,2.79936,0.737479,4.64339,3.49641,0,1.59564,3.43483,0,22.7357,2.13565,1.91616,3.88318,2.02679,12.8743,3.83138,17.502,15.5131,9.8284,12.3923,6.582,6.24626,7.30464,5.73812,19.426,38.4701,8.79065,26.2951,6.01783,15.131,6.61092,6.49387,21.7115,11.0622,35.6783,9.73565,8.38916,38.7583,14.5663,36.1132,28.1375,2.88684,2.83401,15.7069,20.0143,3.70295,4.01254,8.44471,9.53913,13.6179,14.2368,14.9026,7.92415,12.1294,42.6873,26.934,58.2891,3.83381,41.7905,1.58536,10.5862,3.89611,21.2683,6.67376,28.599,17.9468,20.3797,6.66225,14.0192,16.9421,8.36948,17.9276,40.9774,36.5667,18.9201,15.2081,68.2506,26.5957,55.6944,145.923,58.046,31.2855,28.8368,0,0,179.102,101.05,37.5033,22.3376,72.0556,22.1851,105.233,27.9684,3.35816,49.9899,1.56895,59.6752,0.545093,18.6904,40.4845,4.28097,152.872,1.9944,8.3422,26.328,98.6499,1108.79,4.48572,3.11206,0,1.04476,15.1093,10.4833,10.8949,48.2472
TP13L19,97.04204252,0,0,0,0,0,0,0,0,0,0,0,0,0,0,0,0,0,0,0,0,0,0,0,0,0,0,0,0,0,0,0,0,0,0,0,0,0,0,0,0,0,0,0,0,0,0,0,0,0,0,0,0,0,0,0,0,0,0,0,2.66077,0,0,0,0,0,0,0,0,0,0,0,0,0,0,0,0,0,0,0,0,0,0,0,0,0,0,0,0,0,0,0,0,0,0,0,0,0,0,0,0,0,0,0,0,0,0,0,0,0,0,0,0,0,0,0,0,1.62732,0,0,0,0,0,0,0,0,0,1.16765,0,0,6.21441,0,0,0,1.84452,0,0,0,0,0,0,0,0,0,0,0,0,8.44329,0,0.632478,3.20397,0,6.61391,4.27689,0,0,0,0,2.33236,0,7.73773,0,2.85786,0,0,4.4198,0,0,0,0,0.984527,0,0,2.52302,14.6395,0,0,0,0,0,0,0,0,1.58282,0,0,0,0,5.82357,0,0,1.61315,0,2.06685,0,0,0,0,0,0,3.48101,0,0,2.37423,0,0,0,15.1795,0,2.69171,0,0,0,7.29093,0,0,0,7.08634,0,0,0,0,3.11767,0,0,0,1.87439,3.34277,0,1.59922,3.20397,0,0,0,2.96778,0,0,0,6.66149,2.4367,0,0,6.75874,3.63117,19.3916,0,0,0,0,0,1.40295,5.578,1.2346,0,0,0,0,9.32162,5.91031,0,0,0,0,1.29866,0,17.1472,2.77645,12.494,0,0,0,0,13.4195,5.40699,0,6.38585,0,3.50738,0.807982,0,20.3505,10.7253,16.0569,7.68421,0,0,2.96303,0,8.49493,0,0,5.92291,1.21515,2.76953,0,0,0,8.04738,12.4791,6.6936,0,0,5.99319,2.07147,2.07147,0,3.37937,0,0,8.3252,1.92105,0,14.065,0,2.81872,0,30.4088,0,3.23758,3.84211,1.31818,14.0295,0,0,18.8083,1.8482,0,26.8391,2.1434,8.73536,34.6959,7.19183,0,23.0159,0,6.68554,0,47.4316,0,0,0,0,0,2.96303,0,6.55925,7.0683,1.2248,0,17.1472,1.72109,7.52803,3.31485,1.68354,3.18195,13.7381,0,0,0,1.35571,12.2642,6.1186,0,0,0,0,4.97287,1.79447,9.74682,3.06605,7.43733,3.05593,3.2151,0,1.89355,2.55434,0,9.10768,0,0,0,1.44454,3.27769,0,1.7405,0,2.85786,0,66.5352,3.9402,0,16.9063,15.2419,0,7.68421,10.0102,71.9648,1.16179,3.23758,22.7825,0,5.578,1.96592,1.94527,3.6964,0,0,0,15.584,9.74682,5.15848,5.36781,24.2544,13.3432,16.1579,27.3046,5.24121,35.3801,5.95465,8.18618,7.83374,1.34683,3.5682,2.9966,10.7356,2.10298,4.3988,44.0687,0,1.29685,0,4.0701,3.77168,27.8481,8.38383,39.442,1.40508,18.1995,5.373,25.2818,56.118,3.56134,7.82491,3.78453,37.9948,0,4.68834,21.1709,18.2154,14.3558,9.95643,102.907,1.54068,7.24529,18.2903,15.3958,1.23625,1.18408,37.8166,45.7805,0,9.79839,3.68904,0,1.73399,0,2.35012,76.7625,1.91509,2.02172,4.09711,4.27689,16.9795,0.886074,55.3986,18.706,2.88457,9.50909,6.94461,32.1803,7.70706,4.21844,10.8509,39.034,3.09165,15.6059,1.05823,14.6342,15.694,3.91521,15.6736,44.7412,23.272,23.4789,18.6861,26.2887,16.4267,3.91698,32.7241,1.52294,0.996714,193.188,23.1671,9.76738,0.604799,6.16842,6.70977,6.38585,52.5741,13.9766,8.3607,9.78644,56.961,33.1541,41.1691,3.45503,25.1959,0,21.222,5.13844,6.16477,0,36.0499,17.042,24.1902,0.639025,17.7498,26.8132,2.52302,13.5109,100.881,19.2906,33.7825,26.4287,46.8664,19.3581,117.653,167.565,48.1201,9.31026,41.5814,0,0.422771,253.758,173.896,28.6723,13.8701,109.164,21.7381,188.541,3.41228,4.72422,58.6043,2.07937,164.737,0,14.3419,52.2968,41.4893,361.418,2.06203,1.76036,27.7784,35.1455,1302.81,8.49418,11.4923,5.44183,7.00817,18.5987,10.6846,10.879,106.199
TP13L2,96.53661856,0,0,0,0,0,0,0,0,0,0,0,0,0,0,0,0,0,0,0,0,0,0,0,0,0,0,0,0,0,0,0,0,0,0,0,1.4482,0,0,0,0,0,0,0,0,0,0,0,0,0,0,0,0,0,0,0,0,0,0,0,0,0,0,0,0,0,0,0,0,0,0,0,0,0,0,0,0,0,0,3.81955,0,0,0,0,0,0,0,0,0,0,0,0,0,0,0,0,0,0,0,0,0,0,0,0,0,0,0,0,0,0,0,0,0,0,0,0,0,0,0,0,0,0,0,0,0,0,0,0,0,0,0,0,0,0,1.90977,0,2.70058,0,0,0,0,0,0,0,0,0,3.93719,2.914,0.882787,0,0,0,0,2.2141,0,0,0,0,0,0,0,0,2.95897,2.98662,0,2.28808,0,0,0,1.93678,2.5484,0,0,0,0,0,0,0,0,0,0,3.61776,0,0,0,0,0,0,0,0,0,0,0,0,0,0,0,0,0,0,3.60416,0,0,0,0,0,0,0,0,2.78694,0,0,2.97735,3.77443,0,0,0,0,0,6.41275,0,0,6.45593,1.26981,0,2.07064,0,0,2.98662,0,0,3.28324,0,0,3.07278,4.27994,0,2.53626,2.29906,2.52291,0,32.9435,3.49893,0,0,0,0,9.72319,2.94986,0,0,0,3.83482,0,4.16829,0,3.34627,0,2.0398,0,0,0,0,0,2.45507,5.91794,0,1.43734,0,0,2.01833,0,6.94715,0,0,3.30588,2.5097,1.81573,0.836567,1.54381,7.02349,14.8063,5.54165,0,0,1.15368,1.53393,13.2235,0,0,0,0,3.77443,0.955839,0,0,2.39677,3.26739,0,1.15507,0,0,0,2.14476,0,0,3.49893,3.77443,0,3.83099,0,0,9.70842,0,1.45922,0,8.65827,2.55315,0,1.98902,2.57564,9.6839,2.90517,0,4.49393,3.82717,2.00357,19.452,0,3.0148,0,1.86156,8.07898,7.33236,0,6.13541,1.45479,8.54081,0,0,5.70658,2.54975,0,1.53393,2.5911,5.65942,14.6367,3.80439,2.01409,14.2031,7.12793,0,2.28808,0,23.0617,4.26724,0,1.14132,13.2235,1.40367,3.17452,2.11169,6.04227,0,4.16226,2.43327,4.11904,1.85796,13.4555,6.34905,5.13363,6.32809,3.32884,14.5996,1.96054,2.64471,10.2426,15.7165,2.96813,0,2.22438,2.99128,1.69683,2.06173,1.80208,19.8895,0,1.51694,11.4815,19.0381,1.79197,6.73249,11.8359,6.34905,15.9121,0,19.1599,2.40579,3.35212,37.0677,5.32615,11.5507,8.14188,3.02113,1.91359,14.7818,0,0.735768,8.06765,37.0027,13.3525,11.1154,5.90882,6.98087,6.45593,20.7872,4.06998,32.4453,6.16531,10.3593,1.62218,3.4862,7.38887,3.10261,19.452,0,2.27721,72.6024,3.90247,0,0,2.10705,7.81023,24.0277,4.82247,33.0588,4.36437,7.5862,14.8349,42.5365,87.1551,1.22911,16.2035,10.4491,50.995,5.68965,14.5626,39.225,12.5732,7.43183,17.1811,66.7623,0,1.50032,37.8748,9.10885,1.27998,4.98128,7.89059,25.9936,4.02818,5.07252,1.90977,0,15.2987,13.2374,2.43327,79.4782,11.8419,14.6527,4.24206,8.85641,15.2362,8.46768,49.1644,53.2615,7.0232,6.15344,4.79353,27.2755,10.2596,0,13.7315,28.7152,3.20102,28.7253,4.38266,19.2843,90.6478,5.06716,7.48989,50.3522,26.4218,31.9062,6.61879,19.658,28.5049,44.9667,24.0679,11.0377,5.15988,148.572,44.5056,24.271,5.00957,11.354,34.7357,13.2235,19.9962,20.8021,17.313,11.6915,53.49,33.1011,50.9572,6.26021,74.207,0,39.3197,3.19214,34.289,0,48.3065,13.5654,11.1316,1.9849,64.3221,25.911,9.14297,16.7867,29.843,71.3323,36.5676,39.3833,89.3812,18.173,65.3485,116.214,67.9398,35.9296,51.453,5.11115,0,187.269,92.6987,54.7136,56.0095,100.916,52.2765,197.381,44.5933,8.55988,80.8556,7.75931,238.481,2.38188,76.1025,73.4723,9.35322,347.918,0.775878,1.82264,32.8699,20.9936,1181.05,2.99542,5.94942,1.30023,6.85239,11.0038,8.50729,5.24923,109.956
TP13L11,97.92907567,0,0,0,0,0,0,0,0,0,0,0,0,0,5.2927,0,0,0,0,0,0,0,0,0,0,0,0,0,0,0,0,0,0,0,0,0,0,0,0,0,0,0,0,0,0,0,0,0,0,0,0,0,0,0,0,0,0,0,0,0,0,0,0,0,0,0,0,0,0,0,0,0,0,0,0,0,0,0,0,0,0,0.690011,0,0,0,1.71866,0,0,0,0,0,4.30261,0,0,0,0,0,0,0,0,0,0,0,0,0,0,0,0,0,0,0,0,0,0,0,0,0,0,0,1.52707,0,2.97609,1.5978,0,0,0,0,0,0,1.10631,0,0,0,0,0,0,2.62399,0,0,0,0,0,3.45006,0,0,0,0,0,0,0.636281,0,0,2.21789,2.15131,0,0,0,0,0,0,0,0,0,0,0,0,0,0,0,0,0,0,0,0,0,0,0,0,3.45006,0,0,3.51515,0,0,0,0,0,0,0,0,0,0,0,2.07928,0,2.28874,3.50194,0,0.841477,0,0,0,0,2.3885,0,0,0,3.05415,0,0,0,0,0,3.66738,0,0,0,0,3.29157,0,0,0,0,0,0,0,3.77132,0,5.80384,0,0,3.19012,0,0,0,0,0,2.46433,0,0,0,0,13.5988,0,4.87704,1.82293,0,0,0,0,0,0,2.48404,1.56821,0,0,0,0,1.98195,11.0895,0,3.11544,3.25705,0,0,2.87505,0,11.1726,0,0.704093,0,0,6.75011,5.43951,3.51515,0,0,0,0,0,10.2364,3.59659,5.38448,7.73042,3.66738,0,0,6.42424,2.1365,4.92865,0,0,1.22246,0,0,0,2.32879,0,10.0433,11.2231,0,0,9.04384,0,0,2.26646,0,0,0,6.5141,0,0,7.0748,2.32298,1.41783,8.28014,13.0014,1.24037,0,3.86521,4.12528,2.35231,0,0,16.0104,5.57794,0,32.4005,2.15629,0,13.0892,0,0,14.2488,0,0,1.41353,42.2471,3.37506,5.58457,0,4.61039,0,2.98085,1.2588,6.59869,0,1.23216,0,3.45006,0,0,0,0,0,2.76414,10.2364,0,0,0,3.08449,0,6.92664,0,2.69614,7.09276,5.00277,1.80526,13.0739,9.25347,0,3.07431,0,0,0,1.28485,1.99042,0,0,0,12.9677,4.35967,1.6487,2.00326,0,5.00218,8.62514,0,41.2767,0,6.9646,3.92492,0,0,11.5956,17.6233,52.4021,2.33756,0,22.9195,0,11.2231,0,2.93545,0,6.15539,4.12175,2.1447,2.61295,0,10.379,5.40009,8.61185,15.8267,42.4692,16.966,3.07576,18.3049,8.98568,0.915045,1.57617,1.35493,0,3.01461,43.2007,0,4.42525,24.8448,2.52786,4.97551,8.70575,2.04729,3.79436,1.16731,0.937138,9.44742,4.24059,11.9609,7.20708,43.2381,48.9281,2.3885,10.496,2.53819,8.49406,0,11.7913,2.24192,30.5415,7.22105,6.67753,48.9104,3.09989,7.28885,4.60008,5.53156,1.86552,3.57359,11.922,28.2277,2.34836,7.39298,0,0,0,0,11.8213,31.3723,3.85322,0,2.06087,6.45392,17.0816,1.7828,66.3473,11.7616,2.90192,8.37049,10.4795,2.21,9.96866,6.36571,18.7522,64.8651,6.22047,33.1438,1.06459,16.0606,5.2628,2.95407,10.9162,35.2254,73.7509,26.5726,1.97879,26.4468,11.783,34.0847,21.4366,13.7889,5.01354,133.714,12.2389,9.82611,2.43374,15.169,33.7506,25.697,39.9375,14.9394,0,16.6613,29.3181,25.0151,36.079,1.7379,22.1789,0,24.7206,3.10161,11.5342,0,46.4366,11.8155,25.6877,1.9286,14.8804,25.1761,5.07638,18.1229,57.9932,33.2684,23.172,19.9407,44.4563,14.8542,58.3271,85.0728,23.4713,28.0987,42.8518,0.709456,0.929345,154.8,141.83,45.8122,17.3167,103.938,9.28694,164.385,16.8816,11.8816,62.8871,0,177.106,4.05007,9.01758,64.4575,36.7799,201.328,1.45223,10.6257,9.31516,47.5957,1196.06,0.001031,7.43231,2.94783,6.65368,12.0282,6.80327,3.16243,148.336
TP14L11,98.36787428,0,0,0,0.361763,0,0,0,0,0,0,0,0,0,0,0,0,0,0,0,0,0,0,0,0,0,0,0,0,0,0,0,0,0,0,0,0,0,0,0,0,0,0,0,0,0,0,0,0,0,0,0,0,0,0,0,0,0,0,0,0,0,0,0,0,0,0,0,0,0,0,0,0,0,0,0,0,0,0,0,0,0,0,0,0,0,0,0,0,0,0,0,0,0,0,0,0,0,0,0,0,0,0,0,0,0,0,0,0,0,0,0,0,0,0,0,1.09196,0,0,0,0,0,0,0,0,0,0,1.64413,0,0.774225,0,3.77912,0,0,0,39.9587,1.83633,2.49769,0,9.44779,0,0,0,0.965774,0,0,0,0,0,0,0,0,1.55214,0,0,0,45.8142,0,1.64206,0,0,0,0,0,0,0,18.926,0,0,0,0.693139,0,0,0,0,0,0,0,0,0,1.46494,0,2.27936,1.11435,0,0,2.18026,0,2.04999,0,0,0,1.30119,0,2.60759,3.20343,2.45074,0,0,1.76783,0,0,0,3.34306,1.52312,0,2.10289,0,0,1.89505,2.46931,0,4.04905,2.56652,0,2.04357,3.25949,8.31502,2.30352,0,0,0,4.38988,0.86344,0,0,0,0,2.03083,1.1259,4.5114,2.23252,0,0,0,0,0,0,3.12661,3.43104,1.96948,0,7.13756,1.98056,5.11961,2.55146,1.76666,0,0,3.36922,0,17.6719,4.34598,0,2.83434,0,2.27538,4.37515,5.54806,5.17379,4.55575,0,6.83808,0,0,10.0601,0,2.93207,3.1995,0,0,0,14.1717,1.90335,0,2.24792,0,1.23465,1.70654,4.19902,7.16371,5.03396,0,2.70497,5.13305,1.56895,1.04304,4.49584,0,0,0,4.16992,1.71102,5.84953,1.72005,1.94017,3.25949,0,1.75713,1.57084,10.4464,0.79694,2.1097,0,0,0,7.13756,7.69957,0,5.86121,12.1724,1.61761,6.60149,1.62568,3.96893,0,12.8453,3.47216,6.83808,5.40994,7.26408,1.6462,0,0,2.53848,0,0,15.1165,0,0,7.63346,7.59492,1.83117,8.7252,2.39668,3.76377,0,14.6764,1.18097,0,5.82051,0,1.62568,3.12911,2.64283,5.38758,9.95263,0,7.33895,21.7299,1.21171,0,2.33376,0,3.36029,10.6393,4.7758,0,2.99723,0.954462,4.3172,3.57569,4.1086,3.97498,0.943411,8.27281,4.20127,0,4.57472,2.1586,1.74537,0,4.52706,4.96368,1.33312,2.69751,2.78589,12.8242,10.0913,6.15029,0,2.034,1.1538,0,0,12.4358,2.01203,2.06297,42.9393,1.84935,1.2185,18.3117,8.04811,8.6344,2.70497,0,27.5042,3.27176,6.83808,37.8077,2.41443,0,2.76814,5.47813,2.60238,11.4872,8.6535,3.00183,12.8002,11.4368,5.44761,9.44779,18.1196,11.8367,17.7836,22.0503,5.84248,87.5364,4.19226,12.167,1.10304,0.758903,1.25606,2.1097,1.88956,0,3.0969,42.9935,0,6.00082,0,2.86548,1.32769,21.2398,7.86999,25.1238,6.67756,4.51363,2.52185,68.5045,40.8259,0.835766,5.50899,6.217,37.6476,13.5409,4.95112,33.7323,10.6868,12.6337,7.00965,153.929,0.542344,0,3.21925,10.0649,4.78696,5.00177,20.3627,91.4944,0,6.89838,0,4.02627,10.7245,16.1969,3.30912,104.709,2.90141,15.6569,5.769,3.01107,25.5021,6.63876,9.28629,19.7545,19.8735,12.5526,3.25949,15.1917,3.87573,22.2744,3.3953,16.0331,1.35621,13.4286,5.21518,8.42971,49.1071,5.51287,9.33707,45.1946,13.5943,18.5961,16.2715,27.7622,2.40218,13.8318,10.1229,7.5054,7.71891,445.352,13.7693,13.7531,4.15317,7.72047,33.0673,15.7355,18.1292,22.1399,2.9431,6.35997,36.3719,86.6973,27.3128,3.04057,33.2601,0,73.9184,9.40584,18.7911,2.4787,15.0549,24.8856,14.1922,5.39874,14.5792,26.4283,7.10515,16.4877,45.6582,42.6837,28.1083,39.2069,76.8697,29.8343,233.295,66.8853,75.9691,30.3901,74.9718,0.496494,0.655658,155.847,72.6564,85.2476,45.132,89.207,18.4735,314.15,23.9993,5.82051,115.72,2.34495,390.334,1.61962,27.1361,120.291,9.53996,453.174,0,0,24.2133,10.4684,983.171,3.55653,2.88962,1.76826,6.61644,9.3529,14.101,2.01991,114.314
TP15L19,96.76078482,0,0,0,0,0,0,0,0,0,0,0,0,0,0,0,0,0,0,0,0,0,0,0,0,0,0,0,0,0,0,0,0,0,0,0,0,0,0,0,0,0,0,0,0,0,0,0,0,0,0,0,0,0,0,0,2.16446,0,0,0,0,0,0,0,0,0,0,0.749318,0,0,2.59014,0,0,0,0,0,0,0,0,0,0,0,0,0,0,0,0,0,0,0,0,0,0,0,0,0,0,0,0,0,0,0,0,0,0,0,0,0,0,2.44353,0,0,0,0,0,0,0,0,0,0,0,0,0,0.563892,1.5858,0,0,0,0,0,0,0,0,0,0,0,0,0,0,0,0,2.37628,0,0,0,0,0,0,0,0,0,0,3.7002,1.79456,0,3.58084,0,0,1.95729,0,0,0,0,0,0,0,0,0,0,1.56978,0,0.726888,0,0,0,0,0,0.465295,0,0,0,0,0,0,0,0,0,0,0,0,1.63473,0,0,0,0,5.72759,5.84243,0,0,0,0,0,0,5.97725,0,0,0,0,1.40769,0,0,0,0,0,0,0,0,3.9645,0,0,0.598185,0,18.3141,0,0,1.67828,9.43777,0,0,0,0,10.6444,8.07317,0,0,0,0,2.05567,1.86341,6.13455,2.34756,16.1807,5.67185,0.784986,0,6.08253,0,0,2.3909,3.89356,0,16.3834,2.07211,0,3.37845,0,1.3561,0,8.26641,74.0041,2.44781,0,2.71693,0,2.9848,7.19484,0,16.3097,0,0.587334,0,0,33.7845,6.80621,0,10.7178,0,10.3017,0.678048,0,28.4631,24.0013,15.7205,0,0,0,1.24327,0,0,2.05567,0,3.31361,1.01974,0,0,2.31263,0,1.61175,10.4723,6.55337,0,0,0,1.73835,0,0,0,0,1.34437,9.3152,6.44849,0,17.7048,5.81329,8.87035,0,42.1058,0,0,0,6.20209,0,0,0,24.2826,9.3059,0,45.046,0,0,40.035,15.0882,0,34.1721,0,0,0,89.6252,0,0,4.62526,0.37738,0,2.48654,0,22.9351,2.96581,1.02783,0,11.5117,2.88863,2.10581,5.56355,1.41281,6.67563,10.3759,0,0,1.78631,1.13769,10.292,0,0,7.1071,1.12452,3.94438,1.66926,1.5059,8.1794,0,4.16087,2.5645,8.09419,0,3.17809,2.14357,1.66035,7.64304,2.40571,2.24687,0,14.5468,9.62708,6.127,1.46061,16.858,0,0,111.671,0,1.45242,12.0049,7.99427,5.14598,6.44849,4.20023,131.712,0,5.43386,28.6782,0,7.02147,1.64977,2.44866,3.10197,15.4039,5.15736,0.596349,3.26946,5.45293,10.8223,2.2523,10.8619,5.65808,3.22899,21.5658,2.19918,32.2354,7.49559,16.7927,1.31479,2.26049,1.49719,0,9.00919,0.70512,7.38283,25.1303,0,0,1.81552,0,3.16514,11.6849,1.56347,22.0661,14.1495,41.1634,4.50895,41.9189,72.21,7.96967,15.322,2.11728,21.2565,2.30577,3.93439,18.7014,15.2861,15.059,16.7106,80.6316,0.646458,2.43206,19.1862,1.84571,5.70592,1.98732,8.79229,47.0935,5.87679,6.16701,0,2.30883,0,7.60316,0,68.4442,2.41068,6.7864,5.15736,5.38367,21.8484,4.01934,26.5656,9.81115,7.26208,9.97488,6.01755,3.17964,3.6958,5.31009,5.05887,25.0805,3.8917,8.73082,4.44024,18.9795,0.008386,9.03538,12.1413,27.7515,19.1263,35.712,7.84058,22.0612,5.70207,7.5686,3.25122,1.27803,4.18215,139.946,4.07794,13.1146,0.507539,5.75161,24.7884,14.737,19.8087,13.9281,8.77023,4.4222,15.5631,44.7147,20.1705,10.1479,5.28601,16.2141,28.1198,1.72484,2.98341,0,24.348,20.3053,23.6835,3.75383,7.44769,6.00033,4.23456,10.5823,12.0941,32.3768,41.2361,30.0995,58.781,19.7979,61.546,67.7502,40.3817,45.312,36.5968,1.77542,0.417657,99.679,83.7783,49.5382,40.6054,68.7069,21.0404,179.318,12.7354,2.97338,66.259,1.39756,194.977,0.482635,11.2833,77.473,7.5809,269.458,0,1.47727,18.871,14.7468,945.656,0,2.75547,0,6.47536,1.11484,11.0321,14.0801,77.336
TP15L2,93.83733563,0,0,0,0,0,0,0,0,0,0,0,0,0,0,0,0,0,0,0,0,0,0,0,0,0,0,0,0,0,0,0,0,0,0,0,0,0.150815,0,0,0,0,0,0,0,0,0,0,0,0,0,0,0,0,0,0,0,0,0,0,0,0,0,0,0,0,0,0,0,0,0,0,0,0,0,0,0,0,0,0,0,0,0,0,0,0,0,0,0,0,0,0,0,0,0,0,0,0,0,0,0,0,0,0,0,0,0,0,0,0,0,0,0,0,0,0,0,0,0,0,0,0,0,0,0,0,0,0,0,0,0,0,0,0,1.00704,0,0,0,0,0,0,0,0,0,0,0,0,1.15243,0,0,1.31193,0,0,0,0,0,0,0.544754,0,0,0,0,0.390071,0,3.05062,0,0,15.107,0.431341,0,0,0.118225,0,0,1.49861,0,0,0.302714,0,1.34929,0,0,8.83797,0.216039,1.32686,1.20748,0,0.267761,0,1.71251,0.177255,0.660538,0.756784,34.6989,3.53872,0.93157,0,0.70083,0,0,0,0,0,0.648118,1.47644,1.3541,0,0.41437,1.14477,0.367392,1.43617,0,19.2322,0.995142,1.95943,1.18856,1.57979,0,5.359,0.845371,0,0,0,1.33916,0.953834,0,0.767508,0,0,0.654834,0.437311,1.73127,0.656535,1.09898,3.24059,0,0.890021,2.67477,7.88,0.332587,0,10.1955,5.53502,0.129765,2.31592,1.23662,0,16.383,6.89614,0,0.191489,2.28403,1.34808,1.06383,3.63649,0.868612,3.52902,1.27231,0.8067,9.02736,2.84156,1.69074,3.53519,0,2.75097,3.51064,1.32636,1.51584,0,0,1.86249,0,2.74746,1.107,0.238458,0,0,1.43617,0.110282,0.610546,10.6477,2.43983,0.730538,2.35985,5.06001,0.912513,0.606638,2.17902,0,8.35866,1.19794,0.80842,4.47814,6.04824,2.33425,0,3.15957,0.581911,3.06589,1.06588,3.14854,0.309005,0.409006,1.41368,2.26189,2.15251,1.38376,3.98057,0.437311,1.64134,4.9819,1.55831,5.2976,8.50958,1.73127,0.842553,7.88597,11.2752,0.883797,0,0,0,0,0,5.72673,0.756784,0.660308,13.7163,0.585106,0.397431,8.58339,4.66267,0,6.04125,0,1.07288,0.19178,10.7335,0.915819,0,2.25684,4.92218,0,6.06638,14.6878,4.17795,0.964756,0.50152,6.38539,5.61702,1.8793,6.50753,7.23912,2.29787,2.17153,14.4384,9.72177,0,2.90536,1.66537,1.67395,2.50539,1.59306,1.70426,0,0.641538,5.97299,3.429,0,1.67395,2.87619,0,2.19415,0.320769,0.516904,1.56889,7.29133,10.3593,19.1727,5.40899,1.75939,3.74614,0.447373,7.35038,2.37562,8.31443,2.34043,0.599919,24.5198,13.8035,3.54345,7.63268,10.4019,6.69579,5.76852,0,23.1063,3.01289,7.07038,18.2134,0,2.28403,0.670823,1.99133,0.252261,5.01078,7.82904,1.06693,6.91296,17.2945,3.16838,5.86124,4.08943,10.4979,6.63868,11.1805,2.8615,27.0426,4.87651,22.0984,6.62923,3.03319,6.33132,5.31708,9.89084,0.22937,4.20276,24.5181,3.77263,17.0974,0.295287,0,7.20718,1.42537,7.77468,13.8432,10.1643,1.94584,2.20009,37.964,2.80851,10.6045,5.69613,2.75494,10.3719,6.47829,5.43927,3.49797,1.65748,6.85799,7.24777,49.9062,1.05144,9.69134,2.80851,6.15404,2.19356,1.29292,0.540869,30.2352,2.86751,3.67781,0,4.36563,24.8054,7.04017,0,66.4657,4.38286,5.24296,1.67765,1.16751,169.489,6.40704,5.40098,6.38298,11.3601,5.35384,3.31755,8.00349,6.61219,12.9816,7.89894,14.5575,1.68792,63.6648,12.855,9.44241,82.7162,7.88224,8.8863,39.5611,17.1059,146.412,3.82572,18.1401,4.21653,0.91297,7.40319,14.9664,7.89043,81.5075,8.07736,22.397,4.12746,8.13865,11.9056,15.0352,60.4166,43.161,10.841,13.9741,40.6812,41.6967,12.846,13.9116,10.317,0,19.9713,3.64701,2.26965,0,11.2632,26.5509,15.0412,13.3448,12.1134,7.80744,6.19862,12.2941,78.1903,5.6421,35.6304,77.0347,81.3404,25.6992,101.523,27.8384,85.5822,114.127,100.22,0,0,32.7933,22.0765,44.0764,73.1003,52.1496,33.6555,146.684,0.925531,0,74.5779,0,161.509,0.392494,13.458,86.3241,0,140.448,0,0,0,4.98152,652.138,0.096746,0,0.11427,0,0,0,0,0.359383
TP15L11,97.22995697,0,0,0,0,0,0,0,0,0,0,0,0,0,0,0,0,0,0,0,0,0,0,0,0,0,0,0,0,0,0,0,1.57821,0,0,0,0,0,0,0,0,0,0,0,0,0,0,0,0,0,0,0,0,0,0,0,0,0,0,0,0,0,0,0,0,0,0,0,0,0,0,0,0,0,0,0,0,0,0,0,0,0,0,0,0,0,0,0,0,0,0,0,0,0,0,0,0,0,0,0,0,0,0,0,0,0,0,0,0,0,0,0,1.38807,0,0,0,0.771923,0,0,0,0,0,0,0,0,0,0,0,0,0,0,0,0,0,0,0,0,0,0,0,0,5.63717,0,0,0,0,0,1.40072,0,0,0,0,1.09723,0,0,1.06184,0,0,1.1608,0,0,0,5.68936,0,0,0,0,0,0,0.930986,0,0.862186,1.84335,0,1.8215,0,0,1.1038,6.82723,1.63999,2.07118,0,6.44529,0,1.20955,0,3.08253,0.976352,0,0,0,0,0,0,1.84335,0,3.46495,0.851827,0.83259,2.67929,5.19742,0,0,3.54491,1.07672,0,0,10.5766,0,0,1.7456,0,1.43118,1.81432,7.14478,0,0,3.52682,6.51362,0,0.354764,0,24.8263,0,0,0,2.79861,0,1.43563,0,3.18919,7.89107,0,0,0,0.685771,0.54089,3.65745,3.31538,3.6382,0,0,3.36378,0.921035,7.2383,2.70551,0,21.4996,2.83593,0.90538,0,2.77613,1.2289,1.55164,5.00911,1.58364,1.60851,1.54644,3.92203,34.7457,3.05838,4.6238,11.2793,0,1.18012,18.4904,0,2.76365,2.26178,0.348328,2.91056,0,30.0547,3.36378,0,1.5891,0,5.2368,0.402128,3.71045,27.0088,10.6758,6.65951,0.956096,8.02088,0,0,4.76729,0,2.4383,1.45605,10.8086,0,1.37838,2.43186,0,1.1521,1.35342,16.148,6.66272,2.50481,0,4.47416,3.09287,3.09287,3.36378,6.72757,5.44297,0,3.22265,0,0,8.16676,10.343,3.50714,3.07226,10.594,0,1.61132,0,0,3.4912,1.48597,0,15.1213,5.51902,0,17.4918,0,0,36.6944,8.94832,0,34.3646,0,3.32735,0.699299,36.9492,1.6697,0,2.74309,3.6769,4.59689,0.737341,1.86826,8.70533,1.75893,0.609574,1.9363,3.41362,3.42631,2.49777,2.74963,0.837888,0.791818,4.10242,1.68805,0,4.23759,0,10.6817,1.01506,2.90444,1.40499,0,10.5268,2.47496,2.67929,4.85093,9.15573,2.46767,4.56276,12.8011,2.33928,2.82723,2.54256,0,7.55473,5.70698,7.65306,1.06923,16.5355,1.63129,0.99105,10.3948,3.36648,7.1117,0.729175,56.8459,1.96101,3.44552,23.9481,6.63759,1.52595,8.60487,7.47305,41.9564,0.578216,9.66794,48.5945,2.56021,16.6568,1.46764,3.38852,0,4.06025,4.07822,1.4147,1.29267,3.23395,8.9857,2.67153,7.86901,6.71124,8.96551,16.3871,7.60818,37.2293,2.96359,12.6753,5.45832,2.68124,0.887935,1.49139,5.34305,0,13.1355,54.703,4.37703,5.9813,0,2.02566,10.3243,10.3948,15.2995,28.0429,15.3846,16.8237,8.9137,59.7674,76.3409,4.2165,41.5404,3.76707,21.7112,2.73495,9.33343,19.4096,28.708,19.4396,14.8658,113.645,1.53357,4.32712,25.0332,15.3248,3.38399,0.591076,7.23141,48.5093,4.25985,6.09574,0.918005,0,11.0373,5.72868,0,85.9595,6.98061,6.03718,3.05866,3.19287,30.4221,7.57391,51.2043,24.4384,3.49467,25.4378,4.60838,5.46665,12.6032,0,7.2006,36.2781,10.0015,25.8898,5.7934,19.2016,44.2613,6.82002,21.6018,37.7578,9.03259,61.3477,11.5026,19.6256,29.921,18.649,13.4974,8.33754,9.92117,280.205,21.0339,24.3058,6.0201,11.2566,17.309,22.2474,26.6268,39.5625,7.28187,6.36931,28.3491,46.5553,46.5806,6.87818,9.40486,0,40.5805,7.67211,17.135,0,21.5448,22.5379,18.7278,5.7247,13.2509,20.4619,8.78983,17.0349,53.7944,26.0593,42.7976,55.4321,88.0645,20.6153,145.271,115.987,89.2647,86.7758,50.9799,0.350981,0.765089,173.318,65.0958,29.8272,50.0633,75.6745,15.0631,311.744,7.78012,1.17561,78.6449,5.3875,234.573,3.72105,17.6018,105.924,0,332.993,0.900782,0,7.24174,11.4369,1460.27,1.2935,1.63418,0.416671,3.2917,0.661174,1.20665,1.52398,41.4973
TP17L2,96.88651204,0,0,0,0,0,0,0,0,0,0,0,0,0,0,0,0,0,0,0,0,0,0,0,0,0,0,0,0,0,0,0,0,0,0,0,0,0,0,0,0,0,0,0,0,0,0,0,0,0,0,0,0,0,0,0,0,0,0,0,0,0,0,0,0,0,0,0,0,0,0,0,0,0,1.6443,0,0,0,0,0,0,0,0,0,0,0,0,0,0,0,0,0,0,0,0,0,0,0,0,0,0,0,0.770201,0,0,0,0,0,0,0,0,0,0,0,0,0.588978,0,0,0,0,0,0,0,0,0,0,0,0.70707,0,0,0,0,0,0,0,0,0,0,0,0,0,1.7147,0,1.66135,0,0,0,0,1.54891,0,1.94016,1.27724,0,0,0,0,0,2.41684,1.41236,1.57061,0,0,8.65288,0,0,0,0,3.26943,5.74102,0,0,0,0,0,0,0,0,0.335753,0,3.99079,0,0,3.92103,0,0,0,1.87527,1.18794,0,6.07812,0.393202,0,0,0,2.24283,1.37766,4.21584,0,0,2.55312,0,2.1483,0,2.87542,0,0,0,5.51515,1.01577,4.88988,0,0,0,0,0,1.7577,2.80353,0,13.8691,3.75055,0.431645,1.34785,0,3.71329,0,1.21103,2.27007,2.02421,0,2.90522,0,7.68091,0,1.62524,5.39141,1.66877,0,1.48335,0,2.95109,0,24.9203,4.09275,0.563822,1.46782,1.09727,0,6.44969,5.91597,1.61472,0.849556,3.37775,3.73805,0,3.65678,1.92683,1.95709,0,2.38599,15.5752,5.49521,0,5.88154,1.27148,0.717934,10.3835,0.84064,0.84064,0.687984,0,2.36087,3.75055,20.3155,0.81855,0,1.93347,0,9.5575,1.46782,3.61164,12.3232,6.49467,0,0,2.55421,0,12.5598,0,2.57205,1.48335,1.77158,0,0.735836,2.23612,8.87662,1.66877,2.80353,0.843447,4.53402,1.3511,0,0.68546,0,2.50875,3.76313,5.457,0,0,0,1.68044,5.81646,3.72971,1.41951,9.7879,2.13359,0,5.98455,0,15.6841,3.48988,0,2.83185,1.69911,1.43771,8.76104,12.3109,0.5859,30.8795,5.19173,7.05291,14.4444,3.26625,1.57502,12.8652,4.12284,5.26098,0,18.7318,2.03155,8.75037,10.0126,2.92955,2.79654,5.38278,1.51542,8.60589,0,0.741676,2.35591,2.07669,3.12662,1.51953,1.3382,1.01947,4.81707,9.98291,8.21548,0,3.86694,0,1.85665,1.23504,0,10.2568,0,0,2.40905,5.4332,0,1.85665,9.75795,1.85052,3.8938,0,4.58656,4.0627,3.59427,5.51515,5.2078,7.07038,13.0094,6.9979,2.9772,2.65269,4.21584,23.0542,15.5752,1.77439,46.3338,1.59066,1.04805,28.3503,8.07602,4.55182,6.97975,0,27.392,0.703522,0,28.5773,1.03835,8.44438,2.38092,6.47875,5.59588,14.8204,22.329,2.58192,14.9417,23.6087,39.0464,3.25047,13.0774,10.8875,9.43959,20.4247,2.11587,58.764,0,25.3365,2.84623,4.7509,3.24108,14.5167,1.62524,0,6.65922,34.8355,0.760796,14.513,5.24025,0,3.42591,44.0885,14.8305,46.6308,31.7656,9.73807,2.16908,97.5974,43.0441,7.99571,0,6.11124,47.7197,3.32764,2.83902,41.159,25.7374,2.17328,20.097,130.447,2.33239,3.5099,9.69123,11.9866,3.36873,7.88718,23.996,51.8676,8.95246,4.45005,12.2864,8.40522,13.7089,10.548,2.84623,90.0617,8.11778,13.4668,0,7.76961,44.5549,7.14339,11.1822,19.823,15.7207,17.9944,4.96723,33.7253,24.0017,17.0244,8.03096,10.7533,19.6575,64.0508,1.28161,28.1965,46.8839,14.2251,18.9823,25.915,16.3682,59.5362,41.986,26.5319,19.9233,10.0799,11.7303,7.78138,9.99633,274.059,17.0036,15.378,5.1273,7.05552,50.7886,24.1684,57.0954,42.8465,11.3913,2.27929,56.1509,33.6998,36.5511,5.23047,47.6791,1.97302,73.7238,3.7339,7.34936,2.13197,27.4649,47.4642,39.0623,15.0915,30.0018,18.4016,10.1235,11.4541,15.2722,10.0126,56.7216,55.4419,121.88,35.0203,144.552,64.4778,34.4371,108.393,63.8702,0,0.288122,67.0232,45.2116,93.1853,82.6876,53.1196,29.7036,290.502,35.3027,2.14556,73.1194,1.5127,246.647,4.87571,32.143,96.7887,8.20425,302.962,0,2.13197,7.20909,5.72985,656.159,2.00E-06,2.4854,0.760452,12.3494,9.65349,3.95372,2.2687,55.2735
TP17L11,97.82235376,0,0,0,0,0,0,0,0,0,0,0,0,0,0,0,0,0,0,0,0,0,0,0,0,0,0,0,0,0,0,0,0,0,0,0,0,0,0,0,0,0,0,0,0,0,0,0,0,0,0,0,0,0,0,0,0,0,0,0,0,0,0,0,0,0,0,0,0,0,0,0,0,0,0,0,0,0,0,0,0,0,0,0,0,0,0,0,0,0,0,0,0,0,0,0,0,0,0,0,0,0,0,0,0,0,0,0,0,0,0,0,0,0,0,0,0,0,0,0,0,0,0,0,0,0,0.306374,0,0,0,0,0,0,0,0,0,0,0,1.28279,0,0,9.06192,1.82916,0,0.484666,0,0,0,0,0,0,0,2.35178,0,0,1.13796,0,0,0,4.1502,0,0,0,0,0,0,0,1.43987,0,0,0,0,0,0,0,0,0,0.295733,0,0,0,0,13.8147,0,0,3.1457,0,1.04634,0,0,0,0,0,0,0,0,5.57001,0,0,1.91424,0,0,0,7.59807,0,0,3.18629,0,1.7894,1.43568,0,0,0,5.83316,0,0,0,1.25988,15.7063,0,0.380196,0,3.32575,1.30828,1.86368,3.20005,0.999746,0,0,3.41191,1.70891,3.3827,3.84837,2.86304,1.58293,0,0.579665,1.30655,4.7374,6.49835,1.49207,10.975,12.6172,3.00172,5.17146,1.93297,0,6.01064,3.54886,4.41833,0.748295,10.413,1.317,0,1.07364,1.69716,3.44764,3.31459,7.35558,25.4776,1.0183,1.65175,1.72683,4.58752,2.52945,4.57291,5.18309,3.70221,0.605981,0,0,0,25.0516,4.32591,0.931838,6.81206,0,0.935368,0,9.54347,39.7994,7.6274,5.70953,2.04927,3.88877,1.78294,7.90199,11.9211,2.26548,11.7589,1.56042,3.15911,5.83316,3.93918,2.6062,1.46986,2.46937,5.48026,2.6624,2.38012,4.03219,0.603758,1.5983,3.31459,4.41946,3.60492,1.80246,1.94439,0,3.45367,10.2464,3.42473,7.50189,2.46321,3.3827,1.0975,12.5699,0.657622,1.72683,1.02464,1.68888,2.49431,6.15377,0,12.3469,13.8009,0.516065,22.9043,0,3.10613,13.8794,15.3437,2.77458,24.5521,5.44714,9.49336,0.74943,37.873,2.6841,0,2.93973,1.3135,0,0.790199,2.00219,12.2448,9.42508,1.95982,0,25.6083,3.67193,5.35365,1.76805,0.897953,7.63723,33.7066,7.23625,0.587946,1.13534,0.723096,4.90604,2.17566,3.11265,6.02286,0,2.50698,6.89621,4.7856,0,0,19.8343,0,0,0,5.04984,24.5234,1.05529,3.23852,9.17414,8.06102,3.43764,12.3276,1.74823,6.92543,4.64168,15.3432,7.62152,0.390723,64.4698,0.700531,1.84626,54.1042,12.1944,9.81207,3.07391,2.66959,31.0728,0,0,92.8727,0,5.95029,1.57285,10.3755,9.85777,14.1418,33.8719,1.51612,23.5508,8.66446,35.7681,7.1576,27.5051,9.60673,2.98347,55.2557,4.19327,169.298,4.76406,19.4057,1.67132,4.66936,1.90318,1.5983,10.0206,0,5.86549,116.372,2.01034,8.46861,0,0,3.01756,47.0357,11.9245,58.1029,33.6918,15.3202,2.86581,162.924,72.834,7.97816,11.1296,4.03712,143.359,8.79302,5.00126,52.8939,40.4815,0,8.85079,319.851,0.821754,2.31866,9.75554,18.7696,3.29689,4.43395,63.1567,203.221,2.49012,9.14582,0,1.49763,7.95322,7.73189,0,116.432,3.34613,6.46997,0,3.42176,48.9044,8.50693,18.2916,11.2244,13.2067,17.7516,5.55609,26.6672,5.87247,0,10.289,39.427,1.649,47.1678,1.12886,19.1589,32.7389,12.0075,9.64598,39.4269,18.3054,57.9187,62.2907,24.9274,15.2431,14.2876,9.5704,3.24917,7.44267,733.923,18.594,31.2579,1.9355,8.40793,47.8817,26.3967,71.7633,32.0558,8.91873,7.62895,41.6861,59.9975,26.8491,6.91056,40.3163,0,70.8939,6.02954,4.27071,1.87785,17.1022,32.2044,12.1856,6.13509,18.9345,26.6959,10.7657,7.20634,19.2169,11.7589,36.8563,44.3027,44.4516,20.2832,208.865,55.3704,53.6651,38.684,80.0585,0.376142,0.253208,50.3953,40.0687,64.6529,62.1167,89.4173,28.8285,398.899,12.6728,6.29942,111.541,1.77653,472.341,0.920263,25.9186,153.968,4.81829,451.656,1.40748,2.81677,18.3439,5.76788,749.846,2.26238,2.18916,4.46541,11.1595,5.66857,6.51702,2.03729,58.984
TP17L19,96.61684579,0,0,0,0,0,0,0,0,0,0,0,0,0,0,0,0,0,0,0,0,0,0,0,0,0,0,0,0,0,0,0,0,0,0,0,0,0,0,0,0,0,0,0,0,0,0,0,0,0,0,0,0,0,0,0,0,0,0,0,0,0,0,0,0,0,0,0,0,0,0,0,2.75571,0,0,0,0,0,0,0,0,0,0,0,0,0,0,0,0,0,0,0,0,0,0,0,0,0,0,0,0,0,0,0,0,0,0,0,0,0,0,0,2.3905,0,0,0,0,0,0,0,0,0,0,0,0,0,0,0,0,0,0,0,0,0,0,0,0,0,0,0,0,9.70819,2.93943,0,0.778847,0,0,2.41229,0,0,0,0,1.88963,0,0,0,0,1.71044,0,2.22309,0,0.839836,4.89904,0,0,0,0,0,0,1.60332,1.26578,0,3.17458,0,6.27387,0,0,0,0,16.9462,0,0,0,0,0,0,0,0,0,0,0,0,0,0,0,0,2.98363,0,0,1.53807,2.98363,0,0,12.2099,1.85431,0,2.56014,0,0,4.61421,0,0,0,0,0,0,0,0,8.4132,0,0,0,0,1.05119,0,0,6.42628,5.73029,2.47241,0,2.74618,8.15389,4.12283,4.60084,5.08747,2.36204,1.86302,2.09959,0,10.4427,0,0,2.89651,3.99382,2.07761,1.55312,0,0,2.44198,2.54202,1.20249,4.78099,1.05819,0,0,0,4.15521,0,1.68861,31.4938,0,0,8.32495,0,3.04857,4.89904,1.18987,2.37975,0,0,3.34166,0,20.1287,1.15861,0,2.73671,0,12.0249,0,2.55602,26.1641,12.2571,2.29377,4.9397,0,0,2.53966,2.73671,1.82029,0,2.50757,1.69221,1.04153,2.37381,4.1881,2.36204,1.98411,0,4.27841,2.8686,0,0.970226,0,1.77549,1.77549,0,11.5861,0,4.11927,3.96426,11.526,5.90803,8.03691,1.97916,3.01996,1.76365,21.5027,0,8.32495,3.29313,6.49104,0,8.23245,0,28.5216,11.0889,0,27.605,0,0,26.0211,10.7874,0,18.2098,0,9.98947,1.20432,24.9418,1.43776,4.84033,2.36204,2.11076,3.95833,2.53966,2.14499,11.2441,3.02918,2.09959,1.66732,17.6366,1.47518,4.3016,0,4.32897,0,24.7278,2.90712,0,3.64894,0,21.0237,1.74812,0,4.8393,2.29709,4.02865,2.5574,4.61421,0,0,3.18733,0,5.51142,0,9.73798,13.1362,5.08747,0,4.91421,7.24322,3.68281,8.66695,8.42809,3.41353,0,14.0043,7.34856,0,61.7807,2.25148,1.48345,60.1922,16.3301,2.62796,1.64657,4.28997,34.6596,0,0,27.8961,0,9.56199,0,2.50098,0,6.99247,15.8027,1.82727,12.2442,22.2778,19.8964,4.60084,2.44575,9.63161,8.8381,35.1049,3.36925,54.5848,5.10383,8.57573,5.37154,9.23514,0,12.8422,9.20168,0,7.54057,34.1961,2.15372,5.30767,0,3.48855,4.84915,26.8526,9.58123,64.3931,22.6633,14.9152,0,89.1615,22.4465,5.08747,4.47124,1.08126,47.0397,7.06509,10.0461,42.0221,44.2359,3.07614,14.223,143.987,0,0,19.5962,10.3683,4.23842,7.10424,19.5344,58.2259,4.00157,16.7967,1.58097,8.95649,3.24626,7.76561,4.02865,154.206,10.6695,17.3285,7.02341,3.6658,47.5411,4.96803,2.2611,10.0208,14.9994,10.188,4.96028,9.82521,18.8738,5.42354,8.26713,40.3933,5.2998,37.1557,0,22.8059,49.3226,5.87264,20.6678,15.0059,18.1624,69.1767,27.8176,21.2807,21.0933,8.8892,10.8757,9.69252,3.90817,342.545,10.8103,13.3949,1.55515,7.63685,40.1623,25.9987,83.6868,26.2053,10.7491,7.74288,30.6558,60.8935,19.9114,6.66306,10.7979,0,65.0999,6.16594,12.7166,0,13.0521,48.4945,31.1007,4.38175,12.678,27.5784,4.32504,4.63217,0,16.5343,51.3303,32.3607,71.2056,9.16997,260.677,103.971,78.7396,47.8799,99.097,0.604452,0,69.415,51.8272,65.1991,61.7132,95.2374,26.0178,299.861,6.48629,3.03691,128.005,1.42742,349.452,0.492947,23.0487,136.408,12.5838,410.903,0.571754,0,23.8093,19.6963,1055.63,0.515438,5.62869,7.5346,10.8243,11.3866,8.93866,5.89365,85.7588
